CRASH_ID,SER_NO,CRASH_DT,CRASH_MO_NO,CRASH_DAY_NO,CRASH_YR_NO,CRASH_WK_DAY_CD,CRASH_HR_NO,CRASH_HR_SHORT_DESC,CNTY_ID,CNTY_NM,CITY_SECT_ID,CITY_SECT_NM,URB_AREA_CD,URB_AREA_SHORT_NM,FC_CD,FC_SHORT_DESC,NHS_FLG,HWY_NO,HWY_SFX_NO,HWY_MED_NM,RDWY_NO,HWY_COMPNT_CD,HWY_COMPNT_SHORT_DESC,MLGE_TYP_CD,MLGE_TYP_SHORT_DESC,RD_CON_NO,LRS_VAL,LAT_DEG_NO,LAT_MINUTE_NO,LAT_SEC_NO,LONGTD_DEG_NO,LONGTD_MINUTE_NO,LONGTD_SEC_NO,LAT_DD,LONGTD_DD,SPECL_JRSDCT_ID,SPECL_JRSDCT_SHORT_DESC,JRSDCT_GRP_CD,JRSDCT_GRP_LONG_DESC,AGY_ST_NO,ST_FULL_NM,RECRE_RD_NM,ISECT_AGY_ST_NO,ISECT_ST_FULL_NM,ISECT_RECRE_RD_NM,ISECT_SEQ_NO,FROM_ISECT_DSTNC_QTY,CMPSS_DIR_CD,MP_NO,POST_SPEED_LMT_VAL,RD_CHAR_CD,RD_CHAR_SHORT_DESC,OFF_RDWY_FLG,ISECT_TYP_CD,ISECT_TYP_SHORT_DESC,ISECT_REL_FLG,RNDABT_FLG,DRVWY_REL_FLG,LN_QTY,TURNG_LEG_QTY,MEDN_TYP_CD,MEDN_TYP_SHORT_DESC,IMPCT_LOC_CD,CRASH_TYP_CD,CRASH_TYP_SHORT_DESC,COLLIS_TYP_CD,COLLIS_TYP_SHORT_DESC,CRASH_SVRTY_CD,CRASH_SVRTY_SHORT_DESC,WTHR_COND_CD,WTHR_COND_SHORT_DESC,RD_SURF_COND_CD,RD_SURF_SHORT_DESC,LGT_COND_CD,LGT_COND_SHORT_DESC,TRAF_CNTL_DEVICE_CD,TRAF_CNTL_DEVICE_SHORT_DESC,TRAF_CNTL_FUNC_FLG,INVSTG_AGY_CD,INVSTG_AGY_SHORT_DESC,CRASH_EVNT_1_CD,CRASH_EVNT_1_SHORT_DESC,CRASH_EVNT_2_CD,CRASH_EVNT_2_SHORT_DESC,CRASH_EVNT_3_CD,CRASH_EVNT_3_SHORT_DESC,CRASH_CAUSE_1_CD,CRASH_CAUSE_1_SHORT_DESC,CRASH_CAUSE_2_CD,CRASH_CAUSE_2_SHORT_DESC,CRASH_CAUSE_3_CD,CRASH_CAUSE_3_SHORT_DESC,SCHL_ZONE_IND,WRK_ZONE_IND,ALCHL_INVLV_FLG,DRUG_INVLV_FLG,MJ_INVLV_FLG,CRASH_SPEED_INVLV_FLG,CRASH_HIT_RUN_FLG,POP_RNG_CD,POP_RNG_MED_DESC,RD_CNTL_CD,RD_CNTL_MED_DESC,RTE_TYP_CD,RTE_ID,RTE_NM,REG_ID,DIST_ID,SEG_MRK_ID,SEG_PT_LRS_MEAS,UNLOCT_FLG,CRASH_LAST_UD_DT,TOT_VHCL_CNT,TOT_FATAL_CNT,TOT_INJ_LVL_A_CNT,TOT_INJ_LVL_B_CNT,TOT_INJ_LVL_C_CNT,TOT_INJ_CNT,TOT_UNINJD_AGE00_04_CNT,TOT_UNINJD_PER_CNT,TOT_PED_CNT,TOT_PED_FATAL_CNT,TOT_PED_INJ_LVL_A_CNT,TOT_PED_INJ_CNT,TOT_PEDCYCL_CNT,TOT_PEDCYCL_FATAL_CNT,TOT_PEDCYCL_INJ_LVL_A_CNT,TOT_PEDCYCL_INJ_CNT,TOT_UNKNWN_CNT,TOT_UNKNWN_FATAL_CNT,TOT_UNKNWN_INJ_CNT,TOT_OCCUP_CNT,TOT_PER_INVLV_CNT,TOT_SFTY_EQUIP_USED_QTY,TOT_SFTY_EQUIP_UNUSED_QTY,TOT_SFTY_EQUIP_USE_UNKNWN_QTY,TOT_PSNGR_VHCL_OCC_UNRESTRND_FATAL_CNT,TOT_MCYCLST_FATAL_CNT,TOT_MCYCLST_INJ_LVL_A_CNT,TOT_MCYCLST_INJ_CNT,TOT_MCYCLST_UNHELMTD_FATAL_CNT,TOT_ALCHL_IMPAIRED_DRVR_INV_FATAL_CNT,TOT_DRVR_AGE_01_20_CNT,LANE_RDWY_DPRT_CRASH_FLG
1776167,00184,01/09/18 00:00:00,01,09,2018,3,17,5P ,26,Multnomah,245,Portland SE,57,PORTLAND UA    ,19,U LOCAL ,0,,,,,,,,,,,45,30,9.550000000000000,-122,37,4.800000000000000,45.502652777777000,-122.617999999999667,,,,,02303  ,SE TAGGART ST               ,,05043  ,SE 43RD AVE                 ,,1,0,9,,,1,INTER   ,0,1,CROSS  ,0,0,0,,0,,,01,B,ANGL-OTH  ,1,ANGL    ,4,INJ,3,RAIN,2,WET ,2,DLIT,000,NONE      ,1,0,NONE  ,082,VEH HID   ,,,,,02,NO-YIELD,,,,,,,0,0,0,0,0,9,"Over 200,000",1,PORTLAND CITY STREET,,,,1,02B,58_198406,,0,10/30/19 17:21:03,2,0,0,0,1,1,0,2,0,0,0,0,0,0,0,0,0,0,0,3,3,3,0,0,0,0,0,0,0,0,0,N
1776259,00188,01/09/18 00:00:00,01,09,2018,3,16,4P ,26,Multnomah,245,Portland SE,57,PORTLAND UA    ,14,U PR-ART,1,026,  ,MT. HOOD,1,0,MN,0,R,,002600100S00,45,29,48.390000000000000,-122,37,49.660000000000000,45.496774999999333,-122.630461111110667,,,,,01940  ,SE POWELL BLVD              ,,06033  ,SE 33RD PL                  ,,1,,5,2.52999997e+00,35,1,INTER   ,0,3,3-LEG  ,0,0,0,,0,,,06,3,PED       ,0,PED     ,4,INJ,1,CLR ,2,WET ,1,DAY ,004,STOP SIGN ,1,0,NONE  ,,,,,,,02,NO-YIELD,,,,,,,0,0,0,0,0,9,"Over 200,000",2,PORTLAND HWY SYSTEM,US,26   ,US 26     ,1,02B,293_15986,,0,10/30/19 17:21:03,1,0,0,0,1,1,0,1,1,0,0,1,0,0,0,0,0,0,0,1,2,0,0,1,0,0,0,0,0,0,0,N
1776299,01899,01/10/18 00:00:00,01,10,2018,4,07,7A ,26,Multnomah,245,Portland SE,57,PORTLAND UA    ,17,U MJ-COL,0,,,,,,,,,,,45,31,3.570000000000000,-122,29,4.500000000000000,45.517658333332667,-122.484583333333333,,,,,00113  ,SE ALDER ST                 ,,05174  ,SE 174TH AVE                ,,1,0,1,,,1,INTER   ,0,1,CROSS  ,0,0,0,,0,,,06,3,PED       ,0,PED     ,4,INJ,3,RAIN,2,WET ,2,DLIT,099,UNKNOWN   ,1,5,NO RPT,,,,,,,02,NO-YIELD,19,NT VISBL,,,,,0,0,0,0,0,9,"Over 200,000",1,PORTLAND CITY STREET,,,,1,02B,58_192775,,0,10/30/19 17:21:03,1,0,0,1,0,1,0,1,1,0,0,1,0,0,0,0,0,0,0,1,2,0,0,1,0,0,0,0,0,0,0,N
1776319,00193,01/09/18 00:00:00,01,09,2018,3,08,8A ,26,Multnomah,245,Portland SE,57,PORTLAND UA    ,17,U MJ-COL,0,064,  ,EAST PORTLAND FREEWAY,1,6,CN,0,R,4,0064BV100S00,45,30,16.100000000000000,-122,34,7.080000000000000,45.504472222222000,-122.568633333332667,,,,,00614  ,SE DIVISION ST              ,,05092  ,SE 92ND AVE                 ,,1,,3,1.98799992e+01,,1,INTER   ,0,1,CROSS  ,0,0,0,,0,,,06,E,S-1STOP   ,3,REAR    ,4,INJ,3,RAIN,2,WET ,1,DAY ,001,TRF SIGNAL,1,0,NONE  ,013,FORCED    ,,,,,29,F AVOID ,,,,,,,0,0,0,0,0,9,"Over 200,000",2,PORTLAND HWY SYSTEM,IS,205  ,I-205     ,1,02B,293_6130,,0,10/30/19 17:21:03,3,0,0,0,1,1,0,3,0,0,0,0,0,0,0,0,0,0,0,4,4,3,0,1,0,0,0,0,0,0,0,N
1776410,00197,01/09/18 00:00:00,01,09,2018,3,10,10A,26,Multnomah,245,Portland SE,57,PORTLAND UA    ,14,U PR-ART,1,064,  ,EAST PORTLAND FREEWAY,1,6,CN,0,R,4,0064BV100S00,45,30,15.750000000000000,-122,33,47.670000000000000,45.504375000000000,-122.563241666666000,,,,,00159  ,SE 96TH DR                  ,,00614  ,SE DIVISION ST              ,,1,,9,1.96200008e+01,35,1,INTER   ,0,1,CROSS  ,0,0,0,,0,,,01,D,S-1TURN   ,6,TURN    ,4,INJ,3,RAIN,2,WET ,1,DAY ,001,TRF SIGNAL,1,3,CITY  ,,,,,,,14,DIS TCD ,27,INATTENT,,,0,0,0,0,0,0,0,9,"Over 200,000",2,PORTLAND HWY SYSTEM,IS,205  ,I-205     ,1,02B,293_6127,,0,10/30/19 17:21:03,2,0,0,0,2,2,0,0,0,0,0,0,0,0,0,0,0,0,0,2,2,2,0,0,0,0,0,0,0,0,0,N
1776548,00218,01/11/18 00:00:00,01,11,2018,5,15,3P ,26,Multnomah,245,Portland SE,57,PORTLAND UA    ,19,U LOCAL ,0,,,,,,,,,,,45,31,1.130000000000000,-122,37,18.270000000000000,45.516980555554667,-122.621741666666667,,,,,01916  ,SE PEACOCK LN               ,,00226  ,SE BELMONT ST               ,,1,130,1,,,2,ALLEY   ,0,,,0,0,0,2,,0,NONE ,07,B,ANGL-OTH  ,-,BACK    ,4,INJ,3,RAIN,2,WET ,1,DAY ,099,UNKNOWN   ,1,0,NONE  ,,,,,,,02,NO-YIELD,40,VIEW OBS,,,,,0,0,0,0,0,9,"Over 200,000",1,PORTLAND CITY STREET,,,,1,02B,58_116102,,0,10/30/19 17:21:03,2,0,0,0,1,1,0,1,0,0,0,0,0,0,0,0,0,0,0,2,2,1,0,1,0,0,0,0,0,0,0,N
1776597,00220,01/11/18 00:00:00,01,11,2018,5,15,3P ,26,Multnomah,245,Portland SE,57,PORTLAND UA    ,17,U MJ-COL,0,,,,,,,,,,,45,28,13.380000000000000,-122,32,53.150000000000000,45.470383333332667,-122.548097222221333,,,,,01319  ,SE KNAPP ST                 ,,05112  ,SE 112TH AVE                ,,1,0,7,,,1,INTER   ,0,1,CROSS  ,0,0,0,,0,,,06,A,ANGL-STP  ,6,TURN    ,4,INJ,3,RAIN,2,WET ,1,DAY ,004,STOP SIGN ,1,0,NONE  ,,,,,,,01,TOO-FAST,08,IMP-TURN,,,,,0,0,0,1,0,9,"Over 200,000",1,PORTLAND CITY STREET,,,,1,02C,58_129530,,0,10/30/19 17:21:03,2,0,0,1,0,1,1,2,0,0,0,0,0,0,0,0,0,0,0,3,3,2,0,1,0,0,0,0,0,0,0,N
1776631,00224,01/11/18 00:00:00,01,11,2018,5,17,5P ,26,Multnomah,245,Portland SE,57,PORTLAND UA    ,14,U PR-ART,1,,,,,,,,,,,45,31,2.020000000000000,-122,39,38.700000000000000,45.517227777777667,-122.660750000000000,,,,,00929  ,SE GRAND AVE                ,,01591  ,SE MORRISON ST              ,,1,0,9,,,1,INTER   ,0,5,5-LEG  ,0,0,0,,1,,,02,B,ANGL-OTH  ,1,ANGL    ,4,INJ,3,RAIN,2,WET ,5,DUSK,001,TRF SIGNAL,1,5,NO RPT,,,,,,,04,DIS SIG ,,,,,,,0,0,0,0,0,9,"Over 200,000",1,PORTLAND CITY STREET,,,,1,02B,58_160712,,0,10/30/19 17:21:03,2,0,0,0,1,1,0,1,0,0,0,0,0,0,0,0,0,0,0,2,2,2,0,0,0,0,0,0,0,0,0,N
1776632,00225,01/11/18 00:00:00,01,11,2018,5,10,10A,26,Multnomah,245,Portland SE,57,PORTLAND UA    ,14,U PR-ART,1,026,  ,MT. HOOD,1,0,MN,0,R,,002600100S00,45,30,5.580000000000000,-122,39,31.750000000000000,45.501550000000000,-122.658819444444000,,,,,01940  ,SE POWELL BLVD              ,,05007  ,SE 7TH AVE                  ,,1,,3,1.10000002e+00,35,1,INTER   ,0,1,CROSS  ,0,0,0,,0,,,06,C,S-STRGHT  ,5,SS-O    ,4,INJ,3,RAIN,2,WET ,1,DAY ,099,UNKNOWN   ,1,0,NONE  ,,,,,,,13,IMP LN C,,,,,,,0,0,0,0,0,9,"Over 200,000",2,PORTLAND HWY SYSTEM,US,26   ,US 26     ,1,02B,293_6797,,0,10/30/19 17:21:03,2,0,0,0,1,1,0,1,0,0,0,0,0,0,0,0,0,0,0,2,2,2,0,0,0,0,0,0,0,0,0,N
1776637,00226,01/11/18 00:00:00,01,11,2018,5,12,12P,26,Multnomah,245,Portland SE,57,PORTLAND UA    ,11,U INTRST,1,064,  ,EAST PORTLAND FREEWAY,1,0,MN,0,R,,006400100S00,45,30,59.580000000000000,-122,33,54.860000000000000,45.516550000000000,-122.565238888888000,,,,,00745  ,EAST PORTLAND FY            ,,09723  ,NB EX WASH-STARK C1         ,,1,,1,2.04500008e+01,55,3,STRGHT  ,0,,,0,0,0,6,,2,DIVMD,03,E,S-1STOP   ,3,REAR    ,4,INJ,2,CLD ,2,WET ,1,DAY ,017,MEDIAN BAR,1,3,CITY  ,013,FORCED    ,,,,,29,F AVOID ,,,,,0,0,0,0,0,0,0,9,"Over 200,000",2,PORTLAND HWY SYSTEM,IS,205  ,I-205     ,1,02B,293_5710,,0,10/30/19 17:21:03,5,0,0,0,1,1,0,5,0,0,0,0,0,0,0,0,0,0,0,6,6,6,0,0,0,0,0,0,0,0,0,N
1776657,00231,01/11/18 00:00:00,01,11,2018,5,11,11A,26,Multnomah,245,Portland SE,57,PORTLAND UA    ,14,U PR-ART,1,026,  ,MT. HOOD,1,0,MN,0,R,,002600100S00,45,29,50.700000000000000,-122,34,45.740000000000000,45.497416666666333,-122.579372222221667,,,,,01940  ,SE POWELL BLVD              ,,05082  ,SE 82ND AVE                 ,,1,,7,5.01000023e+00,35,2,ALLEY   ,0,,,0,0,0,5,,0,NONE ,06,B,ANGL-OTH  ,6,TURN    ,4,INJ,3,RAIN,2,WET ,1,DAY ,099,UNKNOWN   ,1,0,NONE  ,,,,,,,02,NO-YIELD,,,,,,,0,0,0,0,0,9,"Over 200,000",2,PORTLAND HWY SYSTEM,US,26   ,US 26     ,1,02B,293_21461,,0,10/30/19 17:21:03,2,0,0,0,1,1,0,1,0,0,0,0,0,0,0,0,0,0,0,2,2,1,0,1,0,0,0,0,0,0,0,N
1776676,00233,01/11/18 00:00:00,01,11,2018,5,18,6P ,26,Multnomah,245,Portland SE,57,PORTLAND UA    ,11,U INTRST,1,064,  ,EAST PORTLAND FREEWAY,1,0,MN,0,R,,006400100S00,45,30,51.730000000000000,-122,33,54.950000000000000,45.514369444444000,-122.565263888888000,,,,,00745  ,EAST PORTLAND FY            ,,09723  ,NB EX WASH-STARK C1         ,,1,,5,2.02999992e+01,55,3,STRGHT  ,0,,,0,0,0,6,,2,DIVMD,04,E,S-1STOP   ,3,REAR    ,4,INJ,1,CLR ,1,DRY ,2,DLIT,017,MEDIAN BAR,1,0,NONE  ,013,FORCED    ,,,,,29,F AVOID ,,,,,,,0,0,0,0,0,9,"Over 200,000",2,PORTLAND HWY SYSTEM,IS,205  ,I-205     ,1,02B,293_5709,,0,10/30/19 17:21:03,3,0,0,0,4,4,0,2,0,0,0,0,0,0,0,0,0,0,0,6,6,1,0,5,0,0,0,0,0,0,1,N
1776751,00245,01/11/18 00:00:00,01,11,2018,5,22,10P,26,Multnomah,245,Portland SE,57,PORTLAND UA    ,16,U MN-ART,0,,,,,,,,,,,45,31,13.390000000000000,-122,33,30.130000000000000,45.520386111110667,-122.558369444444000,,,,,01928  ,SE PINE ST                  ,,05102  ,SE 102ND AVE                ,,1,0,5,,,1,INTER   ,0,1,CROSS  ,0,0,0,,0,,,05,3,PED       ,0,PED     ,4,INJ,3,RAIN,2,WET ,2,DLIT,099,UNKNOWN   ,1,3,CITY  ,,,,,,,19,NT VISBL,02,NO-YIELD,,,0,0,1,0,0,0,0,9,"Over 200,000",1,PORTLAND CITY STREET,,,,1,02B,58_138880,,0,10/30/19 17:21:03,1,0,0,1,0,1,0,1,1,0,0,1,0,0,0,0,0,0,0,1,2,1,0,0,0,0,0,0,0,0,0,N
1776780,00257,01/10/18 00:00:00,01,10,2018,4,07,7A ,26,Multnomah,245,Portland SE,57,PORTLAND UA    ,17,U MJ-COL,0,,,,,,,,,,,45,31,3.570000000000000,-122,29,4.500000000000000,45.517658333332667,-122.484583333333333,,,,,00113  ,SE ALDER ST                 ,,05174  ,SE 174TH AVE                ,,1,0,5,,,1,INTER   ,0,1,CROSS  ,0,0,0,,0,,,05,3,PED       ,0,PED     ,4,INJ,3,RAIN,2,WET ,4,DAWN,099,UNKNOWN   ,1,3,CITY  ,,,,,,,02,NO-YIELD,19,NT VISBL,,,1,0,0,0,0,0,0,9,"Over 200,000",1,PORTLAND CITY STREET,,,,1,02B,58_192775,,0,10/30/19 17:21:03,1,0,0,1,1,2,0,1,2,0,0,2,0,0,0,0,0,0,0,1,3,0,0,1,0,0,0,0,0,0,0,N
1776831,00265,01/10/18 00:00:00,01,10,2018,4,16,4P ,26,Multnomah,245,Portland SE,57,PORTLAND UA    ,14,U PR-ART,1,,,,,,,,,,,45,30,15.720000000000000,-122,33,41.220000000000000,45.504366666666000,-122.561450000000000,,,,,00614  ,SE DIVISION ST              ,,05098  ,SE 98TH AVE                 ,,1,250,3,,35,3,STRGHT  ,1,,,0,0,0,4,,0,NONE ,08,8,FIX OBJ   ,9,FIX     ,4,INJ,2,CLD ,2,WET ,2,DLIT,099,UNKNOWN   ,1,3,CITY  ,087,FIRE/EXP  ,053,POLE UTL  ,,,17,ILLNESS ,,,,,0,0,0,0,0,0,0,9,"Over 200,000",1,PORTLAND CITY STREET,,,,1,02B,58_140825,,0,10/30/19 17:21:03,1,0,0,0,1,1,0,0,0,0,0,0,0,0,0,0,0,0,0,1,1,0,0,1,0,0,0,0,0,0,1,Y
1776837,00266,01/10/18 00:00:00,01,10,2018,4,17,5P ,26,Multnomah,245,Portland SE,57,PORTLAND UA    ,16,U MN-ART,0,,,,,,,,,,,45,31,8.600000000000000,-122,33,27.460000000000000,45.519055555554667,-122.557627777777000,,,,,02259  ,SE STARK ST                 ,,07103  ,SE 103RD DR                 ,,1,0,9,,,1,INTER   ,0,1,CROSS  ,0,0,0,,0,,,02,B,ANGL-OTH  ,1,ANGL    ,4,INJ,3,RAIN,2,WET ,2,DLIT,001,TRF SIGNAL,1,5,NO RPT,,,,,,,04,DIS SIG ,,,,,,,0,0,0,0,0,9,"Over 200,000",1,PORTLAND CITY STREET,,,,1,02B,58_115685,,0,10/30/19 17:21:03,2,0,0,0,2,2,0,0,0,0,0,0,0,0,0,0,0,0,0,2,2,2,0,0,0,0,0,0,0,0,0,N
1776870,00279,01/12/18 00:00:00,01,12,2018,6,00,12A,26,Multnomah,245,Portland SE,57,PORTLAND UA    ,14,U PR-ART,1,068,  ,CASCADE HWY NORTH,1,0,MN,0,R,,006800100S00,45,30,36.320000000000000,-122,34,43.160000000000000,45.510088888888000,-122.578655555554667,,,,,01562  ,SE MILL ST                  ,,05082  ,SE 82ND AVE                 ,,1,,1,3.86999989e+00,35,1,INTER   ,0,1,CROSS  ,0,0,0,,0,,,06,D,S-1TURN   ,6,TURN    ,4,INJ,3,RAIN,2,WET ,2,DLIT,099,UNKNOWN   ,1,0,NONE  ,,,,,,,29,F AVOID ,,,,,,,0,0,0,0,0,9,"Over 200,000",2,PORTLAND HWY SYSTEM,OR,213  ,OR 213    ,1,02B,293_21276,,0,10/30/19 17:21:03,2,0,0,0,1,1,0,1,0,0,0,0,0,0,0,0,0,0,0,2,2,2,0,0,0,0,0,0,0,0,0,N
1776877,00280,01/12/18 00:00:00,01,12,2018,6,21,9P ,26,Multnomah,245,Portland SE,57,PORTLAND UA    ,11,U INTRST,1,064,  ,EAST PORTLAND FREEWAY,1,6,CN,0,R,1,0064BS100S00,45,29,50.180000000000000,-122,33,52.830000000000000,45.497272222221333,-122.564675000000000,,,,,01940  ,SE POWELL BLVD              ,,09714  ,NB EX POWELL BVD C1         ,,1,,5,1.91100006e+01,,1,INTER   ,0,1,CROSS  ,0,0,0,,0,,,06,E,S-1STOP   ,3,REAR    ,4,INJ,1,CLR ,1,DRY ,2,DLIT,001,TRF SIGNAL,1,0,NONE  ,013,FORCED    ,,,,,29,F AVOID ,,,,,,,0,0,0,0,0,9,"Over 200,000",2,PORTLAND HWY SYSTEM,IS,205  ,I-205     ,1,02B,293_25906,,0,10/30/19 17:21:03,3,0,0,0,1,1,0,2,0,0,0,0,0,0,0,0,0,0,0,3,3,2,0,1,0,0,0,0,0,0,0,N
1776879,00281,01/12/18 00:00:00,01,12,2018,6,15,3P ,26,Multnomah,245,Portland SE,57,PORTLAND UA    ,14,U PR-ART,1,026,  ,MT. HOOD,1,0,MN,0,R,,002600100S00,45,29,32.320000000000000,-122,29,4.830000000000000,45.492311111110333,-122.484674999999333,,,,,01940  ,SE POWELL BLVD              ,,05174  ,SE 174TH AVE                ,,1,,0,9.86999989e+00,35,1,INTER   ,0,1,CROSS  ,0,0,0,,0,,,06,E,S-1STOP   ,3,REAR    ,4,INJ,0,UNK ,0,UNK ,1,DAY ,001,TRF SIGNAL,1,0,NONE  ,,,,,,,29,F AVOID ,,,,,,,0,0,0,0,0,9,"Over 200,000",2,PORTLAND HWY SYSTEM,US,26   ,US 26     ,1,02B,293_16249,,0,10/30/19 17:21:03,2,0,0,0,1,1,0,1,0,0,0,0,0,0,0,0,0,0,0,2,2,0,0,2,0,0,0,0,0,0,0,N
1776883,00282,01/12/18 00:00:00,01,12,2018,6,16,4P ,26,Multnomah,245,Portland SE,57,PORTLAND UA    ,17,U MJ-COL,0,,,,,,,,,,,45,28,22.740000000000000,-122,34,7.050000000000000,45.472983333332667,-122.568624999999667,,,,,00506  ,SE COOPER ST                ,,05092  ,SE 92ND AVE                 ,,1,0,9,,,1,INTER   ,0,3,3-LEG  ,0,0,0,,0,,,02,B,ANGL-OTH  ,6,TURN    ,4,INJ,1,CLR ,1,DRY ,1,DAY ,004,STOP SIGN ,1,0,NONE  ,,,,,,,02,NO-YIELD,03,PAS-STOP,,,,,0,0,0,0,0,9,"Over 200,000",1,PORTLAND CITY STREET,,,,1,02B,58_193166,,0,10/30/19 17:21:03,2,0,0,1,0,1,0,2,0,0,0,0,0,0,0,0,0,0,0,3,3,2,0,1,0,0,0,0,0,0,0,N
1776895,01054,02/10/18 00:00:00,02,10,2018,7,02,2A ,26,Multnomah,245,Portland SE,57,PORTLAND UA    ,16,U MN-ART,0,,,,,,,,,,,45,31,8.950000000000000,-122,30,5.860000000000000,45.519152777777667,-122.501627777777000,,,,,02259  ,SE STARK ST                 ,,05157  ,SE 157TH AVE                ,,1,0,9,,,1,INTER   ,0,1,CROSS  ,0,0,0,,0,,,02,D,S-1TURN   ,3,REAR    ,4,INJ,2,CLD ,1,DRY ,2,DLIT,001,TRF SIGNAL,1,3,CITY  ,,,,,,,29,F AVOID ,,,,,,,0,0,0,0,1,9,"Over 200,000",1,PORTLAND CITY STREET,,,,1,02B,58_182967,,0,10/30/19 17:21:04,2,0,0,0,1,1,0,1,0,0,0,0,0,0,0,0,0,0,0,2,2,1,0,1,0,0,0,0,0,0,0,N
1776913,01182,02/13/18 00:00:00,02,13,2018,3,09,9A ,26,Multnomah,245,Portland SE,57,PORTLAND UA    ,16,U MN-ART,0,064,  ,EAST PORTLAND FREEWAY,1,6,CN,0,R,4,0064BN100S00,45,28,43.570000000000000,-122,33,53.180000000000000,45.478769444443667,-122.564772222222000,,,,,00824  ,SE FOSTER RD                ,,05096  ,SE 96TH AVE                 ,,1,,4,1.78099995e+01,,1,INTER   ,0,1,CROSS  ,0,0,0,,0,,,06,E,S-1STOP   ,3,REAR    ,4,INJ,1,CLR ,1,DRY ,1,DAY ,001,TRF SIGNAL,1,0,NONE  ,013,FORCED    ,,,,,27,INATTENT,,,,,,,0,0,0,0,0,9,"Over 200,000",2,PORTLAND HWY SYSTEM,IS,205  ,I-205     ,1,02B,293_6092,,0,10/30/19 17:21:04,3,0,0,0,2,2,0,2,0,0,0,0,0,0,0,0,0,0,0,4,4,3,0,1,0,0,0,0,0,0,0,N
1776919,00288,01/12/18 00:00:00,01,12,2018,6,15,3P ,26,Multnomah,245,Portland SE,57,PORTLAND UA    ,14,U PR-ART,1,,,,,,,,,,,45,30,49.200000000000000,-122,39,42.540000000000000,45.513666666666000,-122.661816666666000,,,,,01515  ,SE MAIN ST                  ,,02402  ,SE MLK/UNION                ,,1,0,9,,,1,INTER   ,0,1,CROSS  ,0,0,0,,0,,,01,B,ANGL-OTH  ,1,ANGL    ,4,INJ,1,CLR ,1,DRY ,1,DAY ,004,STOP SIGN ,1,5,NO RPT,057,STOPSIGN  ,,,,,02,NO-YIELD,03,PAS-STOP,,,,,0,0,0,0,0,9,"Over 200,000",1,PORTLAND CITY STREET,,,,1,02B,58_139753,,0,10/30/19 17:21:03,2,0,0,0,2,2,0,1,0,0,0,0,0,0,0,0,0,0,0,3,3,3,0,0,0,0,0,0,0,0,0,N
1776951,01197,02/13/18 00:00:00,02,13,2018,3,15,3P ,26,Multnomah,245,Portland SE,57,PORTLAND UA    ,11,U INTRST,1,064,  ,EAST PORTLAND FREEWAY,1,0,MN,0,R,,006400100S00,45,30,46.830000000000000,-122,33,55.040000000000000,45.513008333333000,-122.565288888888000,,,,,00745  ,EAST PORTLAND FY            ,,09723  ,NB EX WASH-STARK C1         ,,1,,5,2.02099991e+01,55,3,STRGHT  ,0,,,0,0,0,6,,2,DIVMD,04,E,S-1STOP   ,3,REAR    ,4,INJ,1,CLR ,1,DRY ,1,DAY ,099,UNKNOWN   ,1,0,NONE  ,,,,,,,13,IMP LN C,,,,,,,0,0,0,0,0,9,"Over 200,000",2,PORTLAND HWY SYSTEM,IS,205  ,I-205     ,1,02B,293_5709,,0,10/30/19 17:21:04,2,0,0,0,1,1,0,1,0,0,0,0,0,0,0,0,0,0,0,2,2,2,0,0,0,0,0,0,0,0,0,N
1776958,01202,02/13/18 00:00:00,02,13,2018,3,17,5P ,26,Multnomah,245,Portland SE,57,PORTLAND UA    ,17,U MJ-COL,0,,,,,,,,,,,45,29,26.150000000000000,-122,37,57.690000000000000,45.490597222221333,-122.632691666666667,,,,,01055  ,SE HOLGATE BLVD             ,,05032  ,SE 32ND AVE                 ,,1,0,3,,,1,INTER   ,0,3,3-LEG  ,0,0,0,,0,,,05,3,PED       ,0,PED     ,4,INJ,1,CLR ,1,DRY ,1,DAY ,019,SP PED SIG,1,0,NONE  ,,,,,,,02,NO-YIELD,,,,,,,0,0,0,0,0,9,"Over 200,000",1,PORTLAND CITY STREET,,,,1,02B,58_183600,,0,10/30/19 17:21:04,1,0,0,1,0,1,0,1,1,0,0,1,0,0,0,0,0,0,0,1,2,1,0,0,0,0,0,0,0,0,0,N
1776962,01204,02/13/18 00:00:00,02,13,2018,3,10,10A,26,Multnomah,245,Portland SE,57,PORTLAND UA    ,17,U MJ-COL,1,,,,,,,,,,,45,29,25.200000000000000,-122,39,8.920000000000000,45.490333333333333,-122.652477777777000,,,,,01055  ,SE HOLGATE BLVD             ,,05012  ,SE 12TH AVE                 ,,1,175,3,,,3,STRGHT  ,0,,,0,0,0,4,,0,NONE ,08,C,S-STRGHT  ,5,SS-O    ,4,INJ,1,CLR ,1,DRY ,1,DAY ,099,UNKNOWN   ,1,0,NONE  ,,,,,,,13,IMP LN C,,,,,,,0,0,0,0,0,9,"Over 200,000",1,PORTLAND CITY STREET,,,,1,02B,58_123943,,0,10/30/19 17:21:04,2,0,0,2,0,2,0,0,0,0,0,0,0,0,0,0,0,0,0,2,2,2,0,0,0,0,0,0,0,0,1,N