CRASH_ID,SER_NO,CRASH_DT,CRASH_MO_NO,CRASH_DAY_NO,CRASH_YR_NO,CRASH_WK_DAY_CD,CRASH_HR_NO,CRASH_HR_SHORT_DESC,CNTY_ID,CNTY_NM,CITY_SECT_ID,CITY_SECT_NM,URB_AREA_CD,URB_AREA_SHORT_NM,FC_CD,FC_SHORT_DESC,NHS_FLG,HWY_NO,HWY_SFX_NO,HWY_MED_NM,RDWY_NO,HWY_COMPNT_CD,HWY_COMPNT_SHORT_DESC,MLGE_TYP_CD,MLGE_TYP_SHORT_DESC,RD_CON_NO,LRS_VAL,LAT_DEG_NO,LAT_MINUTE_NO,LAT_SEC_NO,LONGTD_DEG_NO,LONGTD_MINUTE_NO,LONGTD_SEC_NO,LAT_DD,LONGTD_DD,SPECL_JRSDCT_ID,SPECL_JRSDCT_SHORT_DESC,JRSDCT_GRP_CD,JRSDCT_GRP_LONG_DESC,AGY_ST_NO,ST_FULL_NM,RECRE_RD_NM,ISECT_AGY_ST_NO,ISECT_ST_FULL_NM,ISECT_RECRE_RD_NM,ISECT_SEQ_NO,FROM_ISECT_DSTNC_QTY,CMPSS_DIR_CD,MP_NO,POST_SPEED_LMT_VAL,RD_CHAR_CD,RD_CHAR_SHORT_DESC,OFF_RDWY_FLG,ISECT_TYP_CD,ISECT_TYP_SHORT_DESC,ISECT_REL_FLG,RNDABT_FLG,DRVWY_REL_FLG,LN_QTY,TURNG_LEG_QTY,MEDN_TYP_CD,MEDN_TYP_SHORT_DESC,IMPCT_LOC_CD,CRASH_TYP_CD,CRASH_TYP_SHORT_DESC,COLLIS_TYP_CD,COLLIS_TYP_SHORT_DESC,CRASH_SVRTY_CD,CRASH_SVRTY_SHORT_DESC,WTHR_COND_CD,WTHR_COND_SHORT_DESC,RD_SURF_COND_CD,RD_SURF_SHORT_DESC,LGT_COND_CD,LGT_COND_SHORT_DESC,TRAF_CNTL_DEVICE_CD,TRAF_CNTL_DEVICE_SHORT_DESC,TRAF_CNTL_FUNC_FLG,INVSTG_AGY_CD,INVSTG_AGY_SHORT_DESC,CRASH_EVNT_1_CD,CRASH_EVNT_1_SHORT_DESC,CRASH_EVNT_2_CD,CRASH_EVNT_2_SHORT_DESC,CRASH_EVNT_3_CD,CRASH_EVNT_3_SHORT_DESC,CRASH_CAUSE_1_CD,CRASH_CAUSE_1_SHORT_DESC,CRASH_CAUSE_2_CD,CRASH_CAUSE_2_SHORT_DESC,CRASH_CAUSE_3_CD,CRASH_CAUSE_3_SHORT_DESC,SCHL_ZONE_IND,WRK_ZONE_IND,ALCHL_INVLV_FLG,DRUG_INVLV_FLG,MJ_INVLV_FLG,CRASH_SPEED_INVLV_FLG,CRASH_HIT_RUN_FLG,POP_RNG_CD,POP_RNG_MED_DESC,RD_CNTL_CD,RD_CNTL_MED_DESC,RTE_TYP_CD,RTE_ID,RTE_NM,REG_ID,DIST_ID,SEG_MRK_ID,SEG_PT_LRS_MEAS,UNLOCT_FLG,CRASH_LAST_UD_DT,TOT_VHCL_CNT,TOT_FATAL_CNT,TOT_INJ_LVL_A_CNT,TOT_INJ_LVL_B_CNT,TOT_INJ_LVL_C_CNT,TOT_INJ_CNT,TOT_UNINJD_AGE00_04_CNT,TOT_UNINJD_PER_CNT,TOT_PED_CNT,TOT_PED_FATAL_CNT,TOT_PED_INJ_LVL_A_CNT,TOT_PED_INJ_CNT,TOT_PEDCYCL_CNT,TOT_PEDCYCL_FATAL_CNT,TOT_PEDCYCL_INJ_LVL_A_CNT,TOT_PEDCYCL_INJ_CNT,TOT_UNKNWN_CNT,TOT_UNKNWN_FATAL_CNT,TOT_UNKNWN_INJ_CNT,TOT_OCCUP_CNT,TOT_PER_INVLV_CNT,TOT_SFTY_EQUIP_USED_QTY,TOT_SFTY_EQUIP_UNUSED_QTY,TOT_SFTY_EQUIP_USE_UNKNWN_QTY,TOT_PSNGR_VHCL_OCC_UNRESTRND_FATAL_CNT,TOT_MCYCLST_FATAL_CNT,TOT_MCYCLST_INJ_LVL_A_CNT,TOT_MCYCLST_INJ_CNT,TOT_MCYCLST_UNHELMTD_FATAL_CNT,TOT_ALCHL_IMPAIRED_DRVR_INV_FATAL_CNT,TOT_DRVR_AGE_01_20_CNT,LANE_RDWY_DPRT_CRASH_FLG
1777379,00368,01/16/18 00:00:00,01,16,2018,3,12,12P,26,Multnomah,245,Portland SE,57,PORTLAND UA    ,16,U MN-ART,0,,,,,,,,,,,45,31,18.790000000000000,-122,30,38.370000000000000,45.521886111110667,-122.510658333333000,,,,,05148  ,SE 148TH AVE                ,,00283  ,E BURNSIDE ST               ,,1,100,5,,,3,STRGHT  ,0,,,0,0,0,2,,0,NONE ,07,C,S-STRGHT  ,3,REAR    ,4,INJ,1,CLR ,1,DRY ,1,DAY ,099,UNKNOWN   ,1,3,CITY  ,,,,,,,07,TOO-CLOS,29,F AVOID ,,,0,0,0,0,0,0,1,9,"Over 200,000",1,PORTLAND CITY STREET,,,,1,02B,58_199116,,0,10/30/19 17:21:03,2,0,0,0,1,1,0,1,0,0,0,0,0,0,0,0,0,0,0,2,2,1,0,1,0,0,0,0,0,0,0,N
1777384,00369,01/16/18 00:00:00,01,16,2018,3,18,6P ,26,Multnomah,245,Portland SE,57,PORTLAND UA    ,16,U MN-ART,0,,,,,,,,,,,45,30,43.870000000000000,-122,38,47.670000000000000,45.512186111111000,-122.646574999999333,,,,,01028  ,SE HAWTHORNE BLVD           ,,05019  ,SE 19TH AVE                 ,,1,0,3,,,1,INTER   ,0,3,3-LEG  ,0,0,0,,0,,,05,C,S-STRGHT  ,5,SS-O    ,4,INJ,1,CLR ,2,WET ,2,DLIT,099,UNKNOWN   ,1,0,NONE  ,,,,,,,13,IMP LN C,,,,,,,0,0,0,0,0,9,"Over 200,000",1,PORTLAND CITY STREET,,,,1,02B,58_117420,,0,10/30/19 17:21:03,2,0,0,0,1,1,0,1,0,0,0,0,0,0,0,0,0,0,0,2,2,2,0,0,0,0,0,0,0,0,0,N
1777386,00370,01/16/18 00:00:00,01,16,2018,3,13,1P ,26,Multnomah,245,Portland SE,57,PORTLAND UA    ,14,U PR-ART,1,,,,,,,,,,,45,30,14.660000000000000,-122,31,57.190000000000000,45.504072222222000,-122.532552777777667,,,,,00614  ,SE DIVISION ST              ,,05129  ,SE 129TH AVE                ,,1,325,7,,,3,STRGHT  ,0,,,0,0,0,4,,0,NONE ,08,E,S-1STOP   ,3,REAR    ,4,INJ,1,CLR ,1,DRY ,1,DAY ,019,SP PED SIG,1,0,NONE  ,004,INDRCT PED,,,,,29,F AVOID ,,,,,,,0,0,0,0,0,9,"Over 200,000",1,PORTLAND CITY STREET,,,,1,02B,58_185859,,0,10/30/19 17:21:03,2,0,0,0,2,2,0,1,0,0,0,0,0,0,0,0,0,0,0,3,3,2,0,1,0,0,0,0,0,0,0,N
1777418,00375,01/16/18 00:00:00,01,16,2018,3,07,7A ,26,Multnomah,245,Portland SE,57,PORTLAND UA    ,16,U MN-ART,0,,,,,,,,,,,45,31,6.880000000000000,-122,32,15.990000000000000,45.518577777777667,-122.537774999999333,,,,,02259  ,SE STARK ST                 ,,05122  ,SE 122ND AVE                ,,1,110,5,,,2,ALLEY   ,0,,,0,0,0,4,,0,NONE ,08,B,ANGL-OTH  ,6,TURN    ,4,INJ,3,RAIN,2,WET ,4,DAWN,099,UNKNOWN   ,1,0,NONE  ,,,,,,,02,NO-YIELD,,,,,,,0,0,0,0,0,9,"Over 200,000",1,PORTLAND CITY STREET,,,,1,02B,58_116482,,0,10/30/19 17:21:03,2,0,0,0,2,2,0,0,0,0,0,0,0,0,0,0,0,0,0,2,2,1,0,1,0,0,0,0,0,0,0,N
1777454,01332,02/19/18 00:00:00,02,19,2018,2,12,12P,26,Multnomah,245,Portland SE,57,PORTLAND UA    ,19,U LOCAL ,0,,,,,,,,,,,45,30,7.610000000000000,-122,39,17.630000000000000,45.502113888888000,-122.654897222222000,,,,,02659  ,SE WOODWARD ST              ,,01567  ,SE MILWAUKIE AVE            ,,1,140,7,,,3,STRGHT  ,0,,,0,0,0,2,,0,NONE ,07,E,S-1STOP   ,3,REAR    ,4,INJ,1,CLR ,1,DRY ,1,DAY ,099,UNKNOWN   ,1,3,CITY  ,013,FORCED    ,,,,,33,RECKLESS,01,TOO-FAST,,,0,0,0,0,0,1,1,9,"Over 200,000",1,PORTLAND CITY STREET,,,,1,02B,58_120201,,0,10/30/19 17:21:04,3,0,0,0,1,1,0,2,0,0,0,0,0,0,0,0,0,0,0,3,3,0,0,3,0,0,0,0,0,0,0,N
1777504,00400,01/15/18 00:00:00,01,15,2018,2,16,4P ,26,Multnomah,245,Portland SE,57,PORTLAND UA    ,16,U MN-ART,0,,,,,,,,,,,45,31,8.600000000000000,-122,31,54.250000000000000,45.519055555554667,-122.531736111110667,,,,,02259  ,SE STARK ST                 ,,05128  ,SE 128TH AVE                ,,1,0,9,,,1,INTER   ,0,3,3-LEG  ,0,0,0,,0,,,04,6,BIKE      ,6,TURN    ,4,INJ,1,CLR ,1,DRY ,1,DAY ,004,STOP SIGN ,1,3,CITY  ,,,,,,,02,NO-YIELD,,,,,,,0,0,0,0,0,9,"Over 200,000",1,PORTLAND CITY STREET,,,,1,02B,58_115819,,0,10/30/19 17:21:03,1,0,0,0,1,1,0,2,0,0,0,0,1,0,0,1,0,0,0,2,3,2,0,1,0,0,0,0,0,0,0,N
1777531,00405,01/17/18 00:00:00,01,17,2018,4,14,2P ,26,Multnomah,245,Portland SE,57,PORTLAND UA    ,14,U PR-ART,1,068,  ,CASCADE HWY NORTH,1,0,MN,0,R,,006800100S00,45,29,6.790000000000000,-122,34,44.110000000000000,45.485219444444333,-122.578919444443667,,,,,01574  ,SE MITCHELL ST              ,,05082  ,SE 82ND AVE                 ,,1,,5,5.59999990e+00,35,1,INTER   ,0,3,3-LEG  ,0,0,0,,0,,,06,C,S-STRGHT  ,5,SS-O    ,4,INJ,1,CLR ,1,DRY ,1,DAY ,099,UNKNOWN   ,1,5,NO RPT,,,,,,,13,IMP LN C,,,,,,,0,0,0,0,0,9,"Over 200,000",2,PORTLAND HWY SYSTEM,OR,213  ,OR 213    ,1,02B,293_19755,,0,10/30/19 17:21:03,2,0,0,0,2,2,0,1,0,0,0,0,0,0,0,0,0,0,0,3,3,1,0,2,0,0,0,0,0,0,0,N
1777543,00406,01/17/18 00:00:00,01,17,2018,4,17,5P ,26,Multnomah,245,Portland SE,57,PORTLAND UA    ,16,U MN-ART,0,,,,,,,,,,,45,30,43.450000000000000,-122,38,5.180000000000000,45.512069444444000,-122.634772222221333,,,,,01028  ,SE HAWTHORNE BLVD           ,,05030  ,SE 30TH AVE                 ,,1,0,1,,25,1,INTER   ,0,1,CROSS  ,0,0,0,,0,,,05,3,PED       ,0,PED     ,4,INJ,3,RAIN,2,WET ,2,DLIT,001,TRF SIGNAL,1,3,CITY  ,,,,,,,18,IN RDWY ,19,NT VISBL,,,,,0,0,0,0,0,9,"Over 200,000",1,PORTLAND CITY STREET,,,,1,02B,58_117508,,0,10/30/19 17:21:03,1,0,0,0,1,1,0,1,1,0,0,1,0,0,0,0,0,0,0,1,2,1,0,0,0,0,0,0,0,0,0,N
1777568,00425,01/17/18 00:00:00,01,17,2018,4,15,3P ,26,Multnomah,245,Portland SE,57,PORTLAND UA    ,14,U PR-ART,1,,,,,,,,,,,45,30,56.890000000000000,-122,39,42.490000000000000,45.515802777777000,-122.661802777777000,,,,,02402  ,SE MLK/UNION                ,,02702  ,SE YAMHILL ST               ,,1,0,5,,,1,INTER   ,0,1,CROSS  ,0,0,0,,0,,,05,E,S-1STOP   ,3,REAR    ,4,INJ,2,CLD ,2,WET ,1,DAY ,099,UNKNOWN   ,1,0,NONE  ,,,,,,,29,F AVOID ,,,,,,,0,0,0,0,0,9,"Over 200,000",1,PORTLAND CITY STREET,,,,1,02B,58_139511,,0,10/30/19 17:21:03,2,0,0,0,1,1,0,1,0,0,0,0,0,0,0,0,0,0,0,2,2,1,0,1,0,0,0,0,0,0,0,N
1777582,01850,02/25/18 00:00:00,02,25,2018,1,10,10A,26,Multnomah,245,Portland SE,57,PORTLAND UA    ,14,U PR-ART,1,081,  ,PACIFIC HIGHWAY EAST,1,6,CN,0,R,2,0081BQ100S00,45,27,55.110000000000000,-122,38,17.860000000000000,45.465308333333000,-122.638294444444333,,,,,01506  ,SE MCLOUGHLIN BLVD          ,,09730  ,NB EX-ENFR TACOMA           ,,1,,2,4.32999992e+00,,1,INTER   ,0,3,3-LEG  ,0,0,0,,1,,,09,E,S-1STOP   ,3,REAR    ,4,INJ,1,CLR ,2,WET ,1,DAY ,004,STOP SIGN ,1,0,NONE  ,,,,,,,29,F AVOID ,,,,,,,0,0,0,0,0,9,"Over 200,000",2,PORTLAND HWY SYSTEM,OR,99E  ,OR 99E    ,1,02B,293_1898,,0,10/30/19 17:21:04,2,0,0,0,2,2,0,4,0,0,0,0,0,0,0,0,0,0,0,6,6,4,0,2,0,0,0,0,0,0,0,N
1777592,00434,01/18/18 00:00:00,01,18,2018,5,18,6P ,26,Multnomah,245,Portland SE,57,PORTLAND UA    ,16,U MN-ART,0,,,,,,,,,,,45,31,8.480000000000000,-122,32,16.000000000000000,45.519022222221667,-122.537777777777333,,,,,02259  ,SE STARK ST                 ,,05122  ,SE 122ND AVE                ,,1,0,9,,,1,INTER   ,0,1,CROSS  ,0,0,0,,0,,,04,F,S-OTHER   ,6,TURN    ,4,INJ,3,RAIN,2,WET ,2,DLIT,001,TRF SIGNAL,1,3,CITY  ,004,INDRCT PED,,,,,29,F AVOID ,,,,,0,0,0,0,0,0,1,9,"Over 200,000",1,PORTLAND CITY STREET,,,,1,02B,58_115798,,0,10/30/19 17:21:03,2,0,0,0,1,1,1,2,0,0,0,0,0,0,0,0,0,0,0,3,3,0,0,3,0,0,0,0,0,0,0,N
1777611,01855,02/26/18 00:00:00,02,26,2018,2,11,11A,26,Multnomah,245,Portland SE,57,PORTLAND UA    ,17,U MJ-COL,0,,,,,,,,,,,45,30,59.270000000000000,-122,38,44.010000000000000,45.516463888888000,-122.645558333333333,,,,,00226  ,SE BELMONT ST               ,,05020  ,SE 20TH AVE                 ,,1,0,1,,,1,INTER   ,1,1,CROSS  ,0,0,0,,0,,,06,8,FIX OBJ   ,9,FIX     ,4,INJ,1,CLR ,1,DRY ,1,DAY ,001,TRF SIGNAL,1,3,CITY  ,053,POLE UTL  ,,,,,17,ILLNESS ,,,,,0,0,0,0,0,0,0,9,"Over 200,000",1,PORTLAND CITY STREET,,,,1,02B,58_116219,,0,10/30/19 17:21:04,1,0,0,0,1,1,0,0,0,0,0,0,0,0,0,0,0,0,0,1,1,0,0,1,0,0,0,0,0,0,0,N
1777623,01857,02/25/18 00:00:00,02,25,2018,1,19,7P ,26,Multnomah,245,Portland SE,57,PORTLAND UA    ,17,U MJ-COL,0,,,,,,,,,,,45,29,55.830000000000000,-122,38,53.760000000000000,45.498841666666333,-122.648266666666333,,,,,01922  ,SE PERSHING ST              ,,05017  ,SE 17TH AVE                 ,,1,0,5,,,1,INTER   ,0,1,CROSS  ,0,0,0,,0,,,06,E,S-1STOP   ,3,REAR    ,4,INJ,3,RAIN,2,WET ,2,DLIT,004,STOP SIGN ,1,3,CITY  ,,,,,,,07,TOO-CLOS,,,,,,1,0,0,0,0,0,9,"Over 200,000",1,PORTLAND CITY STREET,,,,1,02B,58_121250,,0,10/30/19 17:21:04,2,0,0,0,1,1,0,2,0,0,0,0,0,0,0,0,0,0,0,3,3,1,0,2,0,0,0,0,0,0,0,N
1777644,00449,01/18/18 00:00:00,01,18,2018,5,17,5P ,26,Multnomah,245,Portland SE,57,PORTLAND UA    ,14,U PR-ART,1,,,,,,,,,,,45,30,14.810000000000000,-122,32,22.760000000000000,45.504113888888000,-122.539655555555333,,,,,00614  ,SE DIVISION ST              ,,05121  ,SE 121ST AVE                ,,1,160,7,,,3,STRGHT  ,0,,,0,0,1,5,,0,NONE ,08,H,O-1 L-TURN,6,TURN    ,4,INJ,3,RAIN,2,WET ,2,DLIT,090,L-TURN REF,1,5,NO RPT,,,,,,,02,NO-YIELD,,,,,,,0,0,0,0,0,9,"Over 200,000",1,PORTLAND CITY STREET,,,,1,02B,58_183193,,0,10/30/19 17:21:03,2,0,0,0,1,1,0,1,0,0,0,0,0,0,0,0,0,0,0,2,2,1,0,1,0,0,0,0,0,0,0,N
1777647,00045,01/04/18 00:00:00,01,04,2018,5,14,2P ,26,Multnomah,245,Portland SE,57,PORTLAND UA    ,16,U MN-ART,0,,,,,,,,,,,45,31,8.810000000000000,-122,31,1.640000000000000,45.519113888888667,-122.517122222221667,,,,,02259  ,SE STARK ST                 ,,05142  ,SE 142ND AVE                ,,1,0,9,,,1,INTER   ,0,3,3-LEG  ,0,0,0,,0,,,03,H,O-1 L-TURN,6,TURN    ,4,INJ,1,CLR ,1,DRY ,1,DAY ,090,L-TURN REF,1,5,NO RPT,,,,,,,02,NO-YIELD,,,,,,,0,0,0,0,0,9,"Over 200,000",1,PORTLAND CITY STREET,,,,1,02B,58_115883,,0,10/30/19 17:21:03,2,0,0,1,0,1,0,1,0,0,0,0,0,0,0,0,0,0,0,2,2,1,0,1,0,0,0,0,0,0,1,N
1777648,00450,01/18/18 00:00:00,01,18,2018,5,12,12P,26,Multnomah,245,Portland SE,57,PORTLAND UA    ,14,U PR-ART,1,,,,,,,,,,,45,31,22.020000000000000,-122,37,22.880000000000000,45.522783333332667,-122.623022222221667,,,,,00124  ,SE ANKENY ST                ,,05039  ,SE 39TH AV/CESAR CHAVEZ     ,,1,0,9,,,1,INTER   ,0,1,CROSS  ,0,0,0,,0,,,01,B,ANGL-OTH  ,1,ANGL    ,4,INJ,1,CLR ,1,DRY ,1,DAY ,004,STOP SIGN ,1,0,NONE  ,,,,,,,02,NO-YIELD,03,PAS-STOP,,,,,0,0,0,0,0,9,"Over 200,000",1,PORTLAND CITY STREET,,,,1,02B,58_114501,,0,10/30/19 17:21:03,2,0,0,1,0,1,0,1,0,0,0,0,0,0,0,0,0,0,0,2,2,2,0,0,0,0,0,0,0,0,0,N
1777660,00464,01/19/18 00:00:00,01,19,2018,6,10,10A,26,Multnomah,245,Portland SE,57,PORTLAND UA    ,16,U MN-ART,0,,,,,,,,,,,45,31,8.770000000000000,-122,31,18.770000000000000,45.519102777777667,-122.521880555554667,,,,,02259  ,SE STARK ST                 ,,05139  ,SE 139TH AVE                ,,1,200,7,,,3,STRGHT  ,0,,,0,0,0,4,,0,NONE ,07,E,S-1STOP   ,3,REAR    ,4,INJ,1,CLR ,2,WET ,1,DAY ,099,UNKNOWN   ,1,5,NO RPT,013,FORCED    ,,,,,29,F AVOID ,,,,,,,0,0,0,0,0,9,"Over 200,000",1,PORTLAND CITY STREET,,,,1,02B,58_115864,,0,10/30/19 17:21:03,3,0,0,0,1,1,0,2,0,0,0,0,0,0,0,0,0,0,0,3,3,1,0,2,0,0,0,0,0,0,0,N
1777666,01341,02/09/18 00:00:00,02,09,2018,6,20,8P ,26,Multnomah,245,Portland SE,57,PORTLAND UA    ,16,U MN-ART,0,,,,,,,,,,,45,31,8.770000000000000,-122,31,15.680000000000000,45.519102777777667,-122.521022222221667,,,,,02259  ,SE STARK ST                 ,,05139  ,SE 139TH AVE                ,,1,0,3,,,1,INTER   ,0,1,CROSS  ,0,0,0,,0,,,05,3,PED       ,0,PED     ,4,INJ,3,RAIN,2,WET ,2,DLIT,001,TRF SIGNAL,1,3,CITY  ,,,,,,,02,NO-YIELD,,,,,,,0,0,0,0,0,9,"Over 200,000",1,PORTLAND CITY STREET,,,,1,02B,58_115864,,0,10/30/19 17:21:04,1,0,0,0,1,1,0,1,1,0,0,1,0,0,0,0,0,0,0,1,2,1,0,0,0,0,0,0,0,0,0,N
1777667,00468,01/19/18 00:00:00,01,19,2018,6,18,6P ,26,Multnomah,245,Portland SE,57,PORTLAND UA    ,14,U PR-ART,1,,,,,,,,,,,45,30,14.800000000000000,-122,32,20.260000000000000,45.504111111111000,-122.538961111110333,,,,,00614  ,SE DIVISION ST              ,,05121  ,SE 121ST AVE                ,,1,0,3,,,1,INTER   ,0,3,3-LEG  ,0,0,0,,0,,,05,E,S-1STOP   ,3,REAR    ,4,INJ,1,CLR ,1,DRY ,2,DLIT,099,UNKNOWN   ,1,3,CITY  ,,,,,,,29,F AVOID ,33,RECKLESS,,,0,0,1,1,0,0,0,9,"Over 200,000",1,PORTLAND CITY STREET,,,,1,02B,58_183193,,0,10/30/19 17:21:03,2,0,0,0,1,1,0,3,0,0,0,0,0,0,0,0,0,0,0,4,4,2,0,2,0,0,0,0,0,0,0,N
1777671,00047,01/03/18 00:00:00,01,03,2018,4,19,7P ,26,Multnomah,245,Portland SE,57,PORTLAND UA    ,19,U LOCAL ,0,,,,,,,,,,,45,28,47.790000000000000,-122,37,2.910000000000000,45.479941666666667,-122.617474999999667,,,,,05044  ,SE 44TH AVE                 ,,02658  ,SE WOODSTOCK BLVD           ,,1,250,1,,,2,ALLEY   ,0,,,0,0,0,2,,0,NONE ,08,H,O-1 L-TURN,6,TURN    ,4,INJ,1,CLR ,1,DRY ,2,DLIT,099,UNKNOWN   ,1,0,NONE  ,,,,,,,02,NO-YIELD,,,,,,,0,0,0,0,0,9,"Over 200,000",1,PORTLAND CITY STREET,,,,1,02B,58_127143,,0,10/30/19 17:21:03,2,0,0,0,2,2,0,2,0,0,0,0,0,0,0,0,0,0,0,4,4,3,0,1,0,0,0,0,0,0,0,N
1777677,00472,01/19/18 00:00:00,01,19,2018,6,17,5P ,26,Multnomah,245,Portland SE,57,PORTLAND UA    ,14,U PR-ART,1,026,  ,MT. HOOD,1,0,MN,0,R,,002600100S00,45,29,47.120000000000000,-122,33,41.960000000000000,45.496422222221333,-122.561655555555000,,,,,01940  ,SE POWELL BLVD              ,,05099  ,SE 99TH AVE                 ,,1,,3,6.03000021e+00,35,1,INTER   ,0,3,3-LEG  ,0,0,0,,0,,,06,C,S-STRGHT  ,3,REAR    ,4,INJ,1,CLR ,1,DRY ,5,DUSK,099,UNKNOWN   ,1,3,CITY  ,013,FORCED    ,,,,,29,F AVOID ,33,RECKLESS,,,0,0,1,0,0,0,0,9,"Over 200,000",2,PORTLAND HWY SYSTEM,US,26   ,US 26     ,1,02B,293_21203,,0,10/30/19 17:21:03,3,0,0,0,4,4,0,1,0,0,0,0,0,0,0,0,0,0,0,5,5,5,0,0,0,0,0,0,0,0,0,N
1777680,00473,01/19/18 00:00:00,01,19,2018,6,21,9P ,26,Multnomah,245,Portland SE,57,PORTLAND UA    ,16,U MN-ART,0,,,,,,,,,,,45,31,8.970000000000000,-122,30,38.550000000000000,45.519158333332667,-122.510708333333000,,,,,02259  ,SE STARK ST                 ,,05148  ,SE 148TH AVE                ,,1,0,3,,35,1,INTER   ,0,1,CROSS  ,0,0,0,,0,,,05,3,PED       ,0,PED     ,4,INJ,3,RAIN,2,WET ,2,DLIT,001,TRF SIGNAL,1,3,CITY  ,,,,,,,04,DIS SIG ,18,IN RDWY ,19,NT VISBL,0,0,1,0,0,0,0,9,"Over 200,000",1,PORTLAND CITY STREET,,,,1,02B,58_182989,,0,10/30/19 17:21:03,1,0,0,1,0,1,0,1,1,0,0,1,0,0,0,0,0,0,0,1,2,1,0,0,0,0,0,0,0,0,0,N
1777691,01348,02/14/18 00:00:00,02,14,2018,4,17,5P ,26,Multnomah,245,Portland SE,57,PORTLAND UA    ,16,U MN-ART,0,,,,,,,,,,,45,31,6.010000000000000,-122,33,37.110000000000000,45.518336111110667,-122.560308333333000,,,,,02612  ,SE WASHINGTON ST            ,,05100  ,SE 100TH AVE                ,,1,0,9,,,1,INTER   ,0,3,3-LEG  ,0,0,1,,0,,,04,B,ANGL-OTH  ,1,ANGL    ,4,INJ,3,RAIN,2,WET ,2,DLIT,004,STOP SIGN ,1,5,NO RPT,,,,,,,02,NO-YIELD,,,,,,,0,0,0,0,0,9,"Over 200,000",1,PORTLAND CITY STREET,,,,1,02B,58_115921,,0,10/30/19 17:21:04,2,0,0,1,1,2,0,1,0,0,0,0,0,0,0,0,0,0,0,3,3,3,0,0,0,0,0,0,0,0,0,N
1777697,01349,02/14/18 00:00:00,02,14,2018,4,04,4A ,26,Multnomah,245,Portland SE,57,PORTLAND UA    ,14,U PR-ART,1,026,  ,MT. HOOD,1,0,MN,0,R,,002600100S00,45,30,4.550000000000000,-122,39,17.220000000000000,45.501263888888000,-122.654783333333000,,,,,01940  ,SE POWELL BLVD              ,,05011  ,SE 11TH AVE                 ,,1,,9,1.29999995e+00,35,1,INTER   ,0,1,CROSS  ,0,0,0,,0,,,02,&,OVERTURN  ,8,NCOL    ,4,INJ,3,RAIN,2,WET ,2,DLIT,004,STOP SIGN ,1,3,CITY  ,001,FEL/JUMP  ,013,FORCED    ,,,08,IMP-TURN,,,,,0,0,0,0,0,0,0,9,"Over 200,000",2,PORTLAND HWY SYSTEM,US,26   ,US 26     ,1,02B,293_15034,,0,10/30/19 17:21:04,2,0,1,0,0,1,0,2,0,0,0,0,0,0,0,0,0,0,0,3,3,3,0,0,0,0,1,1,0,0,0,N
1777710,01356,02/20/18 00:00:00,02,20,2018,3,21,9P ,26,Multnomah,245,Portland SE,57,PORTLAND UA    ,17,U MJ-COL,0,,,,,,,,,,,45,28,57.450000000000000,-122,33,20.550000000000000,45.482624999999667,-122.555708333333000,,,,,01019  ,SE HAROLD ST                ,,05104  ,SE 104TH AVE                ,,1,0,1,,,1,INTER   ,0,1,CROSS  ,0,0,0,,0,,,06,E,S-1STOP   ,3,REAR    ,4,INJ,6,SNOW,4,ICE ,2,DLIT,004,STOP SIGN ,1,0,NONE  ,124,SLIPPERY  ,,,,,01,TOO-FAST,,,,,,,0,0,0,1,0,9,"Over 200,000",1,PORTLAND CITY STREET,,,,1,02C,58_126484,,0,10/30/19 17:21:04,2,0,0,0,2,2,0,2,0,0,0,0,0,0,0,0,0,0,0,4,4,4,0,0,0,0,0,0,0,0,0,N
1777772,00495,01/19/18 00:00:00,01,19,2018,6,20,8P ,26,Multnomah,245,Portland SE,57,PORTLAND UA    ,14,U PR-ART,1,068,  ,CASCADE HWY NORTH,1,0,MN,0,R,,006800100S00,45,28,46.110000000000000,-122,34,44.440000000000000,45.479474999999667,-122.579011111110667,,,,,02658  ,SE WOODSTOCK BLVD           ,,05082  ,SE 82ND AVE                 ,,1,,7,5.98000002e+00,35,1,INTER   ,0,1,CROSS  ,0,0,0,,0,,,06,C,S-STRGHT  ,5,SS-O    ,4,INJ,1,CLR ,1,DRY ,2,DLIT,001,TRF SIGNAL,1,0,NONE  ,,,,,,,13,IMP LN C,,,,,,,0,0,0,0,0,9,"Over 200,000",2,PORTLAND HWY SYSTEM,OR,213  ,OR 213    ,1,02B,293_21278,,0,10/30/19 17:21:03,2,0,0,0,2,2,0,1,0,0,0,0,0,0,0,0,0,0,0,3,3,2,0,1,0,0,0,0,0,0,0,N
1777777,00050,01/03/18 00:00:00,01,03,2018,4,14,2P ,26,Multnomah,245,Portland SE,57,PORTLAND UA    ,16,U MN-ART,0,,,,,,,,,,,45,31,8.960000000000000,-122,30,38.550000000000000,45.519155555554667,-122.510708333333000,,,,,02259  ,SE STARK ST                 ,,05148  ,SE 148TH AVE                ,,1,0,7,,,1,INTER   ,0,1,CROSS  ,0,0,0,,0,,,06,C,S-STRGHT  ,3,REAR    ,4,INJ,1,CLR ,1,DRY ,1,DAY ,001,TRF SIGNAL,1,0,NONE  ,,,,,,,29,F AVOID ,,,,,,,0,0,0,0,0,9,"Over 200,000",1,PORTLAND CITY STREET,,,,1,02B,58_182989,,0,10/30/19 17:21:03,2,0,0,0,5,5,2,1,0,0,0,0,0,0,0,0,0,0,0,6,6,1,0,5,0,0,0,0,0,0,0,N