CRASH_ID,SER_NO,CRASH_DT,CRASH_MO_NO,CRASH_DAY_NO,CRASH_YR_NO,CRASH_WK_DAY_CD,CRASH_HR_NO,CRASH_HR_SHORT_DESC,CNTY_ID,CNTY_NM,CITY_SECT_ID,CITY_SECT_NM,URB_AREA_CD,URB_AREA_SHORT_NM,FC_CD,FC_SHORT_DESC,NHS_FLG,HWY_NO,HWY_SFX_NO,HWY_MED_NM,RDWY_NO,HWY_COMPNT_CD,HWY_COMPNT_SHORT_DESC,MLGE_TYP_CD,MLGE_TYP_SHORT_DESC,RD_CON_NO,LRS_VAL,LAT_DEG_NO,LAT_MINUTE_NO,LAT_SEC_NO,LONGTD_DEG_NO,LONGTD_MINUTE_NO,LONGTD_SEC_NO,LAT_DD,LONGTD_DD,SPECL_JRSDCT_ID,SPECL_JRSDCT_SHORT_DESC,JRSDCT_GRP_CD,JRSDCT_GRP_LONG_DESC,AGY_ST_NO,ST_FULL_NM,RECRE_RD_NM,ISECT_AGY_ST_NO,ISECT_ST_FULL_NM,ISECT_RECRE_RD_NM,ISECT_SEQ_NO,FROM_ISECT_DSTNC_QTY,CMPSS_DIR_CD,MP_NO,POST_SPEED_LMT_VAL,RD_CHAR_CD,RD_CHAR_SHORT_DESC,OFF_RDWY_FLG,ISECT_TYP_CD,ISECT_TYP_SHORT_DESC,ISECT_REL_FLG,RNDABT_FLG,DRVWY_REL_FLG,LN_QTY,TURNG_LEG_QTY,MEDN_TYP_CD,MEDN_TYP_SHORT_DESC,IMPCT_LOC_CD,CRASH_TYP_CD,CRASH_TYP_SHORT_DESC,COLLIS_TYP_CD,COLLIS_TYP_SHORT_DESC,CRASH_SVRTY_CD,CRASH_SVRTY_SHORT_DESC,WTHR_COND_CD,WTHR_COND_SHORT_DESC,RD_SURF_COND_CD,RD_SURF_SHORT_DESC,LGT_COND_CD,LGT_COND_SHORT_DESC,TRAF_CNTL_DEVICE_CD,TRAF_CNTL_DEVICE_SHORT_DESC,TRAF_CNTL_FUNC_FLG,INVSTG_AGY_CD,INVSTG_AGY_SHORT_DESC,CRASH_EVNT_1_CD,CRASH_EVNT_1_SHORT_DESC,CRASH_EVNT_2_CD,CRASH_EVNT_2_SHORT_DESC,CRASH_EVNT_3_CD,CRASH_EVNT_3_SHORT_DESC,CRASH_CAUSE_1_CD,CRASH_CAUSE_1_SHORT_DESC,CRASH_CAUSE_2_CD,CRASH_CAUSE_2_SHORT_DESC,CRASH_CAUSE_3_CD,CRASH_CAUSE_3_SHORT_DESC,SCHL_ZONE_IND,WRK_ZONE_IND,ALCHL_INVLV_FLG,DRUG_INVLV_FLG,MJ_INVLV_FLG,CRASH_SPEED_INVLV_FLG,CRASH_HIT_RUN_FLG,POP_RNG_CD,POP_RNG_MED_DESC,RD_CNTL_CD,RD_CNTL_MED_DESC,RTE_TYP_CD,RTE_ID,RTE_NM,REG_ID,DIST_ID,SEG_MRK_ID,SEG_PT_LRS_MEAS,UNLOCT_FLG,CRASH_LAST_UD_DT,TOT_VHCL_CNT,TOT_FATAL_CNT,TOT_INJ_LVL_A_CNT,TOT_INJ_LVL_B_CNT,TOT_INJ_LVL_C_CNT,TOT_INJ_CNT,TOT_UNINJD_AGE00_04_CNT,TOT_UNINJD_PER_CNT,TOT_PED_CNT,TOT_PED_FATAL_CNT,TOT_PED_INJ_LVL_A_CNT,TOT_PED_INJ_CNT,TOT_PEDCYCL_CNT,TOT_PEDCYCL_FATAL_CNT,TOT_PEDCYCL_INJ_LVL_A_CNT,TOT_PEDCYCL_INJ_CNT,TOT_UNKNWN_CNT,TOT_UNKNWN_FATAL_CNT,TOT_UNKNWN_INJ_CNT,TOT_OCCUP_CNT,TOT_PER_INVLV_CNT,TOT_SFTY_EQUIP_USED_QTY,TOT_SFTY_EQUIP_UNUSED_QTY,TOT_SFTY_EQUIP_USE_UNKNWN_QTY,TOT_PSNGR_VHCL_OCC_UNRESTRND_FATAL_CNT,TOT_MCYCLST_FATAL_CNT,TOT_MCYCLST_INJ_LVL_A_CNT,TOT_MCYCLST_INJ_CNT,TOT_MCYCLST_UNHELMTD_FATAL_CNT,TOT_ALCHL_IMPAIRED_DRVR_INV_FATAL_CNT,TOT_DRVR_AGE_01_20_CNT,LANE_RDWY_DPRT_CRASH_FLG
1779383,00911,02/04/18 00:00:00,02,04,2018,1,20,8P ,26,Multnomah,245,Portland SE,57,PORTLAND UA    ,16,U MN-ART,0,,,,,,,,,,,45,31,8.320000000000000,-122,32,49.050000000000000,45.518977777777667,-122.546958333333333,,,,,02259  ,SE STARK ST                 ,,05113  ,SE 113TH AVE                ,,1,0,9,,,1,INTER   ,0,4,4-LEG  ,0,0,0,,0,,,02,D,S-1TURN   ,3,REAR    ,4,INJ,1,CLR ,1,DRY ,2,DLIT,004,STOP SIGN ,1,5,NO RPT,,,,,,,29,F AVOID ,,,,,,,0,0,0,0,0,9,"Over 200,000",1,PORTLAND CITY STREET,,,,1,02B,58_115784,,0,10/30/19 17:21:04,2,0,0,0,2,2,0,0,0,0,0,0,0,0,0,0,0,0,0,2,2,2,0,0,0,0,0,0,0,0,0,N
1779398,00084,01/04/18 00:00:00,01,04,2018,5,14,2P ,26,Multnomah,245,Portland SE,57,PORTLAND UA    ,11,U INTRST,1,001,  ,PACIFIC,2,0,MN,0,R,,000100200S00,45,31,24.730000000000000,-122,39,55.300000000000000,45.523536111110667,-122.665361111111000,,,,,00302  ,PACIFIC HY I-5              ,,09449  ,NB EF MORRISN BR C3         ,,1,,1,3.01510010e+02,50,3,STRGHT  ,0,,,0,0,0,4,,1,RSDMD,04,E,S-1STOP   ,3,REAR    ,4,INJ,1,CLR ,1,DRY ,1,DAY ,017,MEDIAN BAR,1,0,NONE  ,028,LOAD SHIFT,,,,,24,LOADSHFT,,,,,,,0,0,0,0,0,9,"Over 200,000",2,PORTLAND HWY SYSTEM,IS,5    ,I-5       ,1,02B,293_3028,,0,10/30/19 17:21:04,2,0,0,0,2,2,0,4,0,0,0,0,0,0,0,0,0,0,0,6,6,6,0,0,0,0,0,0,0,0,1,N
1779465,00930,02/05/18 00:00:00,02,05,2018,2,16,4P ,26,Multnomah,245,Portland SE,57,PORTLAND UA    ,14,U PR-ART,1,,,,,,,,,,,45,30,16.460000000000000,-122,29,46.590000000000000,45.504572222222000,-122.496274999999333,,,,,00614  ,SE DIVISION ST              ,,05162  ,SE 162ND AVE                ,,1,66,3,,,3,STRGHT  ,0,,,1,0,0,5,,0,NONE ,08,3,PED       ,0,PED     ,4,INJ,1,CLR ,1,DRY ,1,DAY ,022,L-GRN-SIG ,1,3,CITY  ,,,,,,,18,IN RDWY ,,,,,0,0,0,0,0,0,0,9,"Over 200,000",1,PORTLAND CITY STREET,,,,1,02B,58_120302,,0,10/30/19 17:21:04,1,0,0,0,1,1,0,1,1,0,0,1,0,0,0,0,0,0,0,1,2,1,0,0,0,0,0,0,0,0,0,N
1779473,00941,02/06/18 00:00:00,02,06,2018,3,06,6A ,26,Multnomah,245,Portland SE,57,PORTLAND UA    ,11,U INTRST,1,064,  ,EAST PORTLAND FREEWAY,1,0,MN,0,R,,006400100S00,45,30,55.950000000000000,-122,33,54.890000000000000,45.515541666666000,-122.565247222222000,,,,,00745  ,EAST PORTLAND FY            ,,09723  ,NB EX WASH-STARK C1         ,,1,,1,2.03799992e+01,55,3,STRGHT  ,0,,,0,0,0,6,,2,DIVMD,04,C,S-STRGHT  ,3,REAR    ,4,INJ,1,CLR ,1,DRY ,4,DAWN,099,UNKNOWN   ,1,5,NO RPT,,,,,,,07,TOO-CLOS,,,,,,,0,0,0,0,0,9,"Over 200,000",2,PORTLAND HWY SYSTEM,IS,205  ,I-205     ,1,02B,293_5710,,0,10/30/19 17:21:04,2,0,0,0,2,2,0,1,0,0,0,0,0,0,0,0,0,0,0,3,3,3,0,0,0,0,0,0,0,0,0,N
1779479,00942,02/06/18 00:00:00,02,06,2018,3,14,2P ,26,Multnomah,245,Portland SE,57,PORTLAND UA    ,16,U MN-ART,0,,,,,,,,,,,45,31,8.950000000000000,-122,30,3.090000000000000,45.519152777777667,-122.500858333333000,,,,,02259  ,SE STARK ST                 ,,05154  ,SE 154TH AVE                ,,1,179,3,,,2,ALLEY   ,0,,,0,0,0,4,,0,NONE ,08,F,S-OTHER   ,3,REAR    ,4,INJ,1,CLR ,1,DRY ,1,DAY ,099,UNKNOWN   ,1,0,NONE  ,,,,,,,07,TOO-CLOS,,,,,,,0,0,0,0,0,9,"Over 200,000",1,PORTLAND CITY STREET,,,,1,02B,58_182968,,0,10/30/19 17:21:04,2,0,0,0,1,1,0,1,0,0,0,0,0,0,0,0,0,0,0,2,2,2,0,0,0,0,0,0,0,0,1,N
1779483,00943,02/06/18 00:00:00,02,06,2018,3,15,3P ,26,Multnomah,245,Portland SE,57,PORTLAND UA    ,14,U PR-ART,1,,,,,,,,,,,45,31,9.460000000000000,-122,37,22.930000000000000,45.519294444443667,-122.623036111110667,,,,,02259  ,SE STARK ST                 ,,05039  ,SE 39TH AV/CESAR CHAVEZ     ,,1,0,1,,,1,INTER   ,0,1,CROSS  ,0,0,0,,0,,,05,E,S-1STOP   ,3,REAR    ,4,INJ,1,CLR ,1,DRY ,1,DAY ,001,TRF SIGNAL,1,5,NO RPT,013,FORCED    ,,,,,29,F AVOID ,,,,,,,0,0,0,0,0,9,"Over 200,000",1,PORTLAND CITY STREET,,,,1,02B,58_115339,,0,10/30/19 17:21:04,4,0,0,0,1,1,0,3,0,0,0,0,0,0,0,0,0,0,0,4,4,1,0,3,0,0,0,0,0,0,0,N
1779490,00094,01/06/18 00:00:00,01,06,2018,7,17,5P ,26,Multnomah,245,Portland SE,57,PORTLAND UA    ,11,U INTRST,1,064,  ,EAST PORTLAND FREEWAY,2,0,MN,0,R,,006400200S00,45,30,48.350000000000000,-122,33,56.330000000000000,45.513430555555000,-122.565647222222000,,,,,00745  ,EAST PORTLAND FY            ,,09724  ,SB EF WASH-STARK C4         ,,1,,5,2.02500000e+01,55,3,STRGHT  ,0,,,0,0,0,6,,2,DIVMD,04,E,S-1STOP   ,3,REAR    ,4,INJ,1,CLR ,1,DRY ,2,DLIT,017,MEDIAN BAR,1,5,NO RPT,013,FORCED    ,,,,,01,TOO-FAST,29,F AVOID ,,,,,0,0,0,1,0,9,"Over 200,000",2,PORTLAND HWY SYSTEM,IS,205  ,I-205     ,1,02B,293_5894,,0,10/30/19 17:21:04,6,0,0,1,2,3,2,8,0,0,0,0,0,0,0,0,0,0,0,11,11,10,0,1,0,0,0,0,0,0,0,N
1779500,00947,02/06/18 00:00:00,02,06,2018,3,19,7P ,26,Multnomah,245,Portland SE,57,PORTLAND UA    ,14,U PR-ART,1,026,  ,MT. HOOD,1,0,MN,0,R,,002600100S00,45,29,49.490000000000000,-122,32,15.580000000000000,45.497080555555333,-122.537661111110333,,,,,01940  ,SE POWELL BLVD              ,,05122  ,SE 122ND AVE                ,,1,,9,7.21000004e+00,35,1,INTER   ,0,1,CROSS  ,0,0,0,,0,,,01,B,ANGL-OTH  ,1,ANGL    ,4,INJ,1,CLR ,0,UNK ,2,DLIT,001,TRF SIGNAL,1,5,NO RPT,,,,,,,04,DIS SIG ,,,,,,,0,0,0,0,0,9,"Over 200,000",2,PORTLAND HWY SYSTEM,US,26   ,US 26     ,1,02B,293_18791,,0,10/30/19 17:21:04,2,0,0,0,1,1,0,1,0,0,0,0,0,0,0,0,0,0,0,2,2,1,0,1,0,0,0,0,0,0,0,N
1779519,00095,01/06/18 00:00:00,01,06,2018,7,11,11A,26,Multnomah,245,Portland SE,57,PORTLAND UA    ,14,U PR-ART,1,064,  ,EAST PORTLAND FREEWAY,1,6,CN,0,R,4,0064BV100S00,45,30,15.740000000000000,-122,33,47.650000000000000,45.504372222222000,-122.563236111111000,,,,,00614  ,SE DIVISION ST              ,,05096  ,SE 96TH AVE                 ,,1,,3,1.96200008e+01,,1,INTER   ,0,1,CROSS  ,0,0,0,,0,,,06,E,S-1STOP   ,3,REAR    ,4,INJ,1,CLR ,1,DRY ,1,DAY ,001,TRF SIGNAL,1,0,NONE  ,,,,,,,29,F AVOID ,,,,,,,0,0,0,0,0,9,"Over 200,000",2,PORTLAND HWY SYSTEM,IS,205  ,I-205     ,1,02B,293_6127,,0,10/30/19 17:21:04,2,0,0,0,1,1,0,1,0,0,0,0,0,0,0,0,0,0,0,2,2,1,0,1,0,0,0,0,0,0,0,N
1779526,00096,01/06/18 00:00:00,01,06,2018,7,15,3P ,26,Multnomah,245,Portland SE,57,PORTLAND UA    ,11,U INTRST,1,001,  ,PACIFIC,1,6,CN,0,R,7,0001TI100S00,45,31,10.340000000000000,-122,39,59.630000000000000,45.519538888888667,-122.666563888888000,,,,,09448  ,SB EXTO MORRSN BR C7        ,,09446  ,SB EX BELMONT ST C2         ,,1,,1,3.02100006e+02,45,3,STRGHT  ,0,,,0,0,0,2,,0,NONE ,03,E,S-1STOP   ,3,REAR    ,4,INJ,1,CLR ,1,DRY ,1,DAY ,099,UNKNOWN   ,1,0,NONE  ,013,FORCED    ,,,,,29,F AVOID ,,,,,,,0,0,0,0,0,9,"Over 200,000",2,PORTLAND HWY SYSTEM,IS,5    ,I-5       ,1,02B,293_24007,,0,10/30/19 17:21:04,2,0,0,1,1,2,2,3,0,0,0,0,0,0,0,0,0,0,0,5,5,4,0,1,0,0,0,0,0,0,0,N
1779529,00097,01/06/18 00:00:00,01,06,2018,7,20,8P ,26,Multnomah,245,Portland SE,57,PORTLAND UA    ,14,U PR-ART,1,026,  ,MT. HOOD,1,0,MN,0,R,,002600100S00,45,29,51.820000000000000,-122,31,27.450000000000000,45.497727777777333,-122.524291666666667,,,,,01940  ,SE POWELL BLVD              ,,05136  ,SE 136TH AVE                ,,1,,6,7.86000013e+00,35,2,ALLEY   ,0,,,0,0,0,2,,0,NONE ,03,H,O-1 L-TURN,6,TURN    ,4,INJ,2,CLD ,1,DRY ,2,DLIT,099,UNKNOWN   ,1,3,CITY  ,,,,,,,02,NO-YIELD,33,RECKLESS,,,0,0,1,0,0,0,0,9,"Over 200,000",2,PORTLAND HWY SYSTEM,US,26   ,US 26     ,1,02B,293_20834,,0,10/30/19 17:21:04,2,0,0,0,1,1,0,1,0,0,0,0,0,0,0,0,0,0,0,2,2,2,0,0,0,0,0,0,0,0,0,N
1779547,01670,03/01/18 00:00:00,03,01,2018,5,12,12P,26,Multnomah,245,Portland SE,57,PORTLAND UA    ,16,U MN-ART,0,,,,,,,,,,,45,31,8.960000000000000,-122,30,38.550000000000000,45.519155555554667,-122.510708333333000,,,,,02259  ,SE STARK ST                 ,,05148  ,SE 148TH AVE                ,,1,0,5,,,1,INTER   ,0,1,CROSS  ,0,0,0,,0,,,06,I,O-1STOP   ,-,BACK    ,4,INJ,1,CLR ,1,DRY ,1,DAY ,001,TRF SIGNAL,1,0,NONE  ,,,,,,,04,DIS SIG ,,,,,,,0,0,0,0,0,9,"Over 200,000",1,PORTLAND CITY STREET,,,,1,02B,58_182989,,0,10/30/19 17:21:04,2,0,0,0,1,1,0,1,0,0,0,0,0,0,0,0,0,0,0,2,2,1,0,1,0,0,0,0,0,0,0,N
1779560,01673,03/01/18 00:00:00,03,01,2018,5,15,3P ,26,Multnomah,245,Portland SE,57,PORTLAND UA    ,17,U MJ-COL,0,,,,,,,,,,,45,30,17.230000000000000,-122,37,36.110000000000000,45.504786111111000,-122.626697222221667,,,,,00614  ,SE DIVISION ST              ,,05036  ,SE 36TH AVE                 ,,1,100,7,,,3,STRGHT  ,0,,,0,0,0,2,,0,NONE ,08,F,S-OTHER   ,7,PARK    ,4,INJ,1,CLR ,1,DRY ,1,DAY ,099,UNKNOWN   ,1,0,NONE  ,013,FORCED    ,,,,,02,NO-YIELD,,,,,,,0,0,0,0,0,9,"Over 200,000",1,PORTLAND CITY STREET,,,,1,02B,58_119568,,0,10/30/19 17:21:04,3,0,0,1,0,1,0,1,0,0,0,0,0,0,0,0,0,0,0,2,2,2,0,0,0,0,0,0,0,0,0,N
1779565,00962,02/06/18 00:00:00,02,06,2018,3,14,2P ,26,Multnomah,245,Portland SE,57,PORTLAND UA    ,17,U MJ-COL,0,,,,,,,,,,,45,31,10.870000000000000,-122,39,13.060000000000000,45.519686111110667,-122.653627777777000,,,,,05012  ,SE 12TH AVE                 ,,02259  ,SE STARK ST                 ,,1,100,1,,,3,STRGHT  ,0,,,0,0,0,2,,0,NONE ,08,C,S-STRGHT  ,5,SS-O    ,4,INJ,1,CLR ,1,DRY ,1,DAY ,015,ONE-WAY   ,1,5,NO RPT,013,FORCED    ,,,,,13,IMP LN C,,,,,,,0,0,0,0,0,9,"Over 200,000",1,PORTLAND CITY STREET,,,,1,02B,58_115188,,0,10/30/19 17:21:04,3,0,0,0,1,1,0,1,0,0,0,0,0,0,0,0,0,0,0,2,2,1,0,1,0,0,0,0,0,0,0,N
1779572,00973,02/07/18 00:00:00,02,07,2018,4,13,1P ,26,Multnomah,245,Portland SE,57,PORTLAND UA    ,16,U MN-ART,0,,,,,,,,,,,45,30,19.090000000000000,-122,36,40.050000000000000,45.505302777777000,-122.611125000000000,,,,,00614  ,SE DIVISION ST              ,,05050  ,SE 50TH AVE                 ,,1,0,5,,,1,INTER   ,0,1,CROSS  ,0,0,0,,0,,,06,E,S-1STOP   ,3,REAR    ,4,INJ,1,CLR ,1,DRY ,1,DAY ,001,TRF SIGNAL,1,0,NONE  ,013,FORCED    ,,,,,27,INATTENT,,,,,,1,0,0,0,0,0,9,"Over 200,000",1,PORTLAND CITY STREET,,,,1,02B,58_119469,,0,10/30/19 17:21:04,3,0,0,0,2,2,0,2,0,0,0,0,0,0,0,0,0,0,0,4,4,4,0,0,0,0,0,0,0,0,0,N
1779599,00976,02/07/18 00:00:00,02,07,2018,4,15,3P ,26,Multnomah,245,Portland SE,57,PORTLAND UA    ,14,U PR-ART,1,,,,,,,,,,,45,30,14.650000000000000,-122,31,55.570000000000000,45.504069444444000,-122.532102777777667,,,,,00614  ,SE DIVISION ST              ,,05129  ,SE 129TH AVE                ,,1,201,7,,,2,ALLEY   ,0,,,0,0,0,4,,0,NONE ,08,B,ANGL-OTH  ,6,TURN    ,4,INJ,1,CLR ,1,DRY ,1,DAY ,099,UNKNOWN   ,1,5,NO RPT,,,,,,,02,NO-YIELD,,,,,,,0,0,0,0,0,9,"Over 200,000",1,PORTLAND CITY STREET,,,,1,02B,58_183234,,0,10/30/19 17:21:04,2,0,0,0,1,1,0,1,0,0,0,0,0,0,0,0,0,0,0,2,2,1,0,1,0,0,0,0,0,0,0,N
1779614,01682,03/01/18 00:00:00,03,01,2018,5,07,7A ,26,Multnomah,245,Portland SE,57,PORTLAND UA    ,19,U LOCAL ,0,,,,,,,,,,,45,29,46.950000000000000,-122,37,14.790000000000000,45.496374999999333,-122.620774999999667,,,,,01940  ,SE POWELL BLVD              ,,05040  ,SE 40TH AVE                 ,,1,360,5,,25,2,ALLEY   ,0,,,0,0,0,2,,0,NONE ,07,B,ANGL-OTH  ,6,TURN    ,4,INJ,2,CLD ,2,WET ,1,DAY ,099,UNKNOWN   ,1,3,CITY  ,,,,,,,02,NO-YIELD,,,,,0,0,0,0,0,0,1,9,"Over 200,000",1,PORTLAND CITY STREET,,,,1,02B,58_122807,,0,10/30/19 17:21:04,4,0,0,0,1,1,0,1,0,0,0,0,0,0,0,0,0,0,0,2,2,1,0,1,0,0,0,0,0,0,0,N
1779622,00980,02/07/18 00:00:00,02,07,2018,4,20,8P ,26,Multnomah,245,Portland SE,57,PORTLAND UA    ,19,U LOCAL ,0,,,,,,,,,,,45,30,41.410000000000000,-122,31,29.280000000000000,45.511502777777000,-122.524799999999667,,,,,05135  ,SE 135TH AVE                ,,01528  ,SE MARKET ST                ,,1,82,1,,,3,STRGHT  ,1,,,0,0,0,2,,0,NONE ,07,8,FIX OBJ   ,9,FIX     ,4,INJ,1,CLR ,1,DRY ,2,DLIT,099,UNKNOWN   ,1,3,CITY  ,061,MAILBOX   ,010,SUB OTRN  ,,,33,RECKLESS,,,,,0,0,0,0,0,0,0,9,"Over 200,000",1,PORTLAND CITY STREET,,,,1,02B,58_192849,,0,10/30/19 17:21:04,1,0,0,0,1,1,0,0,0,0,0,0,0,0,0,0,0,0,0,1,1,0,0,1,0,0,0,0,0,0,0,Y
1779632,00986,02/07/18 00:00:00,02,07,2018,4,13,1P ,26,Multnomah,245,Portland SE,57,PORTLAND UA    ,16,U MN-ART,0,,,,,,,,,,,45,31,7.680000000000000,-122,33,9.910000000000000,45.518799999999667,-122.552752777777000,,,,,02612  ,SE WASHINGTON ST            ,,05108  ,SE 108TH AVE                ,,1,0,7,,,1,INTER   ,0,3,3-LEG  ,0,0,0,,0,,,06,E,S-1STOP   ,3,REAR    ,4,INJ,1,CLR ,1,DRY ,1,DAY ,019,SP PED SIG,1,5,NO RPT,004,INDRCT PED,,,,,01,TOO-FAST,,,,,,,0,0,0,1,0,9,"Over 200,000",1,PORTLAND CITY STREET,,,,1,02B,58_115789,,0,10/30/19 17:21:04,2,0,0,0,1,1,0,1,0,0,0,0,0,0,0,0,0,0,0,2,2,2,0,0,0,0,0,0,0,0,0,N
1779640,01691,03/01/18 00:00:00,03,01,2018,5,21,9P ,26,Multnomah,245,Portland SE,57,PORTLAND UA    ,16,U MN-ART,0,,,,,,,,,,,45,30,44.020000000000000,-122,39,31.350000000000000,45.512227777777000,-122.658708333333000,,,,,01028  ,SE HAWTHORNE BLVD           ,,05007  ,SE 7TH AVE                  ,,1,0,9,,,1,INTER   ,0,1,CROSS  ,0,0,0,,0,,,03,B,ANGL-OTH  ,1,ANGL    ,4,INJ,3,RAIN,2,WET ,2,DLIT,001,TRF SIGNAL,1,3,CITY  ,087,FIRE/EXP  ,,,,,27,INATTENT,04,DIS SIG ,,,0,0,0,0,0,0,0,9,"Over 200,000",1,PORTLAND CITY STREET,,,,1,02B,58_139857,,0,10/30/19 17:21:04,2,0,0,0,2,2,0,0,0,0,0,0,0,0,0,0,0,0,0,2,2,2,0,0,0,0,0,0,0,0,0,N
1779663,01699,03/02/18 00:00:00,03,02,2018,6,16,4P ,26,Multnomah,245,Portland SE,57,PORTLAND UA    ,16,U MN-ART,0,,,,,,,,,,,45,31,8.600000000000000,-122,31,57.370000000000000,45.519055555554667,-122.532602777777667,,,,,02259  ,SE STARK ST                 ,,05127  ,SE 127TH AVE                ,,1,0,7,,,1,INTER   ,0,3,3-LEG  ,0,0,0,,0,,,06,E,S-1STOP   ,3,REAR    ,4,INJ,1,CLR ,1,DRY ,1,DAY ,099,UNKNOWN   ,1,0,NONE  ,013,FORCED    ,004,INDRCT PED,,,29,F AVOID ,,,,,,,0,0,0,0,0,9,"Over 200,000",1,PORTLAND CITY STREET,,,,1,02B,58_115814,,0,10/30/19 17:21:04,3,0,0,0,1,1,0,3,0,0,0,0,0,0,0,0,0,0,0,4,4,2,0,2,0,0,0,0,0,0,0,N
1779708,01705,03/02/18 00:00:00,03,02,2018,6,01,1A ,26,Multnomah,245,Portland SE,57,PORTLAND UA    ,16,U MN-ART,0,,,,,,,,,,,45,29,25.070000000000000,-122,36,32.380000000000000,45.490297222221333,-122.608994444444000,,,,,01055  ,SE HOLGATE BLVD             ,,05052  ,SE 52ND AVE                 ,,1,0,9,,,1,INTER   ,0,1,CROSS  ,0,0,0,,0,,,03,H,O-1 L-TURN,6,TURN    ,4,INJ,1,CLR ,1,DRY ,2,DLIT,001,TRF SIGNAL,1,5,NO RPT,,,,,,,02,NO-YIELD,04,DIS SIG ,,,,,0,0,0,0,0,9,"Over 200,000",1,PORTLAND CITY STREET,,,,1,02B,58_124282,,0,10/30/19 17:21:04,2,0,0,2,0,2,0,1,0,0,0,0,0,0,0,0,0,0,0,3,3,2,0,1,0,0,0,0,0,0,0,N
1779714,01706,03/02/18 00:00:00,03,02,2018,6,09,9A ,26,Multnomah,245,Portland SE,57,PORTLAND UA    ,14,U PR-ART,1,,,,,,,,,,,45,31,9.730000000000000,-122,39,42.420000000000000,45.519369444443667,-122.661783333333000,,,,,02259  ,SE STARK ST                 ,,02402  ,SE MLK/UNION                ,,1,0,7,,25,1,INTER   ,0,1,CROSS  ,0,0,0,,0,,,06,E,S-1STOP   ,3,REAR    ,4,INJ,1,CLR ,1,DRY ,1,DAY ,001,TRF SIGNAL,1,3,CITY  ,,,,,,,29,F AVOID ,,,,,0,0,0,0,0,0,1,9,"Over 200,000",1,PORTLAND CITY STREET,,,,1,02B,58_138713,,0,10/30/19 17:21:04,2,0,0,0,1,1,1,2,0,0,0,0,0,0,0,0,0,0,0,3,3,2,0,1,0,0,0,0,0,0,0,N
1779726,01709,03/02/18 00:00:00,03,02,2018,6,16,4P ,26,Multnomah,245,Portland SE,57,PORTLAND UA    ,17,U MJ-COL,0,,,,,,,,,,,45,28,4.010000000000000,-122,33,52.120000000000000,45.467780555554667,-122.564477777777000,,,,,01319  ,SE KNAPP ST                 ,,01623  ,SE MT SCOTT BLVD            ,,1,0,8,,,1,INTER   ,0,3,3-LEG  ,0,0,0,,0,,,06,E,S-1STOP   ,3,REAR    ,4,INJ,1,CLR ,1,DRY ,1,DAY ,099,UNKNOWN   ,1,5,NO RPT,,,,,,,29,F AVOID ,,,,,,,0,0,0,0,0,9,"Over 200,000",1,PORTLAND CITY STREET,,,,1,02B,58_191622,,0,10/30/19 17:21:04,2,0,0,0,1,1,0,1,0,0,0,0,0,0,0,0,0,0,0,2,2,1,0,1,0,0,0,0,0,0,1,N
1779745,01717,03/02/18 00:00:00,03,02,2018,6,20,8P ,26,Multnomah,245,Portland SE,57,PORTLAND UA    ,17,U MJ-COL,0,,,,,,,,,,,45,31,1.860000000000000,-122,38,51.210000000000000,45.517183333332667,-122.647558333333333,,,,,01591  ,SE MORRISON ST              ,,05018  ,SE 18TH AVE                 ,,1,0,7,,,1,INTER   ,0,1,CROSS  ,0,0,0,,0,,,06,C,S-STRGHT  ,5,SS-O    ,4,INJ,1,CLR ,1,DRY ,5,DUSK,015,ONE-WAY   ,1,0,NONE  ,,,,,,,13,IMP LN C,,,,,,,0,0,0,0,0,9,"Over 200,000",1,PORTLAND CITY STREET,,,,1,02B,58_115783,,0,10/30/19 17:21:04,2,0,0,0,2,2,0,1,0,0,0,0,0,0,0,0,0,0,0,3,3,0,0,3,0,0,0,0,0,0,0,N
1779749,01718,03/03/18 00:00:00,03,03,2018,7,12,12P,26,Multnomah,245,Portland SE,57,PORTLAND UA    ,16,U MN-ART,0,,,,,,,,,,,45,31,8.770000000000000,-122,31,15.680000000000000,45.519102777777667,-122.521022222221667,,,,,02259  ,SE STARK ST                 ,,05139  ,SE 139TH AVE                ,,1,0,9,,,1,INTER   ,0,1,CROSS  ,0,0,0,,0,,,03,B,ANGL-OTH  ,1,ANGL    ,4,INJ,1,CLR ,1,DRY ,1,DAY ,001,TRF SIGNAL,1,5,NO RPT,,,,,,,04,DIS SIG ,,,,,,,0,0,0,0,0,9,"Over 200,000",1,PORTLAND CITY STREET,,,,1,02B,58_115864,,0,10/30/19 17:21:04,2,0,0,0,2,2,0,0,0,0,0,0,0,0,0,0,0,0,0,2,2,0,0,2,0,0,0,0,0,0,1,N