CRASH_ID,SER_NO,CRASH_DT,CRASH_MO_NO,CRASH_DAY_NO,CRASH_YR_NO,CRASH_WK_DAY_CD,CRASH_HR_NO,CRASH_HR_SHORT_DESC,CNTY_ID,CNTY_NM,CITY_SECT_ID,CITY_SECT_NM,URB_AREA_CD,URB_AREA_SHORT_NM,FC_CD,FC_SHORT_DESC,NHS_FLG,HWY_NO,HWY_SFX_NO,HWY_MED_NM,RDWY_NO,HWY_COMPNT_CD,HWY_COMPNT_SHORT_DESC,MLGE_TYP_CD,MLGE_TYP_SHORT_DESC,RD_CON_NO,LRS_VAL,LAT_DEG_NO,LAT_MINUTE_NO,LAT_SEC_NO,LONGTD_DEG_NO,LONGTD_MINUTE_NO,LONGTD_SEC_NO,LAT_DD,LONGTD_DD,SPECL_JRSDCT_ID,SPECL_JRSDCT_SHORT_DESC,JRSDCT_GRP_CD,JRSDCT_GRP_LONG_DESC,AGY_ST_NO,ST_FULL_NM,RECRE_RD_NM,ISECT_AGY_ST_NO,ISECT_ST_FULL_NM,ISECT_RECRE_RD_NM,ISECT_SEQ_NO,FROM_ISECT_DSTNC_QTY,CMPSS_DIR_CD,MP_NO,POST_SPEED_LMT_VAL,RD_CHAR_CD,RD_CHAR_SHORT_DESC,OFF_RDWY_FLG,ISECT_TYP_CD,ISECT_TYP_SHORT_DESC,ISECT_REL_FLG,RNDABT_FLG,DRVWY_REL_FLG,LN_QTY,TURNG_LEG_QTY,MEDN_TYP_CD,MEDN_TYP_SHORT_DESC,IMPCT_LOC_CD,CRASH_TYP_CD,CRASH_TYP_SHORT_DESC,COLLIS_TYP_CD,COLLIS_TYP_SHORT_DESC,CRASH_SVRTY_CD,CRASH_SVRTY_SHORT_DESC,WTHR_COND_CD,WTHR_COND_SHORT_DESC,RD_SURF_COND_CD,RD_SURF_SHORT_DESC,LGT_COND_CD,LGT_COND_SHORT_DESC,TRAF_CNTL_DEVICE_CD,TRAF_CNTL_DEVICE_SHORT_DESC,TRAF_CNTL_FUNC_FLG,INVSTG_AGY_CD,INVSTG_AGY_SHORT_DESC,CRASH_EVNT_1_CD,CRASH_EVNT_1_SHORT_DESC,CRASH_EVNT_2_CD,CRASH_EVNT_2_SHORT_DESC,CRASH_EVNT_3_CD,CRASH_EVNT_3_SHORT_DESC,CRASH_CAUSE_1_CD,CRASH_CAUSE_1_SHORT_DESC,CRASH_CAUSE_2_CD,CRASH_CAUSE_2_SHORT_DESC,CRASH_CAUSE_3_CD,CRASH_CAUSE_3_SHORT_DESC,SCHL_ZONE_IND,WRK_ZONE_IND,ALCHL_INVLV_FLG,DRUG_INVLV_FLG,MJ_INVLV_FLG,CRASH_SPEED_INVLV_FLG,CRASH_HIT_RUN_FLG,POP_RNG_CD,POP_RNG_MED_DESC,RD_CNTL_CD,RD_CNTL_MED_DESC,RTE_TYP_CD,RTE_ID,RTE_NM,REG_ID,DIST_ID,SEG_MRK_ID,SEG_PT_LRS_MEAS,UNLOCT_FLG,CRASH_LAST_UD_DT,TOT_VHCL_CNT,TOT_FATAL_CNT,TOT_INJ_LVL_A_CNT,TOT_INJ_LVL_B_CNT,TOT_INJ_LVL_C_CNT,TOT_INJ_CNT,TOT_UNINJD_AGE00_04_CNT,TOT_UNINJD_PER_CNT,TOT_PED_CNT,TOT_PED_FATAL_CNT,TOT_PED_INJ_LVL_A_CNT,TOT_PED_INJ_CNT,TOT_PEDCYCL_CNT,TOT_PEDCYCL_FATAL_CNT,TOT_PEDCYCL_INJ_LVL_A_CNT,TOT_PEDCYCL_INJ_CNT,TOT_UNKNWN_CNT,TOT_UNKNWN_FATAL_CNT,TOT_UNKNWN_INJ_CNT,TOT_OCCUP_CNT,TOT_PER_INVLV_CNT,TOT_SFTY_EQUIP_USED_QTY,TOT_SFTY_EQUIP_UNUSED_QTY,TOT_SFTY_EQUIP_USE_UNKNWN_QTY,TOT_PSNGR_VHCL_OCC_UNRESTRND_FATAL_CNT,TOT_MCYCLST_FATAL_CNT,TOT_MCYCLST_INJ_LVL_A_CNT,TOT_MCYCLST_INJ_CNT,TOT_MCYCLST_UNHELMTD_FATAL_CNT,TOT_ALCHL_IMPAIRED_DRVR_INV_FATAL_CNT,TOT_DRVR_AGE_01_20_CNT,LANE_RDWY_DPRT_CRASH_FLG
1779755,01721,03/03/18 00:00:00,03,03,2018,7,20,8P ,26,Multnomah,245,Portland SE,57,PORTLAND UA    ,16,U MN-ART,0,,,,,,,,,,,45,30,49.110000000000000,-122,39,16.860000000000000,45.513641666666000,-122.654683333333000,,,,,01515  ,SE MAIN ST                  ,,05011  ,SE 11TH AVE                 ,,1,0,9,,,1,INTER   ,0,1,CROSS  ,0,0,0,,0,,,01,B,ANGL-OTH  ,1,ANGL    ,4,INJ,1,CLR ,1,DRY ,5,DUSK,004,STOP SIGN ,1,5,NO RPT,,,,,,,03,PAS-STOP,02,NO-YIELD,,,,,0,0,0,0,0,9,"Over 200,000",1,PORTLAND CITY STREET,,,,1,02B,58_117122,,0,10/30/19 17:21:04,2,0,0,0,1,1,0,1,0,0,0,0,0,0,0,0,0,0,0,2,2,0,0,2,0,0,0,0,0,0,0,N
1779797,01733,03/03/18 00:00:00,03,03,2018,7,10,10A,26,Multnomah,245,Portland SE,57,PORTLAND UA    ,14,U PR-ART,1,068,  ,CASCADE HWY NORTH,1,0,MN,0,R,,006800100S00,45,29,8.840000000000000,-122,34,44.020000000000000,45.485788888888333,-122.578894444443667,,,,,02113  ,SE RAYMOND CT               ,,05082  ,SE 82ND AVE                 ,,1,,1,5.55999994e+00,35,1,INTER   ,0,3,3-LEG  ,0,0,0,,0,,,05,3,PED       ,0,PED     ,4,INJ,1,CLR ,1,DRY ,1,DAY ,099,UNKNOWN   ,1,3,CITY  ,,,,,,,02,NO-YIELD,18,IN RDWY ,19,NT VISBL,0,0,0,0,0,0,0,9,"Over 200,000",2,PORTLAND HWY SYSTEM,OR,213  ,OR 213    ,1,02B,293_19755,,0,10/30/19 17:21:04,1,0,0,1,0,1,0,1,1,0,0,1,0,0,0,0,0,0,0,1,2,1,0,0,0,0,0,0,0,0,0,N
1779800,01735,03/03/18 00:00:00,03,03,2018,7,22,10P,26,Multnomah,245,Portland SE,57,PORTLAND UA    ,16,U MN-ART,0,,,,,,,,,,,45,28,47.340000000000000,-122,34,6.990000000000000,45.479816666666667,-122.568608333332667,,,,,00824  ,SE FOSTER RD                ,,05092  ,SE 92ND AVE                 ,,1,0,9,,,1,INTER   ,0,1,CROSS  ,0,0,0,,0,,,02,B,ANGL-OTH  ,1,ANGL    ,4,INJ,1,CLR ,1,DRY ,2,DLIT,001,TRF SIGNAL,1,5,NO RPT,,,,,,,04,DIS SIG ,,,,,,,0,0,0,0,0,9,"Over 200,000",1,PORTLAND CITY STREET,,,,1,02B,58_141519,,0,10/30/19 17:21:04,2,0,0,0,1,1,0,1,0,0,0,0,0,0,0,0,0,0,0,2,2,1,0,1,0,0,0,0,0,0,0,N
1779838,01758,03/04/18 00:00:00,03,04,2018,1,11,11A,26,Multnomah,245,Portland SE,57,PORTLAND UA    ,11,U INTRST,1,064,  ,EAST PORTLAND FREEWAY,1,0,MN,0,R,,006400100S00,45,29,3.060000000000000,-122,33,57.060000000000000,45.484183333333333,-122.565850000000000,,,,,00745  ,EAST PORTLAND FY            ,,09713  ,NB EF FOSTER RD C5          ,,1,,1,1.82199993e+01,55,3,STRGHT  ,1,,,0,0,0,6,,1,RSDMD,02,2,PRKD MV   ,3,REAR    ,4,INJ,2,CLD ,1,DRY ,1,DAY ,017,MEDIAN BAR,1,3,CITY  ,005,SUB-PED   ,009,ON/OFF V  ,013,FORCED    ,17,ILLNESS ,,,,,0,0,0,0,0,0,0,9,"Over 200,000",2,PORTLAND HWY SYSTEM,IS,205  ,I-205     ,1,02B,293_5706,,0,10/30/19 17:21:04,3,0,1,1,1,3,0,0,2,0,1,2,0,0,0,0,0,0,0,1,3,1,0,0,0,0,0,0,0,0,0,Y
1779864,01761,03/04/18 00:00:00,03,04,2018,1,15,3P ,26,Multnomah,245,Portland SE,57,PORTLAND UA    ,17,U MJ-COL,0,,,,,,,,,,,45,29,25.570000000000000,-122,34,6.920000000000000,45.490436111110333,-122.568588888888667,,,,,05092  ,SE 92ND AVE                 ,,01055  ,SE HOLGATE BLVD             ,,1,120,1,,,3,STRGHT  ,0,,,0,0,0,3,,0,NONE ,08,E,S-1STOP   ,5,SS-O    ,4,INJ,1,CLR ,1,DRY ,1,DAY ,099,UNKNOWN   ,1,0,NONE  ,,,,,,,06,IMP-OVER,13,IMP LN C,,,,,0,0,0,0,0,9,"Over 200,000",1,PORTLAND CITY STREET,,,,1,02B,58_141285,,0,10/30/19 17:21:04,2,0,0,0,2,2,0,1,0,0,0,0,0,0,0,0,0,0,0,3,3,0,0,3,0,0,0,0,0,0,0,N
1779869,01763,03/04/18 00:00:00,03,04,2018,1,12,12P,26,Multnomah,245,Portland SE,57,PORTLAND UA    ,11,U INTRST,1,064,  ,EAST PORTLAND FREEWAY,1,6,CN,0,R,8,0064BZ100S00,45,29,50.600000000000000,-122,33,59.500000000000000,45.497388888888333,-122.566527777777000,,,,,01940  ,SE POWELL BLVD              ,,09719  ,SB EF DIV-POWELL C8         ,,1,,1,2.02299995e+01,,1,INTER   ,0,3,3-LEG  ,0,0,0,,0,,,06,3,PED       ,0,PED     ,4,INJ,1,CLR ,1,DRY ,1,DAY ,001,TRF SIGNAL,1,5,NO RPT,,,,,,,02,NO-YIELD,,,,,,,0,0,0,0,0,9,"Over 200,000",2,PORTLAND HWY SYSTEM,IS,205  ,I-205     ,1,02B,293_6162,,0,10/30/19 17:21:04,1,0,0,0,1,1,0,1,1,0,0,1,0,0,0,0,0,0,0,1,2,1,0,0,0,0,0,0,0,0,0,N
1779926,01770,03/05/18 00:00:00,03,05,2018,2,08,8A ,26,Multnomah,245,Portland SE,57,PORTLAND UA    ,14,U PR-ART,1,026,  ,MT. HOOD,1,0,MN,0,R,,002600100S00,45,29,52.280000000000000,-122,31,24.780000000000000,45.497855555555333,-122.523549999999667,,,,,01940  ,SE POWELL BLVD              ,,05136  ,SE 136TH AVE                ,,1,,5,7.90000010e+00,35,1,INTER   ,0,1,CROSS  ,0,0,0,,0,,,06,E,S-1STOP   ,3,REAR    ,4,INJ,1,CLR ,1,DRY ,1,DAY ,001,TRF SIGNAL,1,0,NONE  ,004,INDRCT PED,,,,,29,F AVOID ,,,,,,,0,0,0,0,0,9,"Over 200,000",2,PORTLAND HWY SYSTEM,US,26   ,US 26     ,1,02B,293_14853,,0,10/30/19 17:21:04,2,0,0,0,1,1,0,1,0,0,0,0,0,0,0,0,0,0,0,2,2,1,0,1,0,0,0,0,0,0,1,N
1779959,01777,03/05/18 00:00:00,03,05,2018,2,10,10A,26,Multnomah,245,Portland SE,57,PORTLAND UA    ,11,U INTRST,1,064,  ,EAST PORTLAND FREEWAY,2,0,MN,0,R,,006400200S00,45,30,37.910000000000000,-122,33,56.480000000000000,45.510530555555000,-122.565688888888000,,,,,00745  ,EAST PORTLAND FY            ,,09722  ,SB EX DIVISION C6           ,,1,,1,2.00499992e+01,55,3,STRGHT  ,0,,,0,0,0,6,,2,DIVMD,03,C,S-STRGHT  ,5,SS-O    ,4,INJ,3,RAIN,2,WET ,1,DAY ,017,MEDIAN BAR,1,0,NONE  ,,,,,,,13,IMP LN C,,,,,,,0,0,0,0,0,9,"Over 200,000",2,PORTLAND HWY SYSTEM,IS,205  ,I-205     ,1,02B,293_5894,,0,10/30/19 17:21:04,2,0,0,0,1,1,0,1,0,0,0,0,0,0,0,0,0,0,0,2,2,1,0,1,0,0,0,0,0,0,0,N
1780046,01780,03/05/18 00:00:00,03,05,2018,2,08,8A ,26,Multnomah,245,Portland SE,57,PORTLAND UA    ,17,U MJ-COL,0,,,,,,,,,,,45,27,55.520000000000000,-122,35,21.690000000000000,45.465422222222000,-122.589358333333333,,,,,01704  ,SE NEHALEM ST               ,,05072  ,SE 72ND AVE                 ,,1,0,9,,,1,INTER   ,0,3,3-LEG  ,0,0,0,,0,,,02,B,ANGL-OTH  ,6,TURN    ,4,INJ,0,UNK ,0,UNK ,1,DAY ,004,STOP SIGN ,1,5,NO RPT,,,,,,,02,NO-YIELD,03,PAS-STOP,,,,,0,0,0,0,0,9,"Over 200,000",1,PORTLAND CITY STREET,,,,1,02B,58_130347,,0,10/30/19 17:21:04,2,0,0,0,1,1,0,1,0,0,0,0,0,0,0,0,0,0,0,2,2,0,0,2,0,0,0,0,0,0,0,N
1780054,80535,02/13/18 00:00:00,02,13,2018,3,06,6A ,26,Multnomah,245,Portland SE,57,PORTLAND UA    ,11,U INTRST,1,064,  ,EAST PORTLAND FREEWAY,1,0,MN,0,R,,006400100S00,45,30,43.030000000000000,-122,33,55.130000000000000,45.511952777777000,-122.565313888888000,,,,,00745  ,EAST PORTLAND FY            ,,09723  ,NB EX WASH-STARK C1         ,,1,,5,2.01399994e+01,55,3,STRGHT  ,0,,,0,0,0,8,,1,RSDMD,06,E,S-1STOP   ,3,REAR    ,4,INJ,1,CLR ,1,DRY ,4,DAWN,099,UNKNOWN   ,1,0,NONE  ,013,FORCED    ,,,,,29,F AVOID ,,,,,,,0,0,0,0,0,9,"Over 200,000",2,PORTLAND HWY SYSTEM,IS,205  ,I-205     ,1,02B,293_5709,,0,10/30/19 17:21:04,3,0,0,0,2,2,0,3,0,0,0,0,0,0,0,0,0,0,0,5,5,4,0,1,0,0,0,0,0,0,0,N
1780060,01786,03/05/18 00:00:00,03,05,2018,2,12,12P,26,Multnomah,245,Portland SE,57,PORTLAND UA    ,17,U MJ-COL,0,,,,,,,,,,,45,30,17.220000000000000,-122,37,13.320000000000000,45.504783333333000,-122.620366666666667,,,,,00614  ,SE DIVISION ST              ,,05041  ,SE 41ST AVE                 ,,1,0,9,,,1,INTER   ,0,1,CROSS  ,0,0,0,,0,,,01,B,ANGL-OTH  ,6,TURN    ,4,INJ,1,CLR ,1,DRY ,1,DAY ,099,UNKNOWN   ,1,0,NONE  ,,,,,,,02,NO-YIELD,,,,,,,0,0,0,0,0,9,"Over 200,000",1,PORTLAND CITY STREET,,,,1,02B,58_119603,,0,10/30/19 17:21:04,2,0,0,0,2,2,0,1,0,0,0,0,0,0,0,0,0,0,0,3,3,2,0,1,0,0,0,0,0,0,0,N
1780102,80642,02/20/18 00:00:00,02,20,2018,3,12,12P,26,Multnomah,245,Portland SE,57,PORTLAND UA    ,17,U MJ-COL,0,,,,,,,,,,,45,29,34.510000000000000,-122,34,23.890000000000000,45.492919444444333,-122.573302777777667,,,,,00614  ,DIVISION ST                 ,,00000  ,                            ,,,,0,,,3,STRGHT  ,1,,,0,0,0,4,,0,NONE ,00,2,PRKD MV   ,5,SS-O    ,4,INJ,6,SNOW,2,WET ,1,DAY ,099,UNKNOWN   ,1,5,NO RPT,124,SLIPPERY  ,,,,,08,IMP-TURN,,,,,,,0,0,0,0,0,9,"Over 200,000",1,PORTLAND CITY STREET,,,,1,02B,,,1,10/30/19 17:21:04,3,0,0,0,1,1,0,0,0,0,0,0,0,0,0,0,0,0,0,1,1,0,0,1,0,0,0,0,0,0,1,Y
1780154,80318,01/27/18 00:00:00,01,27,2018,7,20,8P ,26,Multnomah,245,Portland SE,57,PORTLAND UA    ,11,U INTRST,1,064,  ,EAST PORTLAND FREEWAY,1,0,MN,0,R,,006400100S00,45,31,2.710000000000000,-122,33,54.850000000000000,45.517419444443667,-122.565236111111000,,,,,00745  ,EAST PORTLAND FY            ,,09723  ,NB EX WASH-STARK C1         ,,1,,1,2.05100002e+01,55,3,STRGHT  ,1,,,0,0,0,6,,2,DIVMD,01,8,FIX OBJ   ,9,FIX     ,4,INJ,0,UNK ,0,UNK ,2,DLIT,099,UNKNOWN   ,1,2,COUNTY,029,TIREFAIL  ,054,ST LIGHT  ,,,25,TIREFAIL,,,,,,,0,0,0,0,0,9,"Over 200,000",2,PORTLAND HWY SYSTEM,IS,205  ,I-205     ,1,02B,293_5710,,0,10/30/19 17:21:04,1,0,0,0,1,1,0,0,0,0,0,0,0,0,0,0,0,0,0,1,1,0,0,1,0,0,0,0,0,0,0,Y
1780167,01787,03/06/18 00:00:00,03,06,2018,3,11,11A,26,Multnomah,245,Portland SE,57,PORTLAND UA    ,11,U INTRST,1,064,  ,EAST PORTLAND FREEWAY,1,0,MN,0,R,,006400100S00,45,29,26.070000000000000,-122,33,56.280000000000000,45.490574999999333,-122.565633333333000,,,,,00745  ,EAST PORTLAND FY            ,,09714  ,NB EX POWELL BVD C1         ,,1,,5,1.86599998e+01,55,3,STRGHT  ,0,,,0,0,0,6,,2,DIVMD,03,C,S-STRGHT  ,3,REAR    ,4,INJ,1,CLR ,1,DRY ,1,DAY ,017,MEDIAN BAR,1,0,NONE  ,013,FORCED    ,,,,,29,F AVOID ,,,,,,,0,0,0,0,0,9,"Over 200,000",2,PORTLAND HWY SYSTEM,IS,205  ,I-205     ,1,02B,293_5706,,0,10/30/19 17:21:04,4,0,0,0,1,1,0,3,0,0,0,0,0,0,0,0,0,0,0,4,4,2,0,2,0,0,0,0,0,0,0,N
1780173,81024,03/23/18 00:00:00,03,23,2018,6,16,4P ,26,Multnomah,245,Portland SE,57,PORTLAND UA    ,14,U PR-ART,1,026,  ,MT. HOOD,1,0,MN,0,R,,002600100S00,45,29,40.440000000000000,-122,29,44.200000000000000,45.494566666666333,-122.495611111110333,,,,,01940  ,SE POWELL BLVD              ,,05164  ,SE 164TH AVE                ,,1,,8,9.31999969e+00,35,3,STRGHT  ,0,,,0,0,0,2,,0,NONE ,03,E,S-1STOP   ,3,REAR    ,4,INJ,0,UNK ,0,UNK ,1,DAY ,099,UNKNOWN   ,1,0,NONE  ,,,,,,,29,F AVOID ,,,,,,,0,0,0,0,0,9,"Over 200,000",2,PORTLAND HWY SYSTEM,US,26   ,US 26     ,1,02B,293_17374,,0,10/30/19 17:21:04,2,0,0,0,1,1,0,1,0,0,0,0,0,0,0,0,0,0,0,2,2,0,0,2,0,0,0,0,0,0,0,N
1780210,01807,03/06/18 00:00:00,03,06,2018,3,17,5P ,26,Multnomah,245,Portland SE,57,PORTLAND UA    ,14,U PR-ART,1,026,  ,MT. HOOD,1,0,MN,0,R,,002600100S00,45,29,47.470000000000000,-122,32,54.790000000000000,45.496519444444333,-122.548552777777333,,,,,01940  ,SE POWELL BLVD              ,,05112  ,SE 112TH AVE                ,,1,,7,6.67999983e+00,35,1,INTER   ,0,1,CROSS  ,0,0,0,,0,,,06,E,S-1STOP   ,3,REAR    ,4,INJ,1,CLR ,1,DRY ,1,DAY ,022,L-GRN-SIG ,1,0,NONE  ,013,FORCED    ,,,,,29,F AVOID ,,,,,,,0,0,0,0,0,9,"Over 200,000",2,PORTLAND HWY SYSTEM,US,26   ,US 26     ,1,02B,293_16212,,0,10/30/19 17:21:04,3,0,0,0,2,2,0,3,0,0,0,0,0,0,0,0,0,0,0,5,5,3,0,2,0,0,0,0,0,0,0,N
1780212,01825,02/25/18 00:00:00,02,25,2018,1,02,2A ,26,Multnomah,245,Portland SE,57,PORTLAND UA    ,14,U PR-ART,1,026,  ,MT. HOOD,1,0,MN,0,R,,002600100S00,45,29,51.170000000000000,-122,37,2.670000000000000,45.497547222221333,-122.617408333332667,,,,,01940  ,SE POWELL BLVD              ,,05043  ,SE 43RD AVE                 ,,2,,3,3.16000009e+00,35,3,STRGHT  ,1,,,0,0,0,4,,0,NONE ,01,8,FIX OBJ   ,9,FIX     ,4,INJ,2,CLD ,1,DRY ,2,DLIT,099,UNKNOWN   ,1,3,CITY  ,040,CURB      ,121,FENCE     ,010,SUB OTRN  ,01,TOO-FAST,32,CARELESS,,,0,0,1,1,0,1,0,9,"Over 200,000",2,PORTLAND HWY SYSTEM,US,26   ,US 26     ,1,02B,293_20034,,0,10/30/19 17:21:04,1,0,0,1,0,1,0,0,0,0,0,0,0,0,0,0,0,0,0,1,1,1,0,0,0,0,0,0,0,0,0,Y
1780214,80817,03/06/18 00:00:00,03,06,2018,3,08,8A ,26,Multnomah,245,Portland SE,57,PORTLAND UA    ,14,U PR-ART,1,,,,,,,,,,,45,30,54.320000000000000,-122,39,38.730000000000000,45.515088888888000,-122.660758333333000,,,,,00929  ,SE GRAND AVE                ,,02309  ,SE TAYLOR ST                ,,1,0,5,,,1,INTER   ,0,1,CROSS  ,0,0,0,,0,,,05,E,S-1STOP   ,3,REAR    ,4,INJ,1,CLR ,1,DRY ,4,DAWN,001,TRF SIGNAL,1,0,NONE  ,,,,,,,29,F AVOID ,,,,,,,0,0,0,0,0,9,"Over 200,000",1,PORTLAND CITY STREET,,,,1,02B,58_116594,,0,10/30/19 17:21:04,2,0,0,0,1,1,0,1,0,0,0,0,0,0,0,0,0,0,0,2,2,1,0,1,0,0,0,0,0,0,0,N
1780217,80818,03/06/18 00:00:00,03,06,2018,3,10,10A,26,Multnomah,245,Portland SE,57,PORTLAND UA    ,16,U MN-ART,0,,,,,,,,,,,45,27,51.550000000000000,-122,38,42.200000000000000,45.464319444444000,-122.645055555555333,,,,,02301  ,SE TACOMA ST                ,,05019  ,SE 19TH AVE                 ,,1,0,3,,,1,INTER   ,0,1,CROSS  ,0,0,0,,0,,,06,E,S-1STOP   ,3,REAR    ,4,INJ,0,UNK ,0,UNK ,1,DAY ,001,TRF SIGNAL,1,0,NONE  ,,,,,,,29,F AVOID ,,,,,,,0,0,0,0,0,9,"Over 200,000",1,PORTLAND CITY STREET,,,,1,02B,58_130368,,0,10/30/19 17:21:04,2,0,0,0,1,1,0,1,0,0,0,0,0,0,0,0,0,0,0,2,2,0,0,2,0,0,0,0,0,0,0,N
1780219,01828,02/18/18 00:00:00,02,18,2018,1,14,2P ,26,Multnomah,245,Portland SE,57,PORTLAND UA    ,17,U MJ-COL,0,,,,,,,,,,,45,30,9.460000000000000,-122,34,6.670000000000000,45.502627777777000,-122.568519444443667,,,,,00464  ,SE CLINTON ST               ,,05092  ,SE 92ND AVE                 ,,2,0,1,,,1,INTER   ,0,3,3-LEG  ,0,0,0,,0,,,05,G,O-STRGHT  ,2,HEAD    ,4,INJ,6,SNOW,2,WET ,1,DAY ,099,UNKNOWN   ,1,3,CITY  ,,,,,,,01,TOO-FAST,06,IMP-OVER,05,LEFT-CTR,0,0,0,0,0,1,1,9,"Over 200,000",1,PORTLAND CITY STREET,,,,1,02B,58_500499,,0,10/30/19 17:21:04,2,0,0,0,1,1,0,1,0,0,0,0,0,0,0,0,0,0,0,2,2,1,0,1,0,0,0,0,0,0,0,N
1780228,80834,03/07/18 00:00:00,03,07,2018,4,13,1P ,26,Multnomah,245,Portland SE,57,PORTLAND UA    ,14,U PR-ART,0,064,  ,EAST PORTLAND FREEWAY,1,6,CN,0,R,4,0064BV100S00,45,30,15.950000000000000,-122,33,56.600000000000000,45.504430555555000,-122.565722222222000,,,,,00614  ,SE DIVISION ST              ,,09722  ,SB EX DIVISION C6           ,,1,,3,1.97399998e+01,,3,STRGHT  ,0,,,0,0,0,4,,0,NONE ,03,E,S-1STOP   ,3,REAR    ,4,INJ,1,CLR ,1,DRY ,1,DAY ,099,UNKNOWN   ,1,5,NO RPT,,,,,,,27,INATTENT,29,F AVOID ,,,,,0,0,0,0,0,9,"Over 200,000",2,PORTLAND HWY SYSTEM,IS,205  ,I-205     ,1,02B,293_6129,,0,10/30/19 17:21:04,2,0,0,1,0,1,0,1,0,0,0,0,0,0,0,0,0,0,0,2,2,1,0,1,0,0,0,0,0,0,1,N
1780241,80845,03/08/18 00:00:00,03,08,2018,5,09,9A ,26,Multnomah,245,Portland SE,57,PORTLAND UA    ,14,U PR-ART,1,068,  ,CASCADE HWY NORTH,1,0,MN,0,R,,006800100S00,45,29,49.720000000000000,-122,34,43.390000000000000,45.497144444444333,-122.578719444443667,,,,,05082  ,SE 82ND AVE                 ,,01940  ,SE POWELL BLVD              ,,1,,5,4.76999998e+00,35,3,STRGHT  ,0,,,0,0,0,4,,0,NONE ,06,E,S-1STOP   ,3,REAR    ,4,INJ,3,RAIN,2,WET ,1,DAY ,099,UNKNOWN   ,1,0,NONE  ,,,,,,,29,F AVOID ,,,,,,,0,0,0,0,0,9,"Over 200,000",2,PORTLAND HWY SYSTEM,OR,213  ,OR 213    ,1,02B,293_18733,,0,10/30/19 17:21:04,2,0,0,0,2,2,0,0,0,0,0,0,0,0,0,0,0,0,0,2,2,1,0,1,0,0,0,0,0,0,0,N
1780245,80902,03/13/18 00:00:00,03,13,2018,3,14,2P ,26,Multnomah,245,Portland SE,57,PORTLAND UA    ,14,U PR-ART,1,068,  ,CASCADE HWY NORTH,1,0,MN,0,R,,006800100S00,45,27,49.840000000000000,-122,34,44.560000000000000,45.463844444444000,-122.579044444443667,,,,,05082  ,SE 82ND AVE                 ,,01018  ,SE HARNEY ST                ,,1,,1,7.05000019e+00,35,3,STRGHT  ,0,,,0,0,0,4,,0,NONE ,03,E,S-1STOP   ,3,REAR    ,4,INJ,2,CLD ,2,WET ,1,DAY ,099,UNKNOWN   ,1,0,NONE  ,004,INDRCT PED,013,FORCED    ,,,29,F AVOID ,,,,,,,0,0,0,0,0,9,"Over 200,000",2,PORTLAND HWY SYSTEM,OR,213  ,OR 213    ,1,02B,293_18738,,0,10/30/19 17:21:04,3,0,0,0,1,1,0,2,0,0,0,0,0,0,0,0,0,0,0,3,3,1,0,2,0,0,0,0,0,0,1,N
1780252,01840,03/07/18 00:00:00,03,07,2018,4,17,5P ,26,Multnomah,245,Portland SE,57,PORTLAND UA    ,11,U INTRST,1,001,  ,PACIFIC,2,0,MN,0,R,,000100200S00,45,31,18.710000000000000,-122,39,55.690000000000000,45.521863888888667,-122.665469444444000,,,,,00302  ,PACIFIC HY I-5              ,,09449  ,NB EF MORRISN BR C3         ,,1,,1,3.01390015e+02,50,3,STRGHT  ,0,,,0,0,0,4,,1,RSDMD,03,C,S-STRGHT  ,3,REAR    ,4,INJ,1,CLR ,1,DRY ,1,DAY ,017,MEDIAN BAR,1,5,NO RPT,,,,,,,29,F AVOID ,,,,,,,0,0,0,0,0,9,"Over 200,000",2,PORTLAND HWY SYSTEM,IS,5    ,I-5       ,1,02B,293_3028,,0,10/30/19 17:21:04,2,0,0,0,2,2,0,1,0,0,0,0,0,0,0,0,0,0,0,3,3,1,0,2,0,0,0,0,0,0,0,N
1780283,01862,03/08/18 00:00:00,03,08,2018,5,19,7P ,26,Multnomah,245,Portland SE,57,PORTLAND UA    ,14,U PR-ART,1,,,,,,,,,,,45,30,17.250000000000000,-122,37,21.450000000000000,45.504791666666000,-122.622624999999667,,,,,00614  ,SE DIVISION ST              ,,05039  ,SE 39TH AV/CESAR CHAVEZ     ,,1,0,7,,,1,INTER   ,0,1,CROSS  ,0,0,0,,0,,,06,E,S-1STOP   ,3,REAR    ,4,INJ,3,RAIN,2,WET ,2,DLIT,001,TRF SIGNAL,1,5,NO RPT,,,,,,,01,TOO-FAST,13,IMP LN C,29,F AVOID ,,,0,0,0,1,0,9,"Over 200,000",1,PORTLAND CITY STREET,,,,1,02B,58_119753,,0,10/30/19 17:21:04,3,0,0,0,1,1,0,2,0,0,0,0,0,0,0,0,0,0,0,3,3,0,0,3,0,0,0,0,0,0,0,N
1780315,01868,03/08/18 00:00:00,03,08,2018,5,18,6P ,26,Multnomah,245,Portland SE,57,PORTLAND UA    ,16,U MN-ART,0,,,,,,,,,,,45,30,59.400000000000000,-122,39,24.100000000000000,45.516500000000000,-122.656694444444000,,,,,00226  ,SE BELMONT ST               ,,05009  ,SE 9TH AVE                  ,,1,0,5,,,1,INTER   ,1,1,CROSS  ,0,0,0,,0,,,05,2,PRKD MV   ,6,TURN    ,4,INJ,3,RAIN,2,WET ,2,DLIT,099,UNKNOWN   ,1,0,NONE  ,,,,,,,08,IMP-TURN,,,,,,,0,0,0,0,0,9,"Over 200,000",1,PORTLAND CITY STREET,,,,1,02B,58_115939,,0,10/30/19 17:21:04,2,0,0,0,1,1,0,1,0,0,0,0,0,0,0,0,0,0,0,2,2,1,0,1,0,0,0,0,0,0,0,N