CRASH_ID,SER_NO,CRASH_DT,CRASH_MO_NO,CRASH_DAY_NO,CRASH_YR_NO,CRASH_WK_DAY_CD,CRASH_HR_NO,CRASH_HR_SHORT_DESC,CNTY_ID,CNTY_NM,CITY_SECT_ID,CITY_SECT_NM,URB_AREA_CD,URB_AREA_SHORT_NM,FC_CD,FC_SHORT_DESC,NHS_FLG,HWY_NO,HWY_SFX_NO,HWY_MED_NM,RDWY_NO,HWY_COMPNT_CD,HWY_COMPNT_SHORT_DESC,MLGE_TYP_CD,MLGE_TYP_SHORT_DESC,RD_CON_NO,LRS_VAL,LAT_DEG_NO,LAT_MINUTE_NO,LAT_SEC_NO,LONGTD_DEG_NO,LONGTD_MINUTE_NO,LONGTD_SEC_NO,LAT_DD,LONGTD_DD,SPECL_JRSDCT_ID,SPECL_JRSDCT_SHORT_DESC,JRSDCT_GRP_CD,JRSDCT_GRP_LONG_DESC,AGY_ST_NO,ST_FULL_NM,RECRE_RD_NM,ISECT_AGY_ST_NO,ISECT_ST_FULL_NM,ISECT_RECRE_RD_NM,ISECT_SEQ_NO,FROM_ISECT_DSTNC_QTY,CMPSS_DIR_CD,MP_NO,POST_SPEED_LMT_VAL,RD_CHAR_CD,RD_CHAR_SHORT_DESC,OFF_RDWY_FLG,ISECT_TYP_CD,ISECT_TYP_SHORT_DESC,ISECT_REL_FLG,RNDABT_FLG,DRVWY_REL_FLG,LN_QTY,TURNG_LEG_QTY,MEDN_TYP_CD,MEDN_TYP_SHORT_DESC,IMPCT_LOC_CD,CRASH_TYP_CD,CRASH_TYP_SHORT_DESC,COLLIS_TYP_CD,COLLIS_TYP_SHORT_DESC,CRASH_SVRTY_CD,CRASH_SVRTY_SHORT_DESC,WTHR_COND_CD,WTHR_COND_SHORT_DESC,RD_SURF_COND_CD,RD_SURF_SHORT_DESC,LGT_COND_CD,LGT_COND_SHORT_DESC,TRAF_CNTL_DEVICE_CD,TRAF_CNTL_DEVICE_SHORT_DESC,TRAF_CNTL_FUNC_FLG,INVSTG_AGY_CD,INVSTG_AGY_SHORT_DESC,CRASH_EVNT_1_CD,CRASH_EVNT_1_SHORT_DESC,CRASH_EVNT_2_CD,CRASH_EVNT_2_SHORT_DESC,CRASH_EVNT_3_CD,CRASH_EVNT_3_SHORT_DESC,CRASH_CAUSE_1_CD,CRASH_CAUSE_1_SHORT_DESC,CRASH_CAUSE_2_CD,CRASH_CAUSE_2_SHORT_DESC,CRASH_CAUSE_3_CD,CRASH_CAUSE_3_SHORT_DESC,SCHL_ZONE_IND,WRK_ZONE_IND,ALCHL_INVLV_FLG,DRUG_INVLV_FLG,MJ_INVLV_FLG,CRASH_SPEED_INVLV_FLG,CRASH_HIT_RUN_FLG,POP_RNG_CD,POP_RNG_MED_DESC,RD_CNTL_CD,RD_CNTL_MED_DESC,RTE_TYP_CD,RTE_ID,RTE_NM,REG_ID,DIST_ID,SEG_MRK_ID,SEG_PT_LRS_MEAS,UNLOCT_FLG,CRASH_LAST_UD_DT,TOT_VHCL_CNT,TOT_FATAL_CNT,TOT_INJ_LVL_A_CNT,TOT_INJ_LVL_B_CNT,TOT_INJ_LVL_C_CNT,TOT_INJ_CNT,TOT_UNINJD_AGE00_04_CNT,TOT_UNINJD_PER_CNT,TOT_PED_CNT,TOT_PED_FATAL_CNT,TOT_PED_INJ_LVL_A_CNT,TOT_PED_INJ_CNT,TOT_PEDCYCL_CNT,TOT_PEDCYCL_FATAL_CNT,TOT_PEDCYCL_INJ_LVL_A_CNT,TOT_PEDCYCL_INJ_CNT,TOT_UNKNWN_CNT,TOT_UNKNWN_FATAL_CNT,TOT_UNKNWN_INJ_CNT,TOT_OCCUP_CNT,TOT_PER_INVLV_CNT,TOT_SFTY_EQUIP_USED_QTY,TOT_SFTY_EQUIP_UNUSED_QTY,TOT_SFTY_EQUIP_USE_UNKNWN_QTY,TOT_PSNGR_VHCL_OCC_UNRESTRND_FATAL_CNT,TOT_MCYCLST_FATAL_CNT,TOT_MCYCLST_INJ_LVL_A_CNT,TOT_MCYCLST_INJ_CNT,TOT_MCYCLST_UNHELMTD_FATAL_CNT,TOT_ALCHL_IMPAIRED_DRVR_INV_FATAL_CNT,TOT_DRVR_AGE_01_20_CNT,LANE_RDWY_DPRT_CRASH_FLG
1782370,03182,04/18/18 00:00:00,04,18,2018,4,08,8A ,26,Multnomah,245,Portland SE,57,PORTLAND UA    ,19,U LOCAL ,0,,,,,,,,,,,45,30,56.830000000000000,-122,31,29.430000000000000,45.515786111111000,-122.524841666666667,,,,,05135  ,SE 135TH AVE                ,,02702  ,SE YAMHILL ST               ,,1,165,5,,,2,ALLEY   ,0,,,0,0,0,2,,0,NONE ,07,B,ANGL-OTH  ,6,TURN    ,4,INJ,1,CLR ,1,DRY ,1,DAY ,099,UNKNOWN   ,1,5,NO RPT,,,,,,,02,NO-YIELD,,,,,,,0,0,0,0,0,9,"Over 200,000",1,PORTLAND CITY STREET,,,,1,02B,58_117240,,0,10/30/19 17:21:04,2,0,0,0,1,1,0,2,0,0,0,0,0,0,0,0,0,0,0,3,3,3,0,0,0,0,0,0,0,0,1,N
1782405,02351,03/22/18 00:00:00,03,22,2018,5,09,9A ,26,Multnomah,245,Portland SE,57,PORTLAND UA    ,17,U MJ-COL,0,,,,,,,,,,,45,31,9.310000000000000,-122,36,7.460000000000000,45.519252777777667,-122.602072222222000,,,,,02259  ,SE STARK ST                 ,,05060  ,SE 60TH AVE                 ,,1,0,9,,,1,INTER   ,0,4,4-LEG  ,0,0,0,,0,,,01,H,O-1 L-TURN,6,TURN    ,4,INJ,3,RAIN,2,WET ,1,DAY ,001,TRF SIGNAL,1,5,NO RPT,,,,,,,02,NO-YIELD,,,,,,,0,0,0,0,0,9,"Over 200,000",1,PORTLAND CITY STREET,,,,1,02B,58_115420,,0,10/30/19 17:21:04,2,0,0,1,0,1,0,2,0,0,0,0,0,0,0,0,0,0,0,3,3,2,0,1,0,0,0,0,0,0,0,N
1782426,02366,03/23/18 00:00:00,03,23,2018,6,21,9P ,26,Multnomah,245,Portland SE,57,PORTLAND UA    ,16,U MN-ART,0,,,,,,,,,,,45,30,43.480000000000000,-122,38,25.120000000000000,45.512077777777000,-122.640311111110333,,,,,01028  ,SE HAWTHORNE BLVD           ,,05025  ,SE 25TH AVE                 ,,1,0,9,,,1,INTER   ,0,1,CROSS  ,0,0,0,,0,,,04,B,ANGL-OTH  ,6,TURN    ,4,INJ,3,RAIN,2,WET ,2,DLIT,004,STOP SIGN ,1,5,NO RPT,082,VEH HID   ,,,,,02,NO-YIELD,03,PAS-STOP,,,,,0,0,0,0,0,9,"Over 200,000",1,PORTLAND CITY STREET,,,,1,02B,58_117485,,0,10/30/19 17:21:04,2,0,0,0,1,1,0,2,0,0,0,0,0,0,0,0,0,0,0,3,3,2,0,1,0,0,0,0,0,0,0,N
1782433,02367,03/23/18 00:00:00,03,23,2018,6,18,6P ,26,Multnomah,245,Portland SE,57,PORTLAND UA    ,17,U MJ-COL,0,,,,,,,,,,,45,30,34.450000000000000,-122,34,8.740000000000000,45.509569444444000,-122.569094444443667,,,,,05092  ,SE 92ND AVE                 ,,02261  ,SE STEPHENS ST              ,,1,60,1,,,3,STRGHT  ,0,,,0,0,0,2,,0,NONE ,07,F,S-OTHER   ,7,PARK    ,4,INJ,1,CLR ,1,DRY ,1,DAY ,099,UNKNOWN   ,1,0,NONE  ,,,,,,,02,NO-YIELD,,,,,,,0,0,0,0,0,9,"Over 200,000",1,PORTLAND CITY STREET,,,,1,02B,58_140406,,0,10/30/19 17:21:04,2,0,0,0,1,1,0,1,0,0,0,0,0,0,0,0,0,0,0,2,2,0,0,2,0,0,0,0,0,0,1,N
1782436,03197,04/18/18 00:00:00,04,18,2018,4,08,8A ,26,Multnomah,245,Portland SE,57,PORTLAND UA    ,16,U MN-ART,0,,,,,,,,,,,45,31,2.010000000000000,-122,39,35.030000000000000,45.517224999999667,-122.659730555555000,,,,,01591  ,SE MORRISON ST              ,,05006  ,SE 6TH AVE                  ,,1,0,9,,,1,INTER   ,0,1,CROSS  ,0,0,0,,0,,,01,B,ANGL-OTH  ,6,TURN    ,4,INJ,1,CLR ,1,DRY ,1,DAY ,004,STOP SIGN ,1,3,CITY  ,,,,,,,02,NO-YIELD,,,,,0,0,0,0,0,0,1,9,"Over 200,000",1,PORTLAND CITY STREET,,,,1,02B,58_115683,,0,10/30/19 17:21:04,2,0,0,0,1,1,0,2,0,0,0,0,0,0,0,0,0,0,0,3,3,2,0,1,0,0,0,0,0,0,0,N
1782441,02369,03/23/18 00:00:00,03,23,2018,6,17,5P ,26,Multnomah,245,Portland SE,57,PORTLAND UA    ,14,U PR-ART,1,068,  ,CASCADE HWY NORTH,1,0,MN,0,R,,006800100S00,45,30,5.120000000000000,-122,34,43.250000000000000,45.501422222222000,-122.578680555554667,,,,,02659  ,SE WOODWARD ST              ,,05082  ,SE 82ND AVE                 ,,1,,9,4.46999979e+00,35,1,INTER   ,0,1,CROSS  ,0,0,0,,0,,,02,B,ANGL-OTH  ,6,TURN    ,4,INJ,3,RAIN,2,WET ,1,DAY ,001,TRF SIGNAL,1,0,NONE  ,,,,,,,02,NO-YIELD,04,DIS SIG ,,,,,0,0,0,0,0,9,"Over 200,000",2,PORTLAND HWY SYSTEM,OR,213  ,OR 213    ,1,02B,293_21277,,0,10/30/19 17:21:04,2,0,0,0,1,1,0,1,0,0,0,0,0,0,0,0,0,0,0,2,2,1,0,1,0,0,0,0,0,0,0,N
1782457,02371,03/23/18 00:00:00,03,23,2018,6,09,9A ,26,Multnomah,245,Portland SE,57,PORTLAND UA    ,16,U MN-ART,0,,,,,,,,,,,45,30,59.370000000000000,-122,39,13.150000000000000,45.516491666666000,-122.653652777777000,,,,,00226  ,SE BELMONT ST               ,,05012  ,SE 12TH AVE                 ,,1,0,9,,,1,INTER   ,0,1,CROSS  ,0,0,0,,0,,,04,B,ANGL-OTH  ,1,ANGL    ,4,INJ,1,CLR ,1,DRY ,1,DAY ,001,TRF SIGNAL,1,5,NO RPT,,,,,,,02,NO-YIELD,04,DIS SIG ,,,,,0,0,0,0,0,9,"Over 200,000",1,PORTLAND CITY STREET,,,,1,02B,58_116178,,0,10/30/19 17:21:04,2,0,0,0,1,1,0,1,0,0,0,0,0,0,0,0,0,0,0,2,2,2,0,0,0,0,0,0,0,0,0,N
1782460,02372,03/23/18 00:00:00,03,23,2018,6,18,6P ,26,Multnomah,245,Portland SE,57,PORTLAND UA    ,16,U MN-ART,0,,,,,,,,,,,45,30,41.560000000000000,-122,32,15.620000000000000,45.511544444444000,-122.537672222221333,,,,,01528  ,SE MARKET ST                ,,05122  ,SE 122ND AVE                ,,1,0,1,,,1,INTER   ,0,1,CROSS  ,0,0,0,,0,,,06,E,S-1STOP   ,3,REAR    ,4,INJ,3,RAIN,2,WET ,5,DUSK,001,TRF SIGNAL,1,5,NO RPT,,,,,,,29,F AVOID ,,,,,,,0,0,0,0,0,9,"Over 200,000",1,PORTLAND CITY STREET,,,,1,02B,58_118123,,0,10/30/19 17:21:04,2,0,0,0,1,1,0,1,0,0,0,0,0,0,0,0,0,0,0,2,2,1,0,1,0,0,0,0,0,0,0,N
1782499,02377,03/23/18 00:00:00,03,23,2018,6,16,4P ,26,Multnomah,245,Portland SE,57,PORTLAND UA    ,17,U MJ-COL,0,,,,,,,,,,,45,30,59.610000000000000,-122,36,45.240000000000000,45.516558333333000,-122.612566666666000,,,,,00226  ,SE BELMONT ST               ,,05049  ,SE 49TH AVE                 ,,1,0,9,,20,1,INTER   ,0,1,CROSS  ,0,0,0,,0,,,02,B,ANGL-OTH  ,6,TURN    ,4,INJ,3,RAIN,2,WET ,1,DAY ,004,STOP SIGN ,1,3,CITY  ,053,POLE UTL  ,,,,,02,NO-YIELD,03,PAS-STOP,,,0,0,0,0,0,0,0,9,"Over 200,000",1,PORTLAND CITY STREET,,,,1,02B,58_116358,,0,10/30/19 17:21:04,2,0,0,2,0,2,0,0,0,0,0,0,0,0,0,0,0,0,0,2,2,2,0,0,0,0,0,0,0,0,0,N
1782602,03239,04/11/18 00:00:00,04,11,2018,4,17,5P ,26,Multnomah,245,Portland SE,57,PORTLAND UA    ,17,U MJ-COL,0,,,,,,,,,,,45,30,17.270000000000000,-122,37,57.380000000000000,45.504797222222000,-122.632605555554667,,,,,00614  ,SE DIVISION ST              ,,05032  ,SE 32ND AVE                 ,,1,0,9,,,1,INTER   ,0,1,CROSS  ,0,0,0,,0,,,03,6,BIKE      ,1,ANGL    ,4,INJ,3,RAIN,2,WET ,1,DAY ,004,STOP SIGN ,1,3,CITY  ,110,N-MTR     ,,,,,02,NO-YIELD,,,,,0,0,0,0,0,0,0,9,"Over 200,000",1,PORTLAND CITY STREET,,,,1,02B,58_119538,,0,10/30/19 17:21:04,1,0,0,0,1,1,0,1,0,0,0,0,1,0,0,1,0,0,0,1,2,1,0,1,0,0,0,0,0,0,0,N
1782604,02405,03/25/18 00:00:00,03,25,2018,1,16,4P ,26,Multnomah,245,Portland SE,57,PORTLAND UA    ,17,U MJ-COL,0,,,,,,,,,,,45,28,32.970000000000000,-122,35,58.770000000000000,45.475824999999667,-122.599658333333333,,,,,00626  ,SE DUKE ST                  ,,05062  ,SE 62ND AVE                 ,,1,0,9,,,1,INTER   ,0,1,CROSS  ,0,0,0,,0,,,02,B,ANGL-OTH  ,1,ANGL    ,4,INJ,1,CLR ,1,DRY ,1,DAY ,004,STOP SIGN ,1,5,NO RPT,,,,,,,02,NO-YIELD,03,PAS-STOP,,,,,0,0,0,0,0,9,"Over 200,000",1,PORTLAND CITY STREET,,,,1,02B,58_128139,,0,10/30/19 17:21:04,2,0,0,0,1,1,0,5,0,0,0,0,0,0,0,0,0,0,0,6,6,0,0,6,0,0,0,0,0,0,1,N
1782610,02411,03/24/18 00:00:00,03,24,2018,7,11,11A,26,Multnomah,245,Portland SE,57,PORTLAND UA    ,11,U INTRST,1,064,  ,EAST PORTLAND FREEWAY,1,6,CN,0,R,1,0064CD100S00,45,31,8.560000000000000,-122,33,52.570000000000000,45.519044444443667,-122.564602777777000,,,,,02259  ,SE STARK ST                 ,,09723  ,NB EX WASH-STARK C1         ,,1,,3,2.06200008e+01,,1,INTER   ,0,1,CROSS  ,0,0,0,,0,,,06,E,S-1STOP   ,3,REAR    ,4,INJ,1,CLR ,1,DRY ,1,DAY ,001,TRF SIGNAL,1,0,NONE  ,,,,,,,29,F AVOID ,,,,,,,0,0,0,0,0,9,"Over 200,000",2,PORTLAND HWY SYSTEM,IS,205  ,I-205     ,1,02B,293_6166,,0,10/30/19 17:21:04,2,0,0,0,1,1,0,2,0,0,0,0,0,0,0,0,0,0,0,3,3,2,0,1,0,0,0,0,0,0,0,N
1782619,03245,04/13/18 00:00:00,04,13,2018,6,23,11P,26,Multnomah,245,Portland SE,57,PORTLAND UA    ,17,U MJ-COL,0,,,,,,,,,,,45,28,28.350000000000000,-122,38,52.130000000000000,45.474541666666667,-122.647813888888333,,,,,05017  ,SE 17TH AVE                 ,,00290  ,SE BYBEE BLVD               ,,1,255,1,,,3,STRGHT  ,1,,,0,0,0,2,,0,NONE ,07,2,PRKD MV   ,5,SS-O    ,4,INJ,2,CLD ,1,DRY ,3,DARK,001,TRF SIGNAL,1,3,CITY  ,010,SUB OTRN  ,,,,,33,RECKLESS,01,TOO-FAST,,,0,0,1,0,0,1,0,9,"Over 200,000",1,PORTLAND CITY STREET,,,,1,02B,58_128460,,0,10/30/19 17:21:04,2,0,0,0,1,1,0,0,0,0,0,0,0,0,0,0,0,0,0,1,1,1,0,0,0,0,0,0,0,0,0,Y
1782646,03246,04/13/18 00:00:00,04,13,2018,6,17,5P ,26,Multnomah,245,Portland SE,57,PORTLAND UA    ,16,U MN-ART,0,,,,,,,,,,,45,30,36.090000000000000,-122,32,15.640000000000000,45.510025000000000,-122.537677777777333,,,,,01562  ,SE MILL ST                  ,,05122  ,SE 122ND AVE                ,,1,0,1,,,1,INTER   ,0,3,3-LEG  ,0,0,1,,0,,,06,B,ANGL-OTH  ,6,TURN    ,4,INJ,1,CLR ,1,DRY ,1,DAY ,004,STOP SIGN ,1,5,NO RPT,,,,,,,02,NO-YIELD,,,,,,,0,0,0,0,0,9,"Over 200,000",1,PORTLAND CITY STREET,,,,1,02B,58_501552,,0,10/30/19 17:21:04,2,0,0,0,1,1,0,1,0,0,0,0,0,0,0,0,0,0,0,2,2,1,0,1,0,0,0,0,0,0,0,N
1782648,03247,04/14/18 00:00:00,04,14,2018,7,23,11P,26,Multnomah,245,Portland SE,57,PORTLAND UA    ,16,U MN-ART,0,,,,,,,,,,,45,31,8.590000000000000,-122,33,30.310000000000000,45.519052777777667,-122.558419444444000,,,,,02259  ,SE STARK ST                 ,,05102  ,SE 102ND AVE                ,,1,0,9,,,1,INTER   ,0,1,CROSS  ,0,0,0,,0,,,03,B,ANGL-OTH  ,1,ANGL    ,4,INJ,3,RAIN,2,WET ,2,DLIT,001,TRF SIGNAL,1,0,NONE  ,,,,,,,15,WRNG WAY,,,,,,,0,0,0,0,0,9,"Over 200,000",1,PORTLAND CITY STREET,,,,1,02B,58_115685,,0,10/30/19 17:21:04,2,0,0,0,3,3,0,0,0,0,0,0,0,0,0,0,0,0,0,3,3,2,0,1,0,0,0,0,0,0,0,N
1782653,03248,04/13/18 00:00:00,04,13,2018,6,18,6P ,26,Multnomah,245,Portland SE,57,PORTLAND UA    ,19,U LOCAL ,0,,,,,,,,,,,45,29,32.670000000000000,-122,35,28.300000000000000,45.492408333333333,-122.591194444444333,,,,,00248  ,SE BOISE ST                 ,,05070  ,SE 70TH AVE                 ,,1,0,3,,,1,INTER   ,0,1,CROSS  ,0,0,0,,0,,,06,A,ANGL-STP  ,6,TURN    ,4,INJ,2,CLD ,1,DRY ,5,DUSK,004,STOP SIGN ,1,3,CITY  ,,,,,,,08,IMP-TURN,,,,,,,0,0,0,0,1,9,"Over 200,000",1,PORTLAND CITY STREET,,,,1,02B,58_123757,,0,10/30/19 17:21:04,2,0,0,0,1,1,0,1,0,0,0,0,0,0,0,0,0,0,0,2,2,0,0,2,0,0,0,0,0,0,0,N
1782658,03264,04/20/18 00:00:00,04,20,2018,6,15,3P ,26,Multnomah,245,Portland SE,57,PORTLAND UA    ,16,U MN-ART,0,,,,,,,,,,,45,31,8.340000000000000,-122,32,57.620000000000000,45.518983333332667,-122.549338888888333,,,,,02259  ,SE STARK ST                 ,,05111  ,SE 111TH AVE                ,,1,0,3,,,1,INTER   ,0,1,CROSS  ,0,0,0,,0,,,06,E,S-1STOP   ,3,REAR    ,4,INJ,1,CLR ,1,DRY ,1,DAY ,001,TRF SIGNAL,1,0,NONE  ,013,FORCED    ,,,,,07,TOO-CLOS,,,,,,,0,0,0,0,0,9,"Over 200,000",1,PORTLAND CITY STREET,,,,1,02B,58_115761,,0,10/30/19 17:21:04,3,0,0,0,1,1,0,4,0,0,0,0,0,0,0,0,0,0,0,5,5,2,0,3,0,0,0,0,0,0,2,N
1782694,03266,04/20/18 00:00:00,04,20,2018,6,17,5P ,26,Multnomah,245,Portland SE,57,PORTLAND UA    ,14,U PR-ART,1,,,,,,,,,,,45,30,15.740000000000000,-122,30,12.510000000000000,45.504372222222000,-122.503475000000000,,,,,00614  ,SE DIVISION ST              ,,05156  ,SE 156TH AVE                ,,1,101,7,,,3,STRGHT  ,1,,,0,0,0,4,,0,NONE ,08,2,PRKD MV   ,3,REAR    ,4,INJ,1,CLR ,1,DRY ,1,DAY ,099,UNKNOWN   ,1,3,CITY  ,013,FORCED    ,005,SUB-PED   ,106,MAN WHLCHR,16,FATIGUE ,,,,,,,0,0,0,0,0,9,"Over 200,000",1,PORTLAND CITY STREET,,,,1,02B,58_183404,,0,10/30/19 17:21:04,2,0,0,4,1,5,1,1,1,0,0,1,0,0,0,0,0,0,0,5,6,1,1,3,0,0,0,0,0,0,0,Y
1782702,03269,04/20/18 00:00:00,04,20,2018,6,07,7A ,26,Multnomah,245,Portland SE,57,PORTLAND UA    ,14,U PR-ART,1,,,,,,,,,,,45,31,19.260000000000000,-122,37,22.910000000000000,45.522016666666667,-122.623030555554667,,,,,05039  ,SE 39TH AV/CESAR CHAVEZ     ,,00134  ,SE ASH ST                   ,,1,93,1,,,3,STRGHT  ,0,,,0,0,0,4,,0,NONE ,07,E,S-1STOP   ,3,REAR    ,4,INJ,1,CLR ,1,DRY ,1,DAY ,099,UNKNOWN   ,1,0,NONE  ,,,,,,,29,F AVOID ,,,,,,,0,0,0,0,0,9,"Over 200,000",1,PORTLAND CITY STREET,,,,1,02B,58_114823,,0,10/30/19 17:21:04,2,0,0,0,2,2,0,1,0,0,0,0,0,0,0,0,0,0,0,3,3,3,0,0,0,0,0,0,0,0,1,N
1782705,02441,03/26/18 00:00:00,03,26,2018,2,13,1P ,26,Multnomah,245,Portland SE,57,PORTLAND UA    ,16,U MN-ART,0,,,,,,,,,,,45,31,5.960000000000000,-122,33,44.310000000000000,45.518322222221667,-122.562308333333000,,,,,02612  ,SE WASHINGTON ST            ,,05099  ,SE 99TH AVE                 ,,1,0,9,,30,1,INTER   ,0,1,CROSS  ,0,0,0,,0,,,01,D,S-1TURN   ,6,TURN    ,4,INJ,1,CLR ,1,DRY ,1,DAY ,015,ONE-WAY   ,1,3,CITY  ,,,,,,,08,IMP-TURN,,,,,,,0,0,0,0,0,9,"Over 200,000",1,PORTLAND CITY STREET,,,,1,02B,58_184678,,0,10/30/19 17:21:04,2,0,0,0,1,1,3,4,0,0,0,0,0,0,0,0,0,0,0,5,5,1,0,4,0,0,0,0,0,0,0,N
1782722,03274,04/20/18 00:00:00,04,20,2018,6,16,4P ,26,Multnomah,245,Portland SE,57,PORTLAND UA    ,17,U MJ-COL,0,,,,,,,,,,,45,31,9.500000000000000,-122,37,51.350000000000000,45.519305555554667,-122.630930555554667,,,,,02259  ,SE STARK ST                 ,,05033  ,SE 33RD AVE                 ,,1,0,9,,,1,INTER   ,0,1,CROSS  ,0,0,0,,0,,,03,B,ANGL-OTH  ,6,TURN    ,4,INJ,1,CLR ,1,DRY ,1,DAY ,001,TRF SIGNAL,1,5,NO RPT,,,,,,,08,IMP-TURN,,,,,,,0,0,0,0,0,9,"Over 200,000",1,PORTLAND CITY STREET,,,,1,02B,58_115320,,0,10/30/19 17:21:04,2,0,0,1,1,2,0,2,0,0,0,0,0,0,0,0,0,0,0,4,4,4,0,0,0,0,0,0,0,0,0,N
1782728,03278,04/20/18 00:00:00,04,20,2018,6,21,9P ,26,Multnomah,245,Portland SE,57,PORTLAND UA    ,14,U PR-ART,1,,,,,,,,,,,45,30,14.940000000000000,-122,32,34.160000000000000,45.504150000000000,-122.542822222221333,,,,,00614  ,SE DIVISION ST              ,,05117  ,SE 117TH AVE                ,,1,0,3,,,1,INTER   ,0,3,3-LEG  ,0,0,0,,0,,,06,3,PED       ,0,PED     ,4,INJ,2,CLD ,1,DRY ,2,DLIT,004,STOP SIGN ,1,3,CITY  ,,,,,,,18,IN RDWY ,19,NT VISBL,,,0,0,1,0,0,0,0,9,"Over 200,000",1,PORTLAND CITY STREET,,,,1,02B,58_120199,,0,10/30/19 17:21:04,1,0,1,0,0,1,0,1,1,0,1,1,0,0,0,0,0,0,0,1,2,1,0,0,0,0,0,0,0,0,0,N
1782743,02445,03/27/18 00:00:00,03,27,2018,3,15,3P ,26,Multnomah,245,Portland SE,57,PORTLAND UA    ,11,U INTRST,1,064,  ,EAST PORTLAND FREEWAY,1,6,CN,0,R,8,0064BZ100S00,45,29,50.610000000000000,-122,33,59.510000000000000,45.497391666666333,-122.566530555555000,,,,,01940  ,SE POWELL BLVD              ,,09719  ,SB EF DIV-POWELL C8         ,,1,,9,2.02299995e+01,,1,INTER   ,0,3,3-LEG  ,0,0,0,,0,,,01,F,S-OTHER   ,6,TURN    ,4,INJ,1,CLR ,2,WET ,1,DAY ,023,R-GRN-SIG ,1,0,NONE  ,,,,,,,01,TOO-FAST,29,F AVOID ,,,,,0,0,0,1,0,9,"Over 200,000",2,PORTLAND HWY SYSTEM,IS,205  ,I-205     ,1,02B,293_6162,,0,10/30/19 17:21:04,2,0,0,0,1,1,0,1,0,0,0,0,0,0,0,0,0,0,0,2,2,1,0,1,0,0,0,0,0,0,0,N
1782748,11750,12/18/18 00:00:00,12,18,2018,3,21,9P ,26,Multnomah,245,Portland SE,57,PORTLAND UA    ,11,U INTRST,1,064,  ,EAST PORTLAND FREEWAY,2,0,MN,0,R,,006400200S00,45,31,6.700000000000000,-122,33,56.060000000000000,45.518527777777667,-122.565572222222000,,,,,00745  ,EAST PORTLAND FY            ,,09727  ,SB EF GLSN-STARK C8         ,,1,,5,2.06200008e+01,55,3,STRGHT  ,1,,,0,0,0,6,,2,DIVMD,05,2,PRKD MV   ,3,REAR    ,2,FAT,2,CLD ,2,WET ,2,DLIT,099,UNKNOWN   ,1,3,CITY  ,087,FIRE/EXP  ,,,,,33,RECKLESS,29,F AVOID ,,,,1,0,1,1,0,0,9,"Over 200,000",2,PORTLAND HWY SYSTEM,IS,205  ,I-205     ,1,02B,293_5895,,0,10/30/19 17:21:05,2,1,0,1,0,1,0,0,0,0,0,0,0,0,0,0,0,0,0,2,2,2,0,0,0,0,0,0,0,0,0,Y
1782761,03284,04/20/18 00:00:00,04,20,2018,6,20,8P ,26,Multnomah,245,Portland SE,57,PORTLAND UA    ,16,U MN-ART,0,,,,,,,,,,,45,30,41.560000000000000,-122,32,15.620000000000000,45.511544444444000,-122.537672222221333,,,,,01528  ,SE MARKET ST                ,,05122  ,SE 122ND AVE                ,,1,0,9,,,1,INTER   ,0,1,CROSS  ,0,0,0,,0,,,04,H,O-1 L-TURN,6,TURN    ,4,INJ,1,CLR ,1,DRY ,5,DUSK,001,TRF SIGNAL,1,3,CITY  ,,,,,,,02,NO-YIELD,,,,,0,0,0,0,0,0,1,9,"Over 200,000",1,PORTLAND CITY STREET,,,,1,02B,58_118123,,0,10/30/19 17:21:04,2,0,0,0,2,2,0,1,0,0,0,0,0,0,0,0,0,0,0,3,3,2,0,1,0,0,0,0,0,0,0,N
1782763,02451,03/27/18 00:00:00,03,27,2018,3,17,5P ,26,Multnomah,245,Portland SE,57,PORTLAND UA    ,14,U PR-ART,1,068,  ,CASCADE HWY NORTH,1,0,MN,0,R,,006800100S00,45,29,50.680000000000000,-122,34,43.350000000000000,45.497411111110333,-122.578708333332667,,,,,01940  ,SE POWELL BLVD              ,,05082  ,SE 82ND AVE                 ,,1,,5,4.75000000e+00,35,1,INTER   ,0,1,CROSS  ,0,0,0,,0,,,05,C,S-STRGHT  ,5,SS-O    ,4,INJ,1,CLR ,1,DRY ,1,DAY ,099,UNKNOWN   ,1,0,NONE  ,,,,,,,13,IMP LN C,,,,,,,0,0,0,0,0,9,"Over 200,000",2,PORTLAND HWY SYSTEM,OR,213  ,OR 213    ,1,02B,293_18733,,0,10/30/19 17:21:04,2,0,0,0,1,1,0,1,0,0,0,0,0,0,0,0,0,0,0,2,2,0,0,2,0,0,0,0,0,0,0,N