CRASH_ID,SER_NO,CRASH_DT,CRASH_MO_NO,CRASH_DAY_NO,CRASH_YR_NO,CRASH_WK_DAY_CD,CRASH_HR_NO,CRASH_HR_SHORT_DESC,CNTY_ID,CNTY_NM,CITY_SECT_ID,CITY_SECT_NM,URB_AREA_CD,URB_AREA_SHORT_NM,FC_CD,FC_SHORT_DESC,NHS_FLG,HWY_NO,HWY_SFX_NO,HWY_MED_NM,RDWY_NO,HWY_COMPNT_CD,HWY_COMPNT_SHORT_DESC,MLGE_TYP_CD,MLGE_TYP_SHORT_DESC,RD_CON_NO,LRS_VAL,LAT_DEG_NO,LAT_MINUTE_NO,LAT_SEC_NO,LONGTD_DEG_NO,LONGTD_MINUTE_NO,LONGTD_SEC_NO,LAT_DD,LONGTD_DD,SPECL_JRSDCT_ID,SPECL_JRSDCT_SHORT_DESC,JRSDCT_GRP_CD,JRSDCT_GRP_LONG_DESC,AGY_ST_NO,ST_FULL_NM,RECRE_RD_NM,ISECT_AGY_ST_NO,ISECT_ST_FULL_NM,ISECT_RECRE_RD_NM,ISECT_SEQ_NO,FROM_ISECT_DSTNC_QTY,CMPSS_DIR_CD,MP_NO,POST_SPEED_LMT_VAL,RD_CHAR_CD,RD_CHAR_SHORT_DESC,OFF_RDWY_FLG,ISECT_TYP_CD,ISECT_TYP_SHORT_DESC,ISECT_REL_FLG,RNDABT_FLG,DRVWY_REL_FLG,LN_QTY,TURNG_LEG_QTY,MEDN_TYP_CD,MEDN_TYP_SHORT_DESC,IMPCT_LOC_CD,CRASH_TYP_CD,CRASH_TYP_SHORT_DESC,COLLIS_TYP_CD,COLLIS_TYP_SHORT_DESC,CRASH_SVRTY_CD,CRASH_SVRTY_SHORT_DESC,WTHR_COND_CD,WTHR_COND_SHORT_DESC,RD_SURF_COND_CD,RD_SURF_SHORT_DESC,LGT_COND_CD,LGT_COND_SHORT_DESC,TRAF_CNTL_DEVICE_CD,TRAF_CNTL_DEVICE_SHORT_DESC,TRAF_CNTL_FUNC_FLG,INVSTG_AGY_CD,INVSTG_AGY_SHORT_DESC,CRASH_EVNT_1_CD,CRASH_EVNT_1_SHORT_DESC,CRASH_EVNT_2_CD,CRASH_EVNT_2_SHORT_DESC,CRASH_EVNT_3_CD,CRASH_EVNT_3_SHORT_DESC,CRASH_CAUSE_1_CD,CRASH_CAUSE_1_SHORT_DESC,CRASH_CAUSE_2_CD,CRASH_CAUSE_2_SHORT_DESC,CRASH_CAUSE_3_CD,CRASH_CAUSE_3_SHORT_DESC,SCHL_ZONE_IND,WRK_ZONE_IND,ALCHL_INVLV_FLG,DRUG_INVLV_FLG,MJ_INVLV_FLG,CRASH_SPEED_INVLV_FLG,CRASH_HIT_RUN_FLG,POP_RNG_CD,POP_RNG_MED_DESC,RD_CNTL_CD,RD_CNTL_MED_DESC,RTE_TYP_CD,RTE_ID,RTE_NM,REG_ID,DIST_ID,SEG_MRK_ID,SEG_PT_LRS_MEAS,UNLOCT_FLG,CRASH_LAST_UD_DT,TOT_VHCL_CNT,TOT_FATAL_CNT,TOT_INJ_LVL_A_CNT,TOT_INJ_LVL_B_CNT,TOT_INJ_LVL_C_CNT,TOT_INJ_CNT,TOT_UNINJD_AGE00_04_CNT,TOT_UNINJD_PER_CNT,TOT_PED_CNT,TOT_PED_FATAL_CNT,TOT_PED_INJ_LVL_A_CNT,TOT_PED_INJ_CNT,TOT_PEDCYCL_CNT,TOT_PEDCYCL_FATAL_CNT,TOT_PEDCYCL_INJ_LVL_A_CNT,TOT_PEDCYCL_INJ_CNT,TOT_UNKNWN_CNT,TOT_UNKNWN_FATAL_CNT,TOT_UNKNWN_INJ_CNT,TOT_OCCUP_CNT,TOT_PER_INVLV_CNT,TOT_SFTY_EQUIP_USED_QTY,TOT_SFTY_EQUIP_UNUSED_QTY,TOT_SFTY_EQUIP_USE_UNKNWN_QTY,TOT_PSNGR_VHCL_OCC_UNRESTRND_FATAL_CNT,TOT_MCYCLST_FATAL_CNT,TOT_MCYCLST_INJ_LVL_A_CNT,TOT_MCYCLST_INJ_CNT,TOT_MCYCLST_UNHELMTD_FATAL_CNT,TOT_ALCHL_IMPAIRED_DRVR_INV_FATAL_CNT,TOT_DRVR_AGE_01_20_CNT,LANE_RDWY_DPRT_CRASH_FLG
1782767,02453,03/27/18 00:00:00,03,27,2018,3,10,10A,26,Multnomah,245,Portland SE,57,PORTLAND UA    ,16,U MN-ART,0,,,,,,,,,,,45,31,8.580000000000000,-122,32,4.120000000000000,45.519049999999667,-122.534477777777333,,,,,02259  ,SE STARK ST                 ,,05126  ,SE 126TH AVE                ,,1,130,7,,,3,STRGHT  ,0,,,0,0,0,4,,0,NONE ,07,E,S-1STOP   ,3,REAR    ,4,INJ,1,CLR ,1,DRY ,1,DAY ,099,UNKNOWN   ,1,0,NONE  ,,,,,,,29,F AVOID ,,,,,,1,0,0,0,0,0,9,"Over 200,000",1,PORTLAND CITY STREET,,,,1,02B,58_115810,,0,10/30/19 17:21:04,2,0,0,0,1,1,0,1,0,0,0,0,0,0,0,0,0,0,0,2,2,0,0,2,0,0,0,0,0,0,1,N
1782781,02456,03/27/18 00:00:00,03,27,2018,3,15,3P ,26,Multnomah,245,Portland SE,57,PORTLAND UA    ,17,U MJ-COL,0,,,,,,,,,,,45,28,33.190000000000000,-122,35,21.650000000000000,45.475886111110667,-122.589347222221333,,,,,00626  ,SE DUKE ST                  ,,05072  ,SE 72ND AVE                 ,,1,0,9,,,1,INTER   ,0,1,CROSS  ,0,0,0,,0,,,03,B,ANGL-OTH  ,1,ANGL    ,4,INJ,2,CLD ,1,DRY ,1,DAY ,001,TRF SIGNAL,1,3,CITY  ,053,POLE UTL  ,,,,,04,DIS SIG ,,,,,0,0,0,0,0,0,0,9,"Over 200,000",1,PORTLAND CITY STREET,,,,1,02B,58_128410,,0,10/30/19 17:21:04,2,0,0,4,0,4,0,3,0,0,0,0,0,0,0,0,0,0,0,7,7,7,0,0,0,0,0,0,0,0,0,N
1782782,03291,04/21/18 00:00:00,04,21,2018,7,15,3P ,26,Multnomah,245,Portland SE,57,PORTLAND UA    ,14,U PR-ART,1,026,  ,MT. HOOD,1,0,MN,0,R,,002600100S00,45,29,45.350000000000000,-122,30,8.390000000000000,45.495930555555333,-122.502330555555000,,,,,01940  ,SE POWELL BLVD              ,,05157  ,SE 157TH AVE                ,,1,,7,8.97999954e+00,35,1,INTER   ,0,3,3-LEG  ,0,0,0,,0,,,05,E,S-1STOP   ,3,REAR    ,4,INJ,1,CLR ,1,DRY ,1,DAY ,099,UNKNOWN   ,1,0,NONE  ,013,FORCED    ,,,,,29,F AVOID ,,,,,,,0,0,0,0,0,9,"Over 200,000",2,PORTLAND HWY SYSTEM,US,26   ,US 26     ,1,02B,293_18832,,0,10/30/19 17:21:04,3,0,0,0,4,4,0,2,0,0,0,0,0,0,0,0,0,0,0,6,6,2,0,4,0,0,0,0,0,0,0,N
1782812,02462,03/27/18 00:00:00,03,27,2018,3,04,4A ,26,Multnomah,245,Portland SE,57,PORTLAND UA    ,16,U MN-ART,0,,,,,,,,,,,45,28,38.140000000000000,-122,33,35.420000000000000,45.477261111110667,-122.559838888888000,,,,,00824  ,SE FOSTER RD                ,,05101  ,SE 101ST AVE                ,,1,0,8,,,1,INTER   ,1,1,CROSS  ,0,0,0,,0,,,05,8,FIX OBJ   ,9,FIX     ,4,INJ,3,RAIN,2,WET ,2,DLIT,001,TRF SIGNAL,1,5,NO RPT,010,SUB OTRN  ,040,CURB      ,121,FENCE     ,26,PHANTOM ,,,,,,,0,0,0,0,0,9,"Over 200,000",1,PORTLAND CITY STREET,,,,1,02B,58_128012,,0,10/30/19 17:21:04,1,0,0,0,1,1,0,0,0,0,0,0,0,0,0,0,0,0,0,1,1,1,0,0,0,0,0,0,0,0,0,N
1782813,02463,03/09/18 00:00:00,03,09,2018,6,17,5P ,26,Multnomah,245,Portland SE,57,PORTLAND UA    ,14,U PR-ART,1,026,  ,MT. HOOD,1,0,MN,0,R,,002600100S00,45,29,51.170000000000000,-122,37,6.690000000000000,45.497547222221333,-122.618524999999667,,,,,01940  ,SE POWELL BLVD              ,,05043  ,SE 43RD AVE                 ,,1,,3,3.10999990e+00,35,1,INTER   ,0,3,3-LEG  ,0,0,0,,0,,,06,E,S-1STOP   ,3,REAR    ,4,INJ,1,CLR ,1,DRY ,1,DAY ,001,TRF SIGNAL,1,0,NONE  ,,,,,,,29,F AVOID ,,,,,,,0,0,0,0,0,9,"Over 200,000",2,PORTLAND HWY SYSTEM,US,26   ,US 26     ,1,02B,293_20034,,0,10/30/19 17:21:04,2,0,0,0,2,2,0,1,0,0,0,0,0,0,0,0,0,0,0,3,3,3,0,0,0,0,0,0,0,0,0,N
1782818,03294,04/21/18 00:00:00,04,21,2018,7,14,2P ,26,Multnomah,245,Portland SE,57,PORTLAND UA    ,14,U PR-ART,1,,,,,,,,,,,45,30,14.740000000000000,-122,32,8.150000000000000,45.504094444444000,-122.535597222221333,,,,,00614  ,SE DIVISION ST              ,,05124  ,SE 124TH AVE                ,,1,0,9,,,1,INTER   ,0,3,3-LEG  ,0,0,0,,0,,,02,B,ANGL-OTH  ,6,TURN    ,4,INJ,1,CLR ,1,DRY ,1,DAY ,004,STOP SIGN ,1,5,NO RPT,013,FORCED    ,,,,,02,NO-YIELD,,,,,,,0,0,0,0,0,9,"Over 200,000",1,PORTLAND CITY STREET,,,,1,02B,58_120258,,0,10/30/19 17:21:04,3,0,0,0,1,1,0,2,0,0,0,0,0,0,0,0,0,0,0,3,3,2,0,1,0,0,0,0,0,0,1,N
1782829,03299,04/21/18 00:00:00,04,21,2018,7,16,4P ,26,Multnomah,245,Portland SE,57,PORTLAND UA    ,14,U PR-ART,1,026,  ,MT. HOOD,1,0,MN,0,R,,002600100S00,45,29,54.550000000000000,-122,38,29.930000000000000,45.498486111110333,-122.641647222221333,,,,,01940  ,SE POWELL BLVD              ,,05024  ,SE 24TH AVE                 ,,1,,8,1.97000003e+00,35,1,INTER   ,0,3,3-LEG  ,0,0,0,,0,,,06,E,S-1STOP   ,3,REAR    ,4,INJ,1,CLR ,1,DRY ,1,DAY ,008,WARNING   ,1,5,NO RPT,004,INDRCT PED,,,,,07,TOO-CLOS,,,,,,,0,0,0,0,0,9,"Over 200,000",2,PORTLAND HWY SYSTEM,US,26   ,US 26     ,1,02B,293_15983,,0,10/30/19 17:21:04,2,0,0,0,1,1,0,1,0,0,0,0,0,0,0,0,0,0,0,2,2,2,0,0,0,0,0,0,0,0,0,N
1782833,02470,03/17/18 00:00:00,03,17,2018,7,19,7P ,26,Multnomah,245,Portland SE,57,PORTLAND UA    ,19,U LOCAL ,0,,,,,,,,,,,45,29,52.030000000000000,-122,36,11.070000000000000,45.497786111110333,-122.603075000000000,,,,,05058  ,SE 58TH AVE                 ,,01940  ,SE POWELL BLVD              ,,1,80,1,,,3,STRGHT  ,1,,,0,0,0,2,,0,NONE ,08,2,PRKD MV   ,3,REAR    ,4,INJ,2,CLD ,2,WET ,5,DUSK,099,UNKNOWN   ,1,3,CITY  ,,,,,,,01,TOO-FAST,08,IMP-TURN,,,0,0,0,0,0,1,0,9,"Over 200,000",1,PORTLAND CITY STREET,,,,1,02B,58_121967,,0,10/30/19 17:21:04,2,0,0,0,1,1,0,0,0,0,0,0,0,0,0,0,0,0,0,1,1,1,0,0,0,0,0,0,0,0,0,Y
1782834,03302,04/21/18 00:00:00,04,21,2018,7,18,6P ,26,Multnomah,245,Portland SE,57,PORTLAND UA    ,17,U MJ-COL,0,,,,,,,,,,,45,30,59.190000000000000,-122,38,5.220000000000000,45.516441666666000,-122.634783333333333,,,,,00226  ,SE BELMONT ST               ,,05030  ,SE 30TH AVE                 ,,1,0,1,,,1,INTER   ,0,1,CROSS  ,0,0,0,,0,,,06,E,S-1STOP   ,3,REAR    ,4,INJ,1,CLR ,1,DRY ,1,DAY ,001,TRF SIGNAL,1,5,NO RPT,,,,,,,07,TOO-CLOS,,,,,,,0,0,0,0,0,9,"Over 200,000",1,PORTLAND CITY STREET,,,,1,02B,58_116291,,0,10/30/19 17:21:04,2,0,0,0,2,2,0,1,0,0,0,0,0,0,0,0,0,0,0,3,3,3,0,0,0,0,0,0,0,0,0,N
1782844,03305,04/21/18 00:00:00,04,21,2018,7,00,12A,26,Multnomah,245,Portland SE,57,PORTLAND UA    ,11,U INTRST,1,064,  ,EAST PORTLAND FREEWAY,1,0,MN,0,R,,006400100S00,45,30,11.790000000000000,-122,33,54.280000000000000,45.503275000000000,-122.565077777777000,,,,,00745  ,EAST PORTLAND FY            ,,09717  ,NB EF POWELL BVD C3         ,,1,,9,1.95799999e+01,55,1,INTER   ,0,3,3-LEG  ,0,0,0,,0,,,02,B,ANGL-OTH  ,6,TURN    ,4,INJ,1,CLR ,1,DRY ,2,DLIT,099,UNKNOWN   ,1,0,NONE  ,,,,,,,02,NO-YIELD,,,,,,1,0,0,0,0,0,9,"Over 200,000",2,PORTLAND HWY SYSTEM,IS,205  ,I-205     ,1,02B,293_5708,,0,10/30/19 17:21:04,2,0,0,0,1,1,0,1,0,0,0,0,0,0,0,0,0,0,0,2,2,1,0,1,0,0,0,0,0,0,0,N
1782852,81515,05/04/18 00:00:00,05,04,2018,6,14,2P ,26,Multnomah,245,Portland SE,57,PORTLAND UA    ,17,U MJ-COL,0,,,,,,,,,,,45,27,52.930000000000000,-122,32,52.990000000000000,45.464702777777000,-122.548052777777333,,,,,01623  ,SE MT SCOTT BLVD            ,,05112  ,SE 112TH AVE                ,,1,0,9,,,1,INTER   ,0,3,3-LEG  ,0,0,0,,1,,,01,H,O-1 L-TURN,6,TURN    ,4,INJ,1,CLR ,1,DRY ,1,DAY ,004,STOP SIGN ,1,5,NO RPT,129,HILL INV  ,,,,,02,NO-YIELD,,,,,,,0,0,0,0,0,9,"Over 200,000",1,PORTLAND CITY STREET,,,,1,02C,58_197289,,0,10/30/19 17:21:04,2,0,0,1,0,1,0,1,0,0,0,0,0,0,0,0,0,0,0,2,2,1,0,1,0,0,0,0,0,0,0,N
1782867,03311,04/21/18 00:00:00,04,21,2018,7,16,4P ,26,Multnomah,245,Portland SE,57,PORTLAND UA    ,19,U LOCAL ,0,,,,,,,,,,,45,29,29.100000000000000,-122,39,17.160000000000000,45.491416666666333,-122.654766666666000,,,,,01517  ,SE MALL ST                  ,,05009  ,SE 9TH AVE                  ,,1,96,3,,,3,STRGHT  ,0,,,0,0,0,2,,0,NONE ,07,3,PED       ,0,PED     ,4,INJ,1,CLR ,1,DRY ,1,DAY ,099,UNKNOWN   ,1,3,CITY  ,110,N-MTR     ,,,,,18,IN RDWY ,28,NM INATT,,,0,0,0,0,0,0,0,9,"Over 200,000",1,PORTLAND CITY STREET,,,,1,02B,58_123617,,0,10/30/19 17:21:04,1,0,0,1,0,1,0,1,1,0,0,1,0,0,0,0,0,0,0,1,2,1,0,0,0,0,0,0,0,0,0,N
1782884,02479,03/19/18 00:00:00,03,19,2018,2,20,8P ,26,Multnomah,245,Portland SE,57,PORTLAND UA    ,14,U PR-ART,1,,,,,,,,,,,45,31,12.280000000000000,-122,39,38.610000000000000,45.520077777777667,-122.660725000000000,,,,,00929  ,SE GRAND AVE                ,,01802  ,SE OAK ST                   ,,1,0,9,,,1,INTER   ,0,1,CROSS  ,0,0,0,,0,,,03,B,ANGL-OTH  ,6,TURN    ,4,INJ,1,CLR ,1,DRY ,5,DUSK,004,STOP SIGN ,1,3,CITY  ,,,,,,,02,NO-YIELD,03,PAS-STOP,,,,,0,0,0,0,1,9,"Over 200,000",1,PORTLAND CITY STREET,,,,1,02B,58_115162,,0,10/30/19 17:21:04,2,0,0,0,1,1,0,3,0,0,0,0,0,0,0,0,0,0,0,4,4,2,0,2,0,0,0,0,0,0,1,N
1782896,03325,04/16/18 00:00:00,04,16,2018,2,16,4P ,26,Multnomah,245,Portland SE,57,PORTLAND UA    ,16,U MN-ART,0,,,,,,,,,,,45,31,6.010000000000000,-122,33,37.110000000000000,45.518336111110667,-122.560308333333000,,,,,02612  ,SE WASHINGTON ST            ,,05100  ,SE 100TH AVE                ,,1,0,9,,,1,INTER   ,0,3,3-LEG  ,0,0,1,,0,,,04,B,ANGL-OTH  ,6,TURN    ,4,INJ,1,CLR ,1,DRY ,1,DAY ,004,STOP SIGN ,1,3,CITY  ,,,,,,,03,PAS-STOP,,,,,0,0,0,0,0,0,1,9,"Over 200,000",1,PORTLAND CITY STREET,,,,1,02B,58_115921,,0,10/30/19 17:21:04,2,0,0,0,1,1,0,2,0,0,0,0,0,0,0,0,0,0,0,3,3,1,0,2,0,0,0,0,0,0,0,N
1782904,03326,04/16/18 00:00:00,04,16,2018,2,13,1P ,26,Multnomah,245,Portland SE,57,PORTLAND UA    ,14,U PR-ART,1,,,,,,,,,,,45,30,14.650000000000000,-122,31,26.960000000000000,45.504069444444000,-122.524155555554667,,,,,00614  ,SE DIVISION ST              ,,05136  ,SE 136TH AVE                ,,1,100,7,,,3,STRGHT  ,0,,,0,0,0,4,,0,NONE ,08,3,PED       ,0,PED     ,4,INJ,3,RAIN,2,WET ,1,DAY ,099,UNKNOWN   ,1,3,CITY  ,103,WZ WORKER ,,,,,01,TOO-FAST,,,,,,1,0,0,0,1,1,9,"Over 200,000",1,PORTLAND CITY STREET,,,,1,02B,58_120299,,0,10/30/19 17:21:04,1,0,0,0,1,1,0,1,1,0,0,1,0,0,0,0,0,0,0,1,2,0,0,1,0,0,0,0,0,0,0,N
1782909,02482,03/20/18 00:00:00,03,20,2018,3,21,9P ,26,Multnomah,245,Portland SE,57,PORTLAND UA    ,16,U MN-ART,0,,,,,,,,,,,45,30,12.610000000000000,-122,39,16.440000000000000,45.503502777777000,-122.654566666666000,,,,,00464  ,SE CLINTON ST               ,,01567  ,SE MILWAUKIE AVE            ,,1,0,5,,,1,INTER   ,0,1,CROSS  ,0,0,0,,0,,,05,C,S-STRGHT  ,5,SS-O    ,4,INJ,1,CLR ,1,DRY ,2,DLIT,099,UNKNOWN   ,1,3,CITY  ,,,,,,,27,INATTENT,13,IMP LN C,,,0,0,0,0,0,0,0,9,"Over 200,000",1,PORTLAND CITY STREET,,,,1,02B,58_119931,,0,10/30/19 17:21:04,2,0,0,1,0,1,0,2,0,0,0,0,0,0,0,0,0,0,0,3,3,3,0,0,0,0,0,0,0,0,0,N
1782926,02486,03/23/18 00:00:00,03,23,2018,6,04,4A ,26,Multnomah,245,Portland SE,57,PORTLAND UA    ,17,U MJ-COL,0,,,,,,,,,,,45,31,1.720000000000000,-122,38,43.990000000000000,45.517144444443667,-122.645552777777333,,,,,01591  ,SE MORRISON ST              ,,05020  ,SE 20TH AVE                 ,,1,0,7,,,1,INTER   ,0,1,CROSS  ,0,0,0,,0,,,05,3,PED       ,0,PED     ,4,INJ,3,RAIN,2,WET ,2,DLIT,001,TRF SIGNAL,1,3,CITY  ,,,,,,,02,NO-YIELD,,,,,,,0,0,0,0,0,9,"Over 200,000",1,PORTLAND CITY STREET,,,,1,02B,58_115791,,0,10/30/19 17:21:04,1,0,0,1,0,1,0,1,1,0,0,1,0,0,0,0,0,0,0,1,2,0,0,1,0,0,0,0,0,0,0,N
1782934,02496,03/22/18 00:00:00,03,22,2018,5,23,11P,26,Multnomah,245,Portland SE,57,PORTLAND UA    ,14,U PR-ART,1,,,,,,,,,,,45,30,15.010000000000000,-122,32,41.270000000000000,45.504169444444000,-122.544797222221333,,,,,00614  ,SE DIVISION ST              ,,05115  ,SE 115TH AVE                ,,2,0,3,,,1,INTER   ,1,3,3-LEG  ,0,0,0,,0,,,06,2,PRKD MV   ,3,REAR    ,4,INJ,1,CLR ,1,DRY ,2,DLIT,099,UNKNOWN   ,1,3,CITY  ,013,FORCED    ,,,,,29,F AVOID ,33,RECKLESS,,,0,0,1,0,0,0,0,9,"Over 200,000",1,PORTLAND CITY STREET,,,,1,02B,58_120155,,0,10/30/19 17:21:04,3,0,0,0,1,1,0,0,0,0,0,0,0,0,0,0,0,0,0,1,1,1,0,0,0,0,0,0,0,0,0,N
1782938,02497,03/22/18 00:00:00,03,22,2018,5,15,3P ,26,Multnomah,245,Portland SE,57,PORTLAND UA    ,19,U LOCAL ,0,,,,,,,,,,,45,30,9.420000000000000,-122,33,6.190000000000000,45.502616666666000,-122.551719444444000,,,,,00464  ,SE CLINTON ST               ,,05109  ,SE 109TH AVE                ,,1,75,7,,,3,STRGHT  ,1,,,0,0,0,2,,0,NONE ,08,8,FIX OBJ   ,9,FIX     ,4,INJ,3,RAIN,2,WET ,1,DAY ,099,UNKNOWN   ,1,3,CITY  ,010,SUB OTRN  ,061,MAILBOX   ,062,TREE      ,11,MECH-DEF,,,,,0,0,0,0,0,0,0,9,"Over 200,000",1,PORTLAND CITY STREET,,,,1,02B,58_120631,,0,10/30/19 17:21:04,1,0,0,1,0,1,0,0,0,0,0,0,0,0,0,0,0,0,0,1,1,0,0,1,0,0,0,0,0,0,1,Y
1782941,03339,04/22/18 00:00:00,04,22,2018,1,18,6P ,26,Multnomah,245,Portland SE,57,PORTLAND UA    ,11,U INTRST,1,064,  ,EAST PORTLAND FREEWAY,1,6,CN,0,R,4,0064CG100S00,45,31,5.930000000000000,-122,33,57.990000000000000,45.518313888888667,-122.566108333333000,,,,,02612  ,SE WASHINGTON ST            ,,09724  ,SB EF WASH-STARK C4         ,,1,,9,2.00499992e+01,,1,INTER   ,0,1,CROSS  ,0,0,0,,0,,,02,B,ANGL-OTH  ,1,ANGL    ,4,INJ,1,CLR ,1,DRY ,5,DUSK,001,TRF SIGNAL,1,5,NO RPT,013,FORCED    ,,,,,04,DIS SIG ,40,VIEW OBS,,,,,0,0,0,0,0,9,"Over 200,000",2,PORTLAND HWY SYSTEM,IS,205  ,I-205     ,1,02B,293_6198,,0,10/30/19 17:21:04,3,0,0,0,2,2,0,4,0,0,0,0,0,0,0,0,0,0,0,6,6,6,0,0,0,0,0,0,0,0,0,N
1782943,02498,03/22/18 00:00:00,03,22,2018,5,12,12P,26,Multnomah,245,Portland SE,57,PORTLAND UA    ,14,U PR-ART,1,068,  ,CASCADE HWY NORTH,1,0,MN,0,R,,006800100S00,45,29,50.670000000000000,-122,34,43.340000000000000,45.497408333333333,-122.578705555554667,,,,,01940  ,SE POWELL BLVD              ,,05082  ,SE 82ND AVE                 ,,1,,3,4.75000000e+00,35,1,INTER   ,0,1,CROSS  ,0,0,0,,0,,,06,E,S-1STOP   ,3,REAR    ,4,INJ,2,CLD ,1,DRY ,1,DAY ,001,TRF SIGNAL,1,3,CITY  ,,,,,,,29,F AVOID ,,,,,,,0,0,0,0,1,9,"Over 200,000",2,PORTLAND HWY SYSTEM,OR,213  ,OR 213    ,1,02B,293_18733,,0,10/30/19 17:21:04,2,0,0,0,1,1,0,5,0,0,0,0,0,0,0,0,0,0,0,6,6,0,0,6,0,0,0,0,0,0,0,N
1782952,02501,03/23/18 00:00:00,03,23,2018,6,18,6P ,26,Multnomah,245,Portland SE,57,PORTLAND UA    ,16,U MN-ART,0,,,,,,,,,,,45,31,5.990000000000000,-122,33,40.710000000000000,45.518330555554667,-122.561308333333000,,,,,02612  ,SE WASHINGTON ST            ,,05100  ,SE 100TH AVE                ,,1,230,7,,,2,ALLEY   ,1,,,0,0,0,4,,0,NONE ,07,3,PED       ,0,PED     ,4,INJ,3,RAIN,2,WET ,1,DAY ,099,UNKNOWN   ,1,3,CITY  ,084,BLDG HID  ,,,,,02,NO-YIELD,,,,,,1,0,0,0,0,0,9,"Over 200,000",1,PORTLAND CITY STREET,,,,1,02B,58_139309,,0,10/30/19 17:21:04,1,0,0,0,2,2,0,1,2,0,0,2,0,0,0,0,0,0,0,1,3,0,0,1,0,0,0,0,0,0,0,Y
1782954,03341,04/22/18 00:00:00,04,22,2018,1,17,5P ,26,Multnomah,245,Portland SE,57,PORTLAND UA    ,14,U PR-ART,1,068,  ,CASCADE HWY NORTH,1,0,MN,0,R,,006800100S00,45,29,52.190000000000000,-122,34,43.350000000000000,45.497830555555333,-122.578708333332667,,,,,05082  ,SE 82ND AVE                 ,,01940  ,SE POWELL BLVD              ,,1,,1,4.71999979e+00,35,3,STRGHT  ,0,,,1,0,0,4,,0,NONE ,04,E,S-1STOP   ,3,REAR    ,4,INJ,1,CLR ,1,DRY ,1,DAY ,099,UNKNOWN   ,1,0,NONE  ,013,FORCED    ,,,,,29,F AVOID ,,,,,,,0,0,0,0,0,9,"Over 200,000",2,PORTLAND HWY SYSTEM,OR,213  ,OR 213    ,1,02B,293_19012,,0,10/30/19 17:21:04,3,0,0,0,1,1,0,3,0,0,0,0,0,0,0,0,0,0,0,4,4,3,0,1,0,0,0,0,0,0,0,N
1782964,03343,04/22/18 00:00:00,04,22,2018,1,13,1P ,26,Multnomah,245,Portland SE,57,PORTLAND UA    ,16,U MN-ART,0,,,,,,,,,,,45,31,6.010000000000000,-122,33,37.110000000000000,45.518336111110667,-122.560308333333000,,,,,02612  ,SE WASHINGTON ST            ,,05100  ,SE 100TH AVE                ,,1,0,9,,,1,INTER   ,0,3,3-LEG  ,0,0,1,,0,,,04,B,ANGL-OTH  ,6,TURN    ,4,INJ,1,CLR ,1,DRY ,1,DAY ,004,STOP SIGN ,1,5,NO RPT,,,,,,,02,NO-YIELD,,,,,,,0,0,0,0,0,9,"Over 200,000",1,PORTLAND CITY STREET,,,,1,02B,58_115921,,0,10/30/19 17:21:04,2,0,0,3,0,3,0,1,0,0,0,0,0,0,0,0,0,0,0,4,4,3,0,1,0,0,0,0,0,0,0,N
1782983,02512,03/16/18 00:00:00,03,16,2018,6,15,3P ,26,Multnomah,245,Portland SE,57,PORTLAND UA    ,16,U MN-ART,0,,,,,,,,,,,45,28,35.540000000000000,-122,32,13.570000000000000,45.476538888888667,-122.537102777777333,,,,,00824  ,SE FOSTER RD                ,,05122  ,SE 122ND AVE                ,,1,0,3,,,1,INTER   ,0,1,CROSS  ,0,0,0,,0,,,06,E,S-1STOP   ,3,REAR    ,4,INJ,1,CLR ,1,DRY ,1,DAY ,001,TRF SIGNAL,1,3,CITY  ,,,,,,,29,F AVOID ,,,,,0,0,0,0,0,0,1,9,"Over 200,000",1,PORTLAND CITY STREET,,,,1,02C,58_128284,,0,10/30/19 17:21:04,2,0,0,0,1,1,0,1,0,0,0,0,0,0,0,0,0,0,0,2,2,1,0,1,0,0,0,0,0,0,0,N
1782992,03353,04/23/18 00:00:00,04,23,2018,2,21,9P ,26,Multnomah,245,Portland SE,57,PORTLAND UA    ,14,U PR-ART,1,026,  ,MT. HOOD,1,0,MN,0,R,,002600100S00,45,29,57.680000000000000,-122,38,40.710000000000000,45.499355555555333,-122.644641666666333,,,,,01940  ,SE POWELL BLVD              ,,05021  ,SE 21ST AVE                 ,,1,,9,1.80999994e+00,35,1,INTER   ,0,1,CROSS  ,0,0,0,,0,,,03,H,O-1 L-TURN,6,TURN    ,4,INJ,1,CLR ,1,DRY ,2,DLIT,001,TRF SIGNAL,1,5,NO RPT,,,,,,,02,NO-YIELD,,,,,,,0,0,0,0,0,9,"Over 200,000",2,PORTLAND HWY SYSTEM,US,26   ,US 26     ,1,02B,293_13690,,0,10/30/19 17:21:04,2,0,0,0,1,1,0,1,0,0,0,0,0,0,0,0,0,0,0,2,2,1,0,1,0,0,0,0,0,0,1,N