CRASH_ID,SER_NO,CRASH_DT,CRASH_MO_NO,CRASH_DAY_NO,CRASH_YR_NO,CRASH_WK_DAY_CD,CRASH_HR_NO,CRASH_HR_SHORT_DESC,CNTY_ID,CNTY_NM,CITY_SECT_ID,CITY_SECT_NM,URB_AREA_CD,URB_AREA_SHORT_NM,FC_CD,FC_SHORT_DESC,NHS_FLG,HWY_NO,HWY_SFX_NO,HWY_MED_NM,RDWY_NO,HWY_COMPNT_CD,HWY_COMPNT_SHORT_DESC,MLGE_TYP_CD,MLGE_TYP_SHORT_DESC,RD_CON_NO,LRS_VAL,LAT_DEG_NO,LAT_MINUTE_NO,LAT_SEC_NO,LONGTD_DEG_NO,LONGTD_MINUTE_NO,LONGTD_SEC_NO,LAT_DD,LONGTD_DD,SPECL_JRSDCT_ID,SPECL_JRSDCT_SHORT_DESC,JRSDCT_GRP_CD,JRSDCT_GRP_LONG_DESC,AGY_ST_NO,ST_FULL_NM,RECRE_RD_NM,ISECT_AGY_ST_NO,ISECT_ST_FULL_NM,ISECT_RECRE_RD_NM,ISECT_SEQ_NO,FROM_ISECT_DSTNC_QTY,CMPSS_DIR_CD,MP_NO,POST_SPEED_LMT_VAL,RD_CHAR_CD,RD_CHAR_SHORT_DESC,OFF_RDWY_FLG,ISECT_TYP_CD,ISECT_TYP_SHORT_DESC,ISECT_REL_FLG,RNDABT_FLG,DRVWY_REL_FLG,LN_QTY,TURNG_LEG_QTY,MEDN_TYP_CD,MEDN_TYP_SHORT_DESC,IMPCT_LOC_CD,CRASH_TYP_CD,CRASH_TYP_SHORT_DESC,COLLIS_TYP_CD,COLLIS_TYP_SHORT_DESC,CRASH_SVRTY_CD,CRASH_SVRTY_SHORT_DESC,WTHR_COND_CD,WTHR_COND_SHORT_DESC,RD_SURF_COND_CD,RD_SURF_SHORT_DESC,LGT_COND_CD,LGT_COND_SHORT_DESC,TRAF_CNTL_DEVICE_CD,TRAF_CNTL_DEVICE_SHORT_DESC,TRAF_CNTL_FUNC_FLG,INVSTG_AGY_CD,INVSTG_AGY_SHORT_DESC,CRASH_EVNT_1_CD,CRASH_EVNT_1_SHORT_DESC,CRASH_EVNT_2_CD,CRASH_EVNT_2_SHORT_DESC,CRASH_EVNT_3_CD,CRASH_EVNT_3_SHORT_DESC,CRASH_CAUSE_1_CD,CRASH_CAUSE_1_SHORT_DESC,CRASH_CAUSE_2_CD,CRASH_CAUSE_2_SHORT_DESC,CRASH_CAUSE_3_CD,CRASH_CAUSE_3_SHORT_DESC,SCHL_ZONE_IND,WRK_ZONE_IND,ALCHL_INVLV_FLG,DRUG_INVLV_FLG,MJ_INVLV_FLG,CRASH_SPEED_INVLV_FLG,CRASH_HIT_RUN_FLG,POP_RNG_CD,POP_RNG_MED_DESC,RD_CNTL_CD,RD_CNTL_MED_DESC,RTE_TYP_CD,RTE_ID,RTE_NM,REG_ID,DIST_ID,SEG_MRK_ID,SEG_PT_LRS_MEAS,UNLOCT_FLG,CRASH_LAST_UD_DT,TOT_VHCL_CNT,TOT_FATAL_CNT,TOT_INJ_LVL_A_CNT,TOT_INJ_LVL_B_CNT,TOT_INJ_LVL_C_CNT,TOT_INJ_CNT,TOT_UNINJD_AGE00_04_CNT,TOT_UNINJD_PER_CNT,TOT_PED_CNT,TOT_PED_FATAL_CNT,TOT_PED_INJ_LVL_A_CNT,TOT_PED_INJ_CNT,TOT_PEDCYCL_CNT,TOT_PEDCYCL_FATAL_CNT,TOT_PEDCYCL_INJ_LVL_A_CNT,TOT_PEDCYCL_INJ_CNT,TOT_UNKNWN_CNT,TOT_UNKNWN_FATAL_CNT,TOT_UNKNWN_INJ_CNT,TOT_OCCUP_CNT,TOT_PER_INVLV_CNT,TOT_SFTY_EQUIP_USED_QTY,TOT_SFTY_EQUIP_UNUSED_QTY,TOT_SFTY_EQUIP_USE_UNKNWN_QTY,TOT_PSNGR_VHCL_OCC_UNRESTRND_FATAL_CNT,TOT_MCYCLST_FATAL_CNT,TOT_MCYCLST_INJ_LVL_A_CNT,TOT_MCYCLST_INJ_CNT,TOT_MCYCLST_UNHELMTD_FATAL_CNT,TOT_ALCHL_IMPAIRED_DRVR_INV_FATAL_CNT,TOT_DRVR_AGE_01_20_CNT,LANE_RDWY_DPRT_CRASH_FLG
1783244,03425,04/20/18 00:00:00,04,20,2018,6,19,7P ,26,Multnomah,245,Portland SE,57,PORTLAND UA    ,14,U PR-ART,1,068,  ,CASCADE HWY NORTH,1,0,MN,0,R,,006800100S00,45,29,52.180000000000000,-122,34,43.350000000000000,45.497827777777333,-122.578708333332667,,,,,05082  ,SE 82ND AVE                 ,,00828  ,SE FRANKLIN ST              ,,1,,5,4.71999979e+00,35,3,STRGHT  ,0,,,0,0,0,5,,0,NONE ,05,E,S-1STOP   ,3,REAR    ,4,INJ,1,CLR ,1,DRY ,5,DUSK,022,L-GRN-SIG ,1,3,CITY  ,,,,,,,29,F AVOID ,,,,,0,0,0,0,0,0,1,9,"Over 200,000",2,PORTLAND HWY SYSTEM,OR,213  ,OR 213    ,1,02B,293_19012,,0,10/30/19 17:21:04,2,0,0,0,1,1,0,2,0,0,0,0,0,0,0,0,0,0,0,3,3,2,0,1,0,0,0,0,0,0,0,N
1783282,02606,03/31/18 00:00:00,03,31,2018,7,17,5P ,26,Multnomah,245,Portland SE,57,PORTLAND UA    ,17,U MJ-COL,0,,,,,,,,,,,45,30,51.490000000000000,-122,38,5.220000000000000,45.514302777777000,-122.634783333333333,,,,,02205  ,SE SALMON ST                ,,05030  ,SE 30TH AVE                 ,,1,0,5,,,1,INTER   ,1,1,CROSS  ,0,0,0,,0,,,06,3,PED       ,0,PED     ,4,INJ,1,CLR ,1,DRY ,1,DAY ,099,UNKNOWN   ,1,3,CITY  ,,,,,,,10,OTHR-IMP,,,,,0,0,0,0,0,0,0,9,"Over 200,000",1,PORTLAND CITY STREET,,,,1,02B,58_116795,,0,10/30/19 17:21:04,1,0,0,0,1,1,0,1,1,0,0,1,0,0,0,0,0,0,0,1,2,1,0,0,0,0,0,0,0,0,0,N
1783315,02613,03/31/18 00:00:00,03,31,2018,7,15,3P ,26,Multnomah,245,Portland SE,57,PORTLAND UA    ,16,U MN-ART,0,,,,,,,,,,,45,31,8.960000000000000,-122,30,38.550000000000000,45.519155555554667,-122.510708333333000,,,,,02259  ,SE STARK ST                 ,,05148  ,SE 148TH AVE                ,,1,0,9,,,1,INTER   ,0,1,CROSS  ,0,0,0,,0,,,03,F,S-OTHER   ,6,TURN    ,4,INJ,1,CLR ,0,UNK ,1,DAY ,001,TRF SIGNAL,1,0,NONE  ,,,,,,,08,IMP-TURN,,,,,,,0,0,0,0,0,9,"Over 200,000",1,PORTLAND CITY STREET,,,,1,02B,58_182989,,0,10/30/19 17:21:04,2,0,0,0,2,2,0,0,0,0,0,0,0,0,0,0,0,0,0,2,2,0,0,2,0,0,0,0,0,0,0,N
1783328,03434,04/26/18 00:00:00,04,26,2018,5,08,8A ,26,Multnomah,245,Portland SE,57,PORTLAND UA    ,16,U MN-ART,0,,,,,,,,,,,45,30,59.400000000000000,-122,39,31.230000000000000,45.516500000000000,-122.658675000000000,,,,,00226  ,SE BELMONT ST               ,,05007  ,SE 7TH AVE                  ,,1,0,9,,,1,INTER   ,0,1,CROSS  ,0,0,0,,0,,,04,6,BIKE      ,6,TURN    ,4,INJ,1,CLR ,1,DRY ,1,DAY ,001,TRF SIGNAL,1,3,CITY  ,,,,,,,02,NO-YIELD,,,,,0,0,0,0,0,0,0,9,"Over 200,000",1,PORTLAND CITY STREET,,,,1,02B,58_115932,,0,10/30/19 17:21:04,1,0,0,0,1,1,0,1,0,0,0,0,1,0,0,1,0,0,0,1,2,1,0,1,0,0,0,0,0,0,0,N
1783340,03438,04/26/18 00:00:00,04,26,2018,5,12,12P,26,Multnomah,245,Portland SE,57,PORTLAND UA    ,14,U PR-ART,1,026,  ,MT. HOOD,1,0,MN,0,R,,002600100S00,45,29,52.600000000000000,-122,38,22.630000000000000,45.497944444444333,-122.639619444444333,,,,,01940  ,SE POWELL BLVD              ,,05026  ,SE 26TH AVE                 ,,1,,1,2.06999993e+00,35,1,INTER   ,0,1,CROSS  ,0,0,0,,0,,,06,E,S-1STOP   ,3,REAR    ,4,INJ,1,CLR ,1,DRY ,1,DAY ,001,TRF SIGNAL,1,5,NO RPT,,,,,,,29,F AVOID ,,,,,,,0,0,0,0,0,9,"Over 200,000",2,PORTLAND HWY SYSTEM,US,26   ,US 26     ,1,02B,293_14612,,0,10/30/19 17:21:04,2,0,0,0,1,1,0,1,0,0,0,0,0,0,0,0,0,0,0,2,2,2,0,0,0,0,0,0,0,0,0,N
1783357,03444,04/26/18 00:00:00,04,26,2018,5,19,7P ,26,Multnomah,245,Portland SE,57,PORTLAND UA    ,17,U MJ-COL,0,,,,,,,,,,,45,27,52.920000000000000,-122,32,52.990000000000000,45.464700000000000,-122.548052777777333,,,,,01623  ,SE MT SCOTT BLVD            ,,05112  ,SE 112TH AVE                ,,1,0,7,,,1,INTER   ,0,1,CROSS  ,0,0,0,,0,,,06,E,S-1STOP   ,3,REAR    ,4,INJ,0,UNK ,0,UNK ,5,DUSK,004,STOP SIGN ,1,0,NONE  ,,,,,,,29,F AVOID ,,,,,,,0,0,0,0,0,9,"Over 200,000",1,PORTLAND CITY STREET,,,,1,02C,58_197289,,0,10/30/19 17:21:04,2,0,0,0,1,1,0,1,0,0,0,0,0,0,0,0,0,0,0,2,2,0,0,2,0,0,0,0,0,0,0,N
1783378,03457,04/26/18 00:00:00,04,26,2018,5,17,5P ,26,Multnomah,245,Portland SE,57,PORTLAND UA    ,19,U LOCAL ,0,,,,,,,,,,,45,30,1.020000000000000,-122,36,32.510000000000000,45.500283333333000,-122.609030555555000,,,,,02326  ,SE TIBBETTS ST              ,,05052  ,SE 52ND AVE                 ,,1,0,9,,,1,INTER   ,0,1,CROSS  ,0,0,0,,0,,,04,B,ANGL-OTH  ,1,ANGL    ,4,INJ,1,CLR ,1,DRY ,1,DAY ,004,STOP SIGN ,1,0,NONE  ,,,,,,,02,NO-YIELD,,,,,,,0,0,0,0,0,9,"Over 200,000",1,PORTLAND CITY STREET,,,,1,02B,58_121445,,0,10/30/19 17:21:04,2,0,0,0,1,1,0,1,0,0,0,0,0,0,0,0,0,0,0,2,2,1,0,1,0,0,0,0,0,0,0,N
1783395,02621,03/27/18 00:00:00,03,27,2018,3,15,3P ,26,Multnomah,245,Portland SE,57,PORTLAND UA    ,16,U MN-ART,0,,,,,,,,,,,45,29,41.050000000000000,-122,36,25.800000000000000,45.494736111110333,-122.607166666666000,,,,,00824  ,SE FOSTER RD                ,,05054  ,SE 54TH AVE                 ,,1,0,9,,35,1,INTER   ,0,6,6-LEG  ,0,0,0,,0,,,04,B,ANGL-OTH  ,6,TURN    ,4,INJ,2,CLD ,1,DRY ,1,DAY ,004,STOP SIGN ,1,3,CITY  ,087,FIRE/EXP  ,,,,,02,NO-YIELD,03,PAS-STOP,33,RECKLESS,0,0,0,0,0,0,0,9,"Over 200,000",1,PORTLAND CITY STREET,,,,1,02B,58_122912,,0,10/30/19 17:21:04,2,0,0,1,1,2,0,0,0,0,0,0,0,0,0,0,0,0,0,2,2,2,0,0,0,0,0,0,0,0,1,N
1783406,02624,03/26/18 00:00:00,03,26,2018,2,16,4P ,26,Multnomah,245,Portland SE,57,PORTLAND UA    ,14,U PR-ART,1,026,  ,MT. HOOD,1,0,MN,0,R,,002600100S00,45,29,50.000000000000000,-122,31,59.340000000000000,45.497222222221333,-122.533149999999667,,,,,00114  ,SE 127TH PL                 ,,01940  ,SE POWELL BLVD              ,,1,,3,7.44000006e+00,35,1,INTER   ,0,3,3-LEG  ,0,0,0,,0,,,06,E,S-1STOP   ,3,REAR    ,4,INJ,2,CLD ,1,DRY ,1,DAY ,099,UNKNOWN   ,1,3,CITY  ,,,,,,,29,F AVOID ,,,,,,,0,0,0,0,1,9,"Over 200,000",2,PORTLAND HWY SYSTEM,US,26   ,US 26     ,1,02B,293_17370,,0,10/30/19 17:21:04,2,0,0,2,0,2,2,5,0,0,0,0,0,0,0,0,0,0,0,7,7,5,0,2,0,0,0,0,0,0,0,N
1783408,03462,04/26/18 00:00:00,04,26,2018,5,17,5P ,26,Multnomah,245,Portland SE,57,PORTLAND UA    ,14,U PR-ART,1,,,,,,,,,,,45,30,44.070000000000000,-122,39,38.770000000000000,45.512241666666000,-122.660769444444000,,,,,00929  ,SE GRAND AVE                ,,01028  ,SE HAWTHORNE BLVD           ,,1,0,1,,,1,INTER   ,0,1,CROSS  ,0,0,0,,0,,,05,E,S-1STOP   ,3,REAR    ,5,PDO,1,CLR ,1,DRY ,1,DAY ,001,TRF SIGNAL,1,0,NONE  ,,,,,,,29,F AVOID ,,,,,,,0,0,0,0,0,9,"Over 200,000",1,PORTLAND CITY STREET,,,,1,02B,58_199078,,0,10/30/19 17:21:04,2,0,0,0,0,0,0,2,0,0,0,0,0,0,0,0,0,0,0,2,2,1,0,1,0,0,0,0,0,0,0,N
1783415,03465,04/26/18 00:00:00,04,26,2018,5,01,1A ,26,Multnomah,245,Portland SE,57,PORTLAND UA    ,19,U LOCAL ,0,,,,,,,,,,,45,31,19.700000000000000,-122,38,16.070000000000000,45.522138888888667,-122.637797222221333,,,,,00124  ,SE ANKENY ST                ,,05028  ,SE 28TH AVE                 ,,1,113,7,,,2,ALLEY   ,1,,,0,0,0,2,,0,NONE ,07,8,FIX OBJ   ,9,FIX     ,4,INJ,1,CLR ,1,DRY ,2,DLIT,099,UNKNOWN   ,1,3,CITY  ,091,BUILDING  ,,,,,08,IMP-TURN,,,,,,,0,0,0,0,0,9,"Over 200,000",1,PORTLAND CITY STREET,,,,1,02B,58_114620,,0,10/30/19 17:21:04,1,0,0,1,0,1,0,0,0,0,0,0,0,0,0,0,0,0,0,1,1,1,0,0,0,0,0,0,0,0,0,Y
1783422,02628,03/26/18 00:00:00,03,26,2018,2,15,3P ,26,Multnomah,245,Portland SE,57,PORTLAND UA    ,11,U INTRST,1,001,  ,PACIFIC,1,6,CN,0,R,5,0001VK100S00,45,31,13.820000000000000,-122,39,55.020000000000000,45.520505555554667,-122.665283333333000,,,,,09503  ,EB EF MORRISN BR C5         ,,09460  ,NB EXTO BANFIELD C1         ,,1,,4,3.01339996e+02,,3,STRGHT  ,0,,,0,0,0,1,,1,RSDMD,03,E,S-1STOP   ,3,REAR    ,4,INJ,1,CLR ,1,DRY ,1,DAY ,037,RAMP METER,1,3,CITY  ,,,,,,,29,F AVOID ,,,,,0,0,0,0,0,0,1,9,"Over 200,000",2,PORTLAND HWY SYSTEM,IS,5    ,I-5       ,1,02B,293_3662,,0,10/30/19 17:21:04,2,0,0,1,0,1,0,1,0,0,0,0,0,0,0,0,0,0,0,2,2,1,0,1,0,0,0,0,0,0,0,N
1783426,03468,04/25/18 00:00:00,04,25,2018,4,20,8P ,26,Multnomah,245,Portland SE,57,PORTLAND UA    ,14,U PR-ART,1,026,  ,MT. HOOD,1,0,MN,0,R,,002600100S00,45,29,49.100000000000000,-122,32,27.970000000000000,45.496972222221333,-122.541102777777333,,,,,01940  ,SE POWELL BLVD              ,,05119  ,SE 119TH AVE                ,,1,,7,7.03999996e+00,35,3,STRGHT  ,0,,,0,0,0,2,,0,NONE ,03,C,S-STRGHT  ,5,SS-O    ,4,INJ,1,CLR ,1,DRY ,2,DLIT,099,UNKNOWN   ,1,5,NO RPT,010,SUB OTRN  ,,,,,32,CARELESS,06,IMP-OVER,,,0,0,0,0,0,0,0,9,"Over 200,000",2,PORTLAND HWY SYSTEM,US,26   ,US 26     ,1,02B,293_3639,,0,10/30/19 17:21:04,2,0,0,0,1,1,0,1,0,0,0,0,0,0,0,0,0,0,0,2,2,2,0,0,0,0,0,1,0,0,0,N
1783444,03469,04/25/18 00:00:00,04,25,2018,4,17,5P ,26,Multnomah,245,Portland SE,57,PORTLAND UA    ,19,U LOCAL ,0,,,,,,,,,,,45,30,9.660000000000000,-122,38,44.290000000000000,45.502683333333000,-122.645636111110333,,,,,02303  ,SE TAGGART ST               ,,05020  ,SE 20TH AVE                 ,,1,0,9,,,1,INTER   ,0,1,CROSS  ,0,0,0,,0,,,02,B,ANGL-OTH  ,1,ANGL    ,4,INJ,1,CLR ,1,DRY ,1,DAY ,004,STOP SIGN ,1,3,CITY  ,062,TREE      ,,,,,32,CARELESS,03,PAS-STOP,,,0,0,0,0,0,0,0,9,"Over 200,000",1,PORTLAND CITY STREET,,,,1,02B,58_120064,,0,10/30/19 17:21:04,2,0,0,0,1,1,0,1,0,0,0,0,0,0,0,0,0,0,0,2,2,2,0,0,0,0,0,0,0,0,0,N
1783449,03470,04/25/18 00:00:00,04,25,2018,4,16,4P ,26,Multnomah,245,Portland SE,57,PORTLAND UA    ,14,U PR-ART,1,,,,,,,,,,,45,30,38.930000000000000,-122,39,42.620000000000000,45.510813888888000,-122.661838888888000,,,,,01528  ,SE MARKET ST                ,,02402  ,SE MLK/UNION                ,,1,0,1,,,1,INTER   ,0,1,CROSS  ,0,0,0,,0,,,05,C,S-STRGHT  ,5,SS-O    ,4,INJ,1,CLR ,1,DRY ,1,DAY ,004,STOP SIGN ,1,0,NONE  ,,,,,,,13,IMP LN C,,,,,,,0,0,0,0,0,9,"Over 200,000",1,PORTLAND CITY STREET,,,,1,02B,58_140069,,0,10/30/19 17:21:04,2,0,0,0,1,1,0,1,0,0,0,0,0,0,0,0,0,0,0,2,2,1,0,1,0,0,0,0,0,0,0,N
1783453,02751,03/30/18 00:00:00,03,30,2018,6,05,5A ,26,Multnomah,245,Portland SE,57,PORTLAND UA    ,14,U PR-ART,1,026,  ,MT. HOOD,1,0,MN,0,R,,002600100S00,45,29,47.490000000000000,-122,30,17.110000000000000,45.496524999999333,-122.504752777777000,,,,,01940  ,SE POWELL BLVD              ,,05154  ,SE 154TH AVE                ,,1,,9,8.85000038e+00,35,1,INTER   ,0,3,3-LEG  ,0,0,0,,0,,,02,G,O-STRGHT  ,4,SS-M    ,4,INJ,1,CLR ,1,DRY ,2,DLIT,099,UNKNOWN   ,1,3,CITY  ,,,,,,,17,ILLNESS ,15,WRNG WAY,,,0,0,0,0,0,0,0,9,"Over 200,000",2,PORTLAND HWY SYSTEM,US,26   ,US 26     ,1,02B,293_16248,,0,10/30/19 17:21:04,2,0,0,0,1,1,0,1,0,0,0,0,0,0,0,0,0,0,0,2,2,2,0,0,0,0,0,0,0,0,0,N
1783496,02770,03/19/18 00:00:00,03,19,2018,2,18,6P ,26,Multnomah,245,Portland SE,57,PORTLAND UA    ,14,U PR-ART,1,026,  ,MT. HOOD,1,0,MN,0,R,,002600100S00,45,29,50.330000000000000,-122,38,8.020000000000000,45.497313888888333,-122.635561111110333,,,,,01940  ,SE POWELL BLVD              ,,05029  ,SE 29TH AVE                 ,,1,,4,2.26999998e+00,35,1,INTER   ,0,1,CROSS  ,0,0,0,,0,,,06,E,S-1STOP   ,3,REAR    ,4,INJ,1,CLR ,1,DRY ,1,DAY ,001,TRF SIGNAL,1,5,NO RPT,,,,,,,29,F AVOID ,,,,,,,0,0,0,0,0,9,"Over 200,000",2,PORTLAND HWY SYSTEM,US,26   ,US 26     ,1,02B,293_13691,,0,10/30/19 17:21:04,2,0,0,0,2,2,0,1,0,0,0,0,0,0,0,0,0,0,0,3,3,2,0,1,0,0,0,0,0,0,0,N
1783499,02773,03/27/18 00:00:00,03,27,2018,3,06,6A ,26,Multnomah,245,Portland SE,57,PORTLAND UA    ,11,U INTRST,1,064,  ,EAST PORTLAND FREEWAY,1,6,CN,0,R,1,0064CD100S00,45,31,2.300000000000000,-122,33,53.340000000000000,45.517305555554667,-122.564816666666000,,,,,09723  ,NB EX WASH-STARK C1         ,,00745  ,EAST PORTLAND FY            ,,1,,2,2.05000000e+01,,3,STRGHT  ,1,,,0,0,0,1,,1,RSDMD,04,8,FIX OBJ   ,9,FIX     ,4,INJ,3,RAIN,2,WET ,4,DAWN,017,MEDIAN BAR,1,3,CITY  ,043,GARDRAIL  ,,,,,17,ILLNESS ,,,,,,,0,0,0,0,0,9,"Over 200,000",2,PORTLAND HWY SYSTEM,IS,205  ,I-205     ,1,02B,293_6165,,0,10/30/19 17:21:04,1,0,0,0,1,1,0,0,0,0,0,0,0,0,0,0,0,0,0,1,1,1,0,0,0,0,0,0,0,0,0,Y
1783521,02989,03/26/18 00:00:00,03,26,2018,2,17,5P ,26,Multnomah,245,Portland SE,57,PORTLAND UA    ,17,U MJ-COL,0,,,,,,,,,,,45,29,5.640000000000000,-122,34,6.970000000000000,45.484899999999333,-122.568602777777667,,,,,05092  ,SE 92ND AVE                 ,,02260  ,SE STEELE ST                ,,1,85,1,,,3,STRGHT  ,0,,,0,0,1,2,,0,NONE ,07,H,O-1 L-TURN,6,TURN    ,4,INJ,1,CLR ,1,DRY ,1,DAY ,099,UNKNOWN   ,1,5,NO RPT,129,HILL INV  ,013,FORCED    ,,,02,NO-YIELD,,,,,,,0,0,0,0,0,9,"Over 200,000",1,PORTLAND CITY STREET,,,,1,02B,58_141388,,0,10/30/19 17:21:04,4,0,0,1,1,2,0,0,0,0,0,0,0,0,0,0,0,0,0,2,2,2,0,0,0,0,0,0,0,0,0,N
1783544,03485,04/25/18 00:00:00,04,25,2018,4,08,8A ,26,Multnomah,245,Portland SE,57,PORTLAND UA    ,16,U MN-ART,0,,,,,,,,,,,45,31,17.350000000000000,-122,39,20.340000000000000,45.521486111110667,-122.655650000000000,,,,,02210  ,SE SANDY BLVD               ,,05010  ,SE 10TH AVE                 ,,1,0,9,,,1,INTER   ,0,6,6-LEG  ,0,0,0,,0,,,02,B,ANGL-OTH  ,1,ANGL    ,4,INJ,1,CLR ,1,DRY ,1,DAY ,004,STOP SIGN ,1,0,NONE  ,,,,,,,02,NO-YIELD,,,,,,,0,0,0,0,0,9,"Over 200,000",1,PORTLAND CITY STREET,,,,1,02B,58_114865,,0,10/30/19 17:21:04,2,0,0,0,1,1,0,1,0,0,0,0,0,0,0,0,0,0,0,2,2,1,0,1,0,0,0,0,0,0,0,N
1783558,03095,03/18/18 00:00:00,03,18,2018,1,02,2A ,26,Multnomah,245,Portland SE,57,PORTLAND UA    ,14,U PR-ART,1,026,  ,MT. HOOD,1,0,MN,0,R,,002600100S00,45,29,49.810000000000000,-122,32,6.200000000000000,45.497169444444333,-122.535055555555333,,,,,01940  ,SE POWELL BLVD              ,,05124  ,SE 124TH AVE                ,,1,,3,7.34000015e+00,35,3,STRGHT  ,0,,,0,0,0,2,,0,NONE ,04,3,PED       ,0,PED     ,4,INJ,2,CLD ,2,WET ,2,DLIT,099,UNKNOWN   ,1,3,CITY  ,,,,,,,30,SPEED   ,18,IN RDWY ,19,NT VISBL,0,0,0,0,0,1,0,9,"Over 200,000",2,PORTLAND HWY SYSTEM,US,26   ,US 26     ,1,02B,293_20865,,0,10/30/19 17:21:04,1,0,1,1,0,2,0,1,2,0,1,2,0,0,0,0,0,0,0,1,3,1,0,0,0,0,0,0,0,0,0,N
1783561,03487,04/25/18 00:00:00,04,25,2018,4,19,7P ,26,Multnomah,245,Portland SE,57,PORTLAND UA    ,11,U INTRST,0,064,  ,EAST PORTLAND FREEWAY,1,6,CN,0,R,4,0064BV100S00,45,30,15.960000000000000,-122,33,57.370000000000000,45.504433333333000,-122.565936111111000,,,,,00614  ,SE DIVISION ST              ,,09722  ,SB EX DIVISION C6           ,,1,,9,1.97500000e+01,,1,INTER   ,0,1,CROSS  ,0,0,0,,0,,,04,D,S-1TURN   ,6,TURN    ,4,INJ,1,CLR ,0,UNK ,5,DUSK,022,L-GRN-SIG ,1,5,NO RPT,,,,,,,14,DIS TCD ,,,,,,,0,0,0,0,0,9,"Over 200,000",2,PORTLAND HWY SYSTEM,IS,205  ,I-205     ,1,02B,293_6130,,0,10/30/19 17:21:04,2,0,0,0,1,1,0,1,0,0,0,0,0,0,0,0,0,0,0,2,2,1,0,1,0,0,0,0,0,0,0,N
1783574,03490,04/25/18 00:00:00,04,25,2018,4,17,5P ,26,Multnomah,245,Portland SE,57,PORTLAND UA    ,16,U MN-ART,0,,,,,,,,,,,45,27,51.560000000000000,-122,39,37.930000000000000,45.464322222222000,-122.660536111111000,,,,,02301  ,SE TACOMA ST                ,,05006  ,SE 6TH AVE                  ,,1,101,7,,,3,STRGHT  ,0,,,0,0,0,2,,0,NONE ,08,C,S-STRGHT  ,3,REAR    ,4,INJ,1,CLR ,1,DRY ,1,DAY ,099,UNKNOWN   ,1,0,NONE  ,,,,,,,13,IMP LN C,,,,,,,0,0,0,0,0,9,"Over 200,000",1,PORTLAND CITY STREET,,,,1,02B,58_130322,,0,10/30/19 17:21:04,2,0,0,0,1,1,0,1,0,0,0,0,0,0,0,0,0,0,0,2,2,1,0,1,0,0,0,0,0,0,0,N
1783592,03500,04/25/18 00:00:00,04,25,2018,4,15,3P ,26,Multnomah,245,Portland SE,57,PORTLAND UA    ,11,U INTRST,1,001,  ,PACIFIC,2,0,MN,0,R,,000100200S00,45,30,38.720000000000000,-122,40,0.080000000000000,45.510755555555000,-122.666688888888667,,,,,00302  ,PACIFIC HY I-5              ,,09452  ,SB EX MARQUAM BR            ,,1,,5,3.00630005e+02,50,8,BRIDGE  ,0,,,0,0,0,3,,0,NONE ,03,C,S-STRGHT  ,5,SS-O    ,4,INJ,1,CLR ,1,DRY ,1,DAY ,015,ONE-WAY   ,1,0,NONE  ,,,,,,,13,IMP LN C,,,,,,,0,0,0,0,0,9,"Over 200,000",2,PORTLAND HWY SYSTEM,IS,5    ,I-5       ,1,02B,293_3024,,0,10/30/19 17:21:04,2,0,0,0,1,1,0,1,0,0,0,0,0,0,0,0,0,0,0,2,2,1,0,1,0,0,0,0,0,0,0,N
1783653,03258,03/27/18 00:00:00,03,27,2018,3,16,4P ,26,Multnomah,245,Portland SE,57,PORTLAND UA    ,19,U LOCAL ,0,,,,,,,,,,,45,29,48.740000000000000,-122,34,51.290000000000000,45.496872222221333,-122.580913888888667,,,,,02158  ,SE RHINE ST                 ,,05080  ,SE 80TH AVE                 ,,1,0,9,,,1,INTER   ,0,1,CROSS  ,0,0,0,,0,,,02,B,ANGL-OTH  ,1,ANGL    ,4,INJ,1,CLR ,1,DRY ,1,DAY ,004,STOP SIGN ,1,0,NONE  ,,,,,,,03,PAS-STOP,,,,,,,0,0,0,0,0,9,"Over 200,000",1,PORTLAND CITY STREET,,,,1,02B,58_122363,,0,10/30/19 17:21:04,2,0,0,0,1,1,0,1,0,0,0,0,0,0,0,0,0,0,0,2,2,1,0,1,0,0,0,0,0,0,0,N
1783654,03508,04/22/18 00:00:00,04,22,2018,1,06,6A ,26,Multnomah,245,Portland SE,57,PORTLAND UA    ,14,U PR-ART,1,026,  ,MT. HOOD,1,0,MN,0,R,,002600100S00,45,29,57.680000000000000,-122,38,40.710000000000000,45.499355555555333,-122.644641666666333,,,,,01940  ,SE POWELL BLVD              ,,05021  ,SE 21ST AVE                 ,,1,,9,1.80999994e+00,35,1,INTER   ,0,1,CROSS  ,0,0,0,,0,,,03,B,ANGL-OTH  ,6,TURN    ,4,INJ,1,CLR ,1,DRY ,1,DAY ,001,TRF SIGNAL,1,5,NO RPT,,,,,,,33,RECKLESS,02,NO-YIELD,01,TOO-FAST,0,0,0,0,0,1,1,9,"Over 200,000",2,PORTLAND HWY SYSTEM,US,26   ,US 26     ,1,02B,293_13690,,0,10/30/19 17:21:04,2,0,0,0,1,1,0,1,0,0,0,0,0,0,0,0,0,0,0,2,2,1,0,1,0,0,0,0,0,0,0,N