CRASH_ID,SER_NO,CRASH_DT,CRASH_MO_NO,CRASH_DAY_NO,CRASH_YR_NO,CRASH_WK_DAY_CD,CRASH_HR_NO,CRASH_HR_SHORT_DESC,CNTY_ID,CNTY_NM,CITY_SECT_ID,CITY_SECT_NM,URB_AREA_CD,URB_AREA_SHORT_NM,FC_CD,FC_SHORT_DESC,NHS_FLG,HWY_NO,HWY_SFX_NO,HWY_MED_NM,RDWY_NO,HWY_COMPNT_CD,HWY_COMPNT_SHORT_DESC,MLGE_TYP_CD,MLGE_TYP_SHORT_DESC,RD_CON_NO,LRS_VAL,LAT_DEG_NO,LAT_MINUTE_NO,LAT_SEC_NO,LONGTD_DEG_NO,LONGTD_MINUTE_NO,LONGTD_SEC_NO,LAT_DD,LONGTD_DD,SPECL_JRSDCT_ID,SPECL_JRSDCT_SHORT_DESC,JRSDCT_GRP_CD,JRSDCT_GRP_LONG_DESC,AGY_ST_NO,ST_FULL_NM,RECRE_RD_NM,ISECT_AGY_ST_NO,ISECT_ST_FULL_NM,ISECT_RECRE_RD_NM,ISECT_SEQ_NO,FROM_ISECT_DSTNC_QTY,CMPSS_DIR_CD,MP_NO,POST_SPEED_LMT_VAL,RD_CHAR_CD,RD_CHAR_SHORT_DESC,OFF_RDWY_FLG,ISECT_TYP_CD,ISECT_TYP_SHORT_DESC,ISECT_REL_FLG,RNDABT_FLG,DRVWY_REL_FLG,LN_QTY,TURNG_LEG_QTY,MEDN_TYP_CD,MEDN_TYP_SHORT_DESC,IMPCT_LOC_CD,CRASH_TYP_CD,CRASH_TYP_SHORT_DESC,COLLIS_TYP_CD,COLLIS_TYP_SHORT_DESC,CRASH_SVRTY_CD,CRASH_SVRTY_SHORT_DESC,WTHR_COND_CD,WTHR_COND_SHORT_DESC,RD_SURF_COND_CD,RD_SURF_SHORT_DESC,LGT_COND_CD,LGT_COND_SHORT_DESC,TRAF_CNTL_DEVICE_CD,TRAF_CNTL_DEVICE_SHORT_DESC,TRAF_CNTL_FUNC_FLG,INVSTG_AGY_CD,INVSTG_AGY_SHORT_DESC,CRASH_EVNT_1_CD,CRASH_EVNT_1_SHORT_DESC,CRASH_EVNT_2_CD,CRASH_EVNT_2_SHORT_DESC,CRASH_EVNT_3_CD,CRASH_EVNT_3_SHORT_DESC,CRASH_CAUSE_1_CD,CRASH_CAUSE_1_SHORT_DESC,CRASH_CAUSE_2_CD,CRASH_CAUSE_2_SHORT_DESC,CRASH_CAUSE_3_CD,CRASH_CAUSE_3_SHORT_DESC,SCHL_ZONE_IND,WRK_ZONE_IND,ALCHL_INVLV_FLG,DRUG_INVLV_FLG,MJ_INVLV_FLG,CRASH_SPEED_INVLV_FLG,CRASH_HIT_RUN_FLG,POP_RNG_CD,POP_RNG_MED_DESC,RD_CNTL_CD,RD_CNTL_MED_DESC,RTE_TYP_CD,RTE_ID,RTE_NM,REG_ID,DIST_ID,SEG_MRK_ID,SEG_PT_LRS_MEAS,UNLOCT_FLG,CRASH_LAST_UD_DT,TOT_VHCL_CNT,TOT_FATAL_CNT,TOT_INJ_LVL_A_CNT,TOT_INJ_LVL_B_CNT,TOT_INJ_LVL_C_CNT,TOT_INJ_CNT,TOT_UNINJD_AGE00_04_CNT,TOT_UNINJD_PER_CNT,TOT_PED_CNT,TOT_PED_FATAL_CNT,TOT_PED_INJ_LVL_A_CNT,TOT_PED_INJ_CNT,TOT_PEDCYCL_CNT,TOT_PEDCYCL_FATAL_CNT,TOT_PEDCYCL_INJ_LVL_A_CNT,TOT_PEDCYCL_INJ_CNT,TOT_UNKNWN_CNT,TOT_UNKNWN_FATAL_CNT,TOT_UNKNWN_INJ_CNT,TOT_OCCUP_CNT,TOT_PER_INVLV_CNT,TOT_SFTY_EQUIP_USED_QTY,TOT_SFTY_EQUIP_UNUSED_QTY,TOT_SFTY_EQUIP_USE_UNKNWN_QTY,TOT_PSNGR_VHCL_OCC_UNRESTRND_FATAL_CNT,TOT_MCYCLST_FATAL_CNT,TOT_MCYCLST_INJ_LVL_A_CNT,TOT_MCYCLST_INJ_CNT,TOT_MCYCLST_UNHELMTD_FATAL_CNT,TOT_ALCHL_IMPAIRED_DRVR_INV_FATAL_CNT,TOT_DRVR_AGE_01_20_CNT,LANE_RDWY_DPRT_CRASH_FLG
1785259,04731,06/05/18 00:00:00,06,05,2018,3,99,UNK,26,Multnomah,245,Portland SE,57,PORTLAND UA    ,11,U INTRST,1,064,  ,EAST PORTLAND FREEWAY,1,0,MN,0,R,,006400100S00,45,31,4.260000000000000,-122,33,54.820000000000000,45.517849999999667,-122.565227777777000,,,,,00745  ,EAST PORTLAND FY            ,,09726  ,NB EX STARK-GLSN C1         ,,1,,5,2.05400009e+01,55,3,STRGHT  ,0,,,0,0,0,6,,2,DIVMD,03,E,S-1STOP   ,3,REAR    ,4,INJ,0,UNK ,0,UNK ,1,DAY ,099,UNKNOWN   ,1,0,NONE  ,,,,,,,07,TOO-CLOS,,,,,,,0,0,0,0,0,9,"Over 200,000",2,PORTLAND HWY SYSTEM,IS,205  ,I-205     ,1,02B,293_5710,,0,10/30/19 17:21:04,2,0,0,0,1,1,0,1,0,0,0,0,0,0,0,0,0,0,0,2,2,0,0,2,0,0,0,0,0,0,0,N
1785260,04732,06/05/18 00:00:00,06,05,2018,3,21,9P ,26,Multnomah,245,Portland SE,57,PORTLAND UA    ,14,U PR-ART,1,068,  ,CASCADE HWY NORTH,1,0,MN,0,R,,006800100S00,45,29,24.940000000000000,-122,34,43.720000000000000,45.490261111110333,-122.578811111110667,,,,,01055  ,SE HOLGATE BLVD             ,,05082  ,SE 82ND AVE                 ,,1,,1,5.23999977e+00,35,1,INTER   ,0,1,CROSS  ,0,0,0,,0,,,06,E,S-1STOP   ,3,REAR    ,4,INJ,1,CLR ,1,DRY ,2,DLIT,001,TRF SIGNAL,1,3,CITY  ,,,,,,,01,TOO-FAST,,,,,0,0,1,0,0,1,0,9,"Over 200,000",2,PORTLAND HWY SYSTEM,OR,213  ,OR 213    ,1,02B,293_19728,,0,10/30/19 17:21:04,2,0,0,0,2,2,0,2,0,0,0,0,0,0,0,0,0,0,0,4,4,2,0,2,0,0,0,0,0,0,0,N
1785275,82057,06/15/18 00:00:00,06,15,2018,6,15,3P ,26,Multnomah,245,Portland SE,57,PORTLAND UA    ,14,U PR-ART,1,081,  ,PACIFIC HIGHWAY EAST,1,6,CN,0,R,2,0081BQ100S00,45,27,51.450000000000000,-122,38,14.820000000000000,45.464291666666000,-122.637449999999333,,,,,02301  ,TACOMA ST                   ,,09730  ,NB EX-ENFR TACOMA           ,,1,,2,4.44999981e+00,,1,INTER   ,0,1,CROSS  ,0,0,0,,2,,,09,E,S-1STOP   ,3,REAR    ,4,INJ,1,CLR ,1,DRY ,1,DAY ,007,YIELD     ,1,0,NONE  ,,,,,,,29,F AVOID ,,,,,,,0,0,0,0,0,9,"Over 200,000",2,PORTLAND HWY SYSTEM,OR,99E  ,OR 99E    ,1,02B,293_10313,,0,10/30/19 17:21:04,2,0,0,0,1,1,0,1,0,0,0,0,0,0,0,0,0,0,0,2,2,1,0,1,0,0,0,0,0,0,0,N
1785284,04737,06/06/18 00:00:00,06,06,2018,4,06,6A ,26,Multnomah,245,Portland SE,57,PORTLAND UA    ,16,U MN-ART,0,,,,,,,,,,,45,28,35.620000000000000,-122,32,10.530000000000000,45.476561111110667,-122.536258333333333,,,,,00824  ,SE FOSTER RD                ,,05122  ,SE 122ND AVE                ,,1,200,3,,,3,STRGHT  ,0,,,0,0,0,4,,0,NONE ,07,E,S-1STOP   ,3,REAR    ,4,INJ,1,CLR ,1,DRY ,1,DAY ,099,UNKNOWN   ,1,0,NONE  ,,,,,,,29,F AVOID ,,,,,,,0,0,0,0,0,9,"Over 200,000",1,PORTLAND CITY STREET,,,,1,02C,58_170882,,0,10/30/19 17:21:04,2,0,0,0,1,1,0,1,0,0,0,0,0,0,0,0,0,0,0,2,2,1,0,1,0,0,0,0,0,0,1,N
1785299,04746,06/06/18 00:00:00,06,06,2018,4,17,5P ,26,Multnomah,245,Portland SE,57,PORTLAND UA    ,16,U MN-ART,0,,,,,,,,,,,45,29,22.660000000000000,-122,32,15.760000000000000,45.489627777777333,-122.537711111110333,,,,,01055  ,SE HOLGATE BLVD             ,,05122  ,SE 122ND AVE                ,,1,0,9,,,1,INTER   ,0,1,CROSS  ,0,0,0,,0,,,01,B,ANGL-OTH  ,6,TURN    ,4,INJ,1,CLR ,1,DRY ,1,DAY ,001,TRF SIGNAL,1,5,NO RPT,,,,,,,04,DIS SIG ,,,,,,,0,0,0,0,0,9,"Over 200,000",1,PORTLAND CITY STREET,,,,1,02C,58_125135,,0,10/30/19 17:21:04,2,0,0,1,1,2,0,1,0,0,0,0,0,0,0,0,0,0,0,3,3,3,0,0,0,0,0,0,0,0,1,N
1785338,04751,06/06/18 00:00:00,06,06,2018,4,06,6A ,26,Multnomah,245,Portland SE,57,PORTLAND UA    ,19,U LOCAL ,0,,,,,,,,,,,45,28,35.530000000000000,-122,32,13.570000000000000,45.476536111110667,-122.537102777777333,,,,,00824  ,SE FOSTER RD                ,,05122  ,SE 122ND AVE                ,,1,0,5,,,1,INTER   ,0,1,CROSS  ,0,0,0,,0,,,06,E,S-1STOP   ,3,REAR    ,4,INJ,1,CLR ,1,DRY ,4,DAWN,001,TRF SIGNAL,1,5,NO RPT,013,FORCED    ,,,,,16,FATIGUE ,,,,,,,0,0,0,0,0,9,"Over 200,000",1,PORTLAND CITY STREET,,,,1,02C,58_128597,,0,10/30/19 17:21:04,4,0,0,1,0,1,0,3,0,0,0,0,0,0,0,0,0,0,0,4,4,1,0,3,0,0,0,0,0,0,0,N
1785345,04753,06/06/18 00:00:00,06,06,2018,4,07,7A ,26,Multnomah,245,Portland SE,57,PORTLAND UA    ,11,U INTRST,1,064,  ,EAST PORTLAND FREEWAY,1,0,MN,0,R,,006400100S00,45,30,17.500000000000000,-122,33,54.190000000000000,45.504861111111000,-122.565052777777000,,,,,00745  ,EAST PORTLAND FY            ,,09717  ,NB EF POWELL BVD C3         ,,1,,1,1.96800003e+01,55,3,STRGHT  ,0,,,0,0,0,6,,2,DIVMD,05,E,S-1STOP   ,3,REAR    ,4,INJ,1,CLR ,1,DRY ,1,DAY ,099,UNKNOWN   ,1,5,NO RPT,,,,,,,29,F AVOID ,,,,,,,0,0,0,0,0,9,"Over 200,000",2,PORTLAND HWY SYSTEM,IS,205  ,I-205     ,1,02B,293_5708,,0,10/30/19 17:21:04,2,0,0,0,1,1,0,2,0,0,0,0,0,0,0,0,0,0,0,3,3,3,0,0,0,0,0,0,0,0,0,N
1785352,03952,05/11/18 00:00:00,05,11,2018,6,13,1P ,26,Multnomah,245,Portland SE,57,PORTLAND UA    ,17,U MJ-COL,1,,,,,,,,,,,45,29,25.210000000000000,-122,39,11.530000000000000,45.490336111110333,-122.653202777777000,,,,,01055  ,SE HOLGATE BLVD             ,,05012  ,SE 12TH AVE                 ,,1,0,9,,,1,INTER   ,0,3,3-LEG  ,0,0,0,,0,,,01,B,ANGL-OTH  ,6,TURN    ,4,INJ,1,CLR ,1,DRY ,1,DAY ,004,STOP SIGN ,1,5,NO RPT,,,,,,,02,NO-YIELD,03,PAS-STOP,,,,,0,0,0,0,0,9,"Over 200,000",1,PORTLAND CITY STREET,,,,1,02B,58_123943,,0,10/30/19 17:21:04,2,0,1,0,1,2,0,0,0,0,0,0,0,0,0,0,0,0,0,2,2,2,0,0,0,0,0,0,0,0,0,N
1785366,04758,06/06/18 00:00:00,06,06,2018,4,13,1P ,26,Multnomah,245,Portland SE,57,PORTLAND UA    ,14,U PR-ART,1,068,  ,CASCADE HWY NORTH,1,0,MN,0,R,,006800100S00,45,28,33.150000000000000,-122,34,44.640000000000000,45.475874999999667,-122.579066666666667,,,,,00626  ,SE DUKE ST                  ,,05082  ,SE 82ND AVE                 ,,1,,1,6.23999977e+00,35,1,INTER   ,0,1,CROSS  ,0,0,0,,0,,,06,E,S-1STOP   ,3,REAR    ,4,INJ,1,CLR ,1,DRY ,1,DAY ,001,TRF SIGNAL,1,3,CITY  ,,,,,,,07,TOO-CLOS,,,,,0,0,0,0,0,0,1,9,"Over 200,000",2,PORTLAND HWY SYSTEM,OR,213  ,OR 213    ,1,02B,293_21558,,0,10/30/19 17:21:04,2,0,0,0,1,1,0,1,0,0,0,0,0,0,0,0,0,0,0,2,2,1,0,1,0,0,0,0,0,0,1,N
1785370,04763,06/01/18 00:00:00,06,01,2018,6,19,7P ,26,Multnomah,245,Portland SE,57,PORTLAND UA    ,14,U PR-ART,1,026,  ,MT. HOOD,1,0,MN,0,R,,002600100S00,45,29,57.680000000000000,-122,38,40.710000000000000,45.499355555555333,-122.644641666666333,,,,,01940  ,SE POWELL BLVD              ,,05021  ,SE 21ST AVE                 ,,1,,9,1.80999994e+00,35,1,INTER   ,0,1,CROSS  ,0,0,0,,0,,,01,6,BIKE      ,6,TURN    ,4,INJ,1,CLR ,1,DRY ,1,DAY ,001,TRF SIGNAL,1,3,CITY  ,,,,,,,04,DIS SIG ,,,,,0,0,0,0,0,0,1,9,"Over 200,000",2,PORTLAND HWY SYSTEM,US,26   ,US 26     ,1,02B,293_13690,,0,10/30/19 17:21:04,1,0,0,1,0,1,0,1,0,0,0,0,1,0,0,1,0,0,0,1,2,0,1,1,0,0,0,0,0,0,0,N
1785385,04764,06/01/18 00:00:00,06,01,2018,6,19,7P ,26,Multnomah,245,Portland SE,57,PORTLAND UA    ,16,U MN-ART,0,,,,,,,,,,,45,31,3.270000000000000,-122,32,15.950000000000000,45.517574999999667,-122.537763888888333,,,,,05122  ,SE 122ND AVE                ,,01591  ,SE MORRISON ST              ,,1,209,1,,,2,ALLEY   ,0,,,0,0,0,4,,0,NONE ,08,6,BIKE      ,6,TURN    ,4,INJ,1,CLR ,1,DRY ,1,DAY ,099,UNKNOWN   ,1,3,CITY  ,110,N-MTR     ,,,,,02,NO-YIELD,,,,,,,0,0,0,0,0,9,"Over 200,000",1,PORTLAND CITY STREET,,,,1,02B,58_116482,,0,10/30/19 17:21:04,1,0,0,0,1,1,0,1,0,0,0,0,1,0,0,1,0,0,0,1,2,1,0,1,0,0,0,0,0,0,0,N
1785420,03957,05/11/18 00:00:00,05,11,2018,6,11,11A,26,Multnomah,245,Portland SE,57,PORTLAND UA    ,17,U MJ-COL,0,,,,,,,,,,,45,27,54.210000000000000,-122,34,6.950000000000000,45.465058333333000,-122.568597222221667,,,,,05092  ,SE 92ND AVE                 ,,00498  ,SE CRYSTAL SPRNGS BLVD      ,,1,100,1,,,3,STRGHT  ,1,,,0,0,0,2,,0,NONE ,07,2,PRKD MV   ,3,REAR    ,4,INJ,1,CLR ,1,DRY ,1,DAY ,099,UNKNOWN   ,1,0,NONE  ,,,,,,,26,PHANTOM ,29,F AVOID ,,,,,0,0,0,0,0,9,"Over 200,000",1,PORTLAND CITY STREET,,,,1,02B,58_184736,,0,10/30/19 17:21:04,2,0,0,0,1,1,0,1,0,0,0,0,0,0,0,0,0,0,0,2,2,1,0,1,0,0,0,0,0,0,0,Y
1785425,04768,06/07/18 00:00:00,06,07,2018,5,16,4P ,26,Multnomah,245,Portland SE,57,PORTLAND UA    ,14,U PR-ART,1,026,  ,MT. HOOD,1,0,MN,0,R,,002600100S00,45,29,46.610000000000000,-122,33,5.690000000000000,45.496280555555333,-122.551580555555000,,,,,01940  ,SE POWELL BLVD              ,,05108  ,SE 108TH AVE                ,,1,,3,6.51999998e+00,35,3,STRGHT  ,0,,,0,0,0,2,,0,NONE ,04,E,S-1STOP   ,3,REAR    ,4,INJ,1,CLR ,1,DRY ,1,DAY ,099,UNKNOWN   ,1,0,NONE  ,004,INDRCT PED,013,FORCED    ,,,29,F AVOID ,,,,,,,0,0,0,0,0,9,"Over 200,000",2,PORTLAND HWY SYSTEM,US,26   ,US 26     ,1,02B,293_11795,,0,10/30/19 17:21:04,4,0,0,2,1,3,0,2,0,0,0,0,0,0,0,0,0,0,0,5,5,3,0,2,0,0,0,0,0,0,0,N
1785435,03960,05/11/18 00:00:00,05,11,2018,6,16,4P ,26,Multnomah,245,Portland SE,57,PORTLAND UA    ,14,U PR-ART,1,,,,,,,,,,,45,31,7.150000000000000,-122,39,38.650000000000000,45.518652777777667,-122.660736111111000,,,,,00929  ,SE GRAND AVE                ,,02612  ,SE WASHINGTON ST            ,,1,0,3,,,1,INTER   ,1,1,CROSS  ,0,0,0,,0,,,06,3,PED       ,0,PED     ,4,INJ,1,CLR ,1,DRY ,1,DAY ,099,UNKNOWN   ,1,3,CITY  ,,,,,,,18,IN RDWY ,,,,,0,0,0,0,0,0,0,9,"Over 200,000",1,PORTLAND CITY STREET,,,,1,02B,58_115322,,0,10/30/19 17:21:04,1,0,0,0,1,1,0,1,1,0,0,1,0,0,0,0,0,0,0,1,2,0,0,1,0,0,0,0,0,0,0,N
1785477,03967,05/11/18 00:00:00,05,11,2018,6,12,12P,26,Multnomah,245,Portland SE,57,PORTLAND UA    ,14,U PR-ART,1,026,  ,MT. HOOD,1,0,MN,0,R,,002600100S00,45,29,50.520000000000000,-122,31,47.950000000000000,45.497366666666333,-122.529986111110667,,,,,01940  ,SE POWELL BLVD              ,,05130  ,SE 130TH AVE                ,,1,,3,7.57999992e+00,35,1,INTER   ,0,3,3-LEG  ,0,0,0,,0,,,06,E,S-1STOP   ,3,REAR    ,4,INJ,1,CLR ,1,DRY ,1,DAY ,099,UNKNOWN   ,1,0,NONE  ,,,,,,,27,INATTENT,29,F AVOID ,,,,,0,0,0,0,0,9,"Over 200,000",2,PORTLAND HWY SYSTEM,US,26   ,US 26     ,1,02B,293_18794,,0,10/30/19 17:21:04,2,0,0,0,2,2,0,1,0,0,0,0,0,0,0,0,0,0,0,3,3,1,0,2,0,0,0,0,0,0,0,N
1785486,03971,05/11/18 00:00:00,05,11,2018,6,23,11P,26,Multnomah,245,Portland SE,57,PORTLAND UA    ,19,U LOCAL ,0,,,,,,,,,,,45,31,7.180000000000000,-122,39,45.950000000000000,45.518661111110667,-122.662763888888000,,,,,02612  ,SE WASHINGTON ST            ,,05003  ,SE 3RD AVE                  ,,1,0,9,,,1,INTER   ,0,1,CROSS  ,0,0,0,,0,,,04,B,ANGL-OTH  ,1,ANGL    ,4,INJ,1,CLR ,1,DRY ,2,DLIT,004,STOP SIGN ,1,5,NO RPT,,,,,,,02,NO-YIELD,03,PAS-STOP,,,,,0,0,0,0,0,9,"Over 200,000",1,PORTLAND CITY STREET,,,,1,02B,58_138856,,0,10/30/19 17:21:04,2,0,0,0,2,2,0,1,0,0,0,0,0,0,0,0,0,0,0,3,3,3,0,0,0,0,0,0,0,0,0,N
1785526,03975,05/11/18 00:00:00,05,11,2018,6,17,5P ,26,Multnomah,245,Portland SE,57,PORTLAND UA    ,16,U MN-ART,0,,,,,,,,,,,45,31,8.480000000000000,-122,32,16.000000000000000,45.519022222221667,-122.537777777777333,,,,,02259  ,SE STARK ST                 ,,05122  ,SE 122ND AVE                ,,1,0,7,,30,1,INTER   ,0,1,CROSS  ,0,0,0,,0,,,06,E,S-1STOP   ,3,REAR    ,4,INJ,1,CLR ,1,DRY ,1,DAY ,001,TRF SIGNAL,1,3,CITY  ,013,FORCED    ,,,,,29,F AVOID ,,,,,0,0,0,0,0,0,0,9,"Over 200,000",1,PORTLAND CITY STREET,,,,1,02B,58_115798,,0,10/30/19 17:21:04,3,0,0,0,2,2,0,1,0,0,0,0,0,0,0,0,0,0,0,3,3,2,0,1,0,0,0,0,0,0,0,N
1785566,03992,05/12/18 00:00:00,05,12,2018,7,12,12P,26,Multnomah,245,Portland SE,57,PORTLAND UA    ,16,U MN-ART,0,,,,,,,,,,,45,31,8.960000000000000,-122,30,38.550000000000000,45.519155555554667,-122.510708333333000,,,,,02259  ,SE STARK ST                 ,,05148  ,SE 148TH AVE                ,,1,0,9,,,1,INTER   ,0,1,CROSS  ,0,0,0,,0,,,01,B,ANGL-OTH  ,1,ANGL    ,4,INJ,1,CLR ,1,DRY ,1,DAY ,001,TRF SIGNAL,1,5,NO RPT,,,,,,,02,NO-YIELD,04,DIS SIG ,,,,,0,0,0,0,0,9,"Over 200,000",1,PORTLAND CITY STREET,,,,1,02B,58_182989,,0,10/30/19 17:21:04,2,0,0,0,2,2,0,1,0,0,0,0,0,0,0,0,0,0,0,3,3,0,0,3,0,0,0,0,0,0,0,N
1785618,03998,05/12/18 00:00:00,05,12,2018,7,20,8P ,26,Multnomah,245,Portland SE,57,PORTLAND UA    ,16,U MN-ART,0,,,,,,,,,,,45,31,8.750000000000000,-122,31,18.080000000000000,45.519097222221667,-122.521688888888667,,,,,02259  ,SE STARK ST                 ,,05139  ,SE 139TH AVE                ,,1,150,7,,,3,STRGHT  ,0,,,0,0,0,4,,0,NONE ,08,D,S-1TURN   ,6,TURN    ,4,INJ,1,CLR ,1,DRY ,1,DAY ,099,UNKNOWN   ,1,5,NO RPT,,,,,,,02,NO-YIELD,08,IMP-TURN,,,,,0,0,0,0,0,9,"Over 200,000",1,PORTLAND CITY STREET,,,,1,02B,58_115864,,0,10/30/19 17:21:04,2,0,0,0,2,2,0,1,0,0,0,0,0,0,0,0,0,0,0,3,3,2,0,1,0,0,0,0,0,0,0,N
1785622,03999,05/12/18 00:00:00,05,12,2018,7,13,1P ,26,Multnomah,245,Portland SE,57,PORTLAND UA    ,11,U INTRST,1,064,  ,EAST PORTLAND FREEWAY,1,0,MN,0,R,,006400100S00,45,28,30.170000000000000,-122,33,55.410000000000000,45.475047222221667,-122.565391666666000,,,,,00745  ,EAST PORTLAND FY            ,,09710  ,NB EX WOODSTOCK C1          ,,1,,1,1.75799999e+01,55,3,STRGHT  ,0,,,0,0,0,6,,2,DIVMD,03,E,S-1STOP   ,3,REAR    ,4,INJ,1,CLR ,1,DRY ,1,DAY ,017,MEDIAN BAR,1,3,CITY  ,,,,,,,29,F AVOID ,,,,,,,0,0,0,0,1,9,"Over 200,000",2,PORTLAND HWY SYSTEM,IS,205  ,I-205     ,1,02B,293_5705,,0,10/30/19 17:21:04,2,0,0,0,2,2,1,2,0,0,0,0,0,0,0,0,0,0,0,4,4,3,0,1,0,0,0,0,0,0,0,N
1785626,04000,05/12/18 00:00:00,05,12,2018,7,13,1P ,26,Multnomah,245,Portland SE,57,PORTLAND UA    ,16,U MN-ART,0,,,,,,,,,,,45,29,56.790000000000000,-122,32,15.560000000000000,45.499108333333333,-122.537655555555333,,,,,01305  ,SE KELLY ST                 ,,05122  ,SE 122ND AVE                ,,1,0,9,,35,1,INTER   ,0,4,4-LEG  ,0,0,0,,0,,,02,B,ANGL-OTH  ,6,TURN    ,4,INJ,1,CLR ,1,DRY ,1,DAY ,004,STOP SIGN ,1,3,CITY  ,087,FIRE/EXP  ,082,VEH HID   ,,,02,NO-YIELD,03,PAS-STOP,,,,,0,0,0,0,0,9,"Over 200,000",1,PORTLAND CITY STREET,,,,1,02B,58_121811,,0,10/30/19 17:21:04,2,0,0,2,3,5,0,2,0,0,0,0,0,0,0,0,0,0,0,7,7,6,1,0,0,0,0,0,0,0,0,N
1785627,04001,05/12/18 00:00:00,05,12,2018,7,00,12A,26,Multnomah,245,Portland SE,57,PORTLAND UA    ,16,U MN-ART,0,,,,,,,,,,,45,29,24.290000000000000,-122,32,15.720000000000000,45.490080555555333,-122.537699999999333,,,,,01055  ,SE HOLGATE BLVD             ,,05122  ,SE 122ND AVE                ,,1,140,1,,35,3,STRGHT  ,0,,,0,0,1,4,,0,NONE ,08,B,ANGL-OTH  ,6,TURN    ,4,INJ,2,CLD ,1,DRY ,2,DLIT,099,UNKNOWN   ,1,3,CITY  ,,,,,,,02,NO-YIELD,,,,,0,0,0,0,0,0,1,9,"Over 200,000",1,PORTLAND CITY STREET,,,,1,02C,58_182914,,0,10/30/19 17:21:04,2,0,0,0,2,2,0,1,0,0,0,0,0,0,0,0,0,0,0,3,3,2,0,1,0,0,0,0,0,0,0,N
1785632,04004,05/12/18 00:00:00,05,12,2018,7,20,8P ,26,Multnomah,245,Portland SE,57,PORTLAND UA    ,16,U MN-ART,0,,,,,,,,,,,45,31,8.970000000000000,-122,29,54.960000000000000,45.519158333332667,-122.498599999999333,,,,,02259  ,SE STARK ST                 ,,05160  ,SE 160TH AVE                ,,1,100,3,,,3,STRGHT  ,0,,,0,0,0,4,,0,NONE ,07,E,S-1STOP   ,3,REAR    ,4,INJ,1,CLR ,1,DRY ,2,DLIT,099,UNKNOWN   ,1,3,CITY  ,004,INDRCT PED,,,,,29,F AVOID ,,,,,0,0,0,0,0,0,1,9,"Over 200,000",1,PORTLAND CITY STREET,,,,1,02B,58_500721,,0,10/30/19 17:21:04,2,0,0,0,4,4,0,1,0,0,0,0,0,0,0,0,0,0,0,5,5,0,0,5,0,0,0,0,0,0,0,N
1785643,04012,05/12/18 00:00:00,05,12,2018,7,20,8P ,26,Multnomah,245,Portland SE,57,PORTLAND UA    ,14,U PR-ART,1,068,  ,CASCADE HWY NORTH,1,0,MN,0,R,,006800100S00,45,30,1.270000000000000,-122,34,43.300000000000000,45.500352777777000,-122.578694444443667,,,,,05082  ,SE 82ND AVE                 ,,00268  ,SE BROOKLYN ST              ,,1,,5,4.55000019e+00,35,3,STRGHT  ,0,,,0,0,1,5,,0,NONE ,04,H,O-1 L-TURN,6,TURN    ,4,INJ,1,CLR ,1,DRY ,2,DLIT,099,UNKNOWN   ,1,5,NO RPT,,,,,,,02,NO-YIELD,,,,,,,0,0,0,0,0,9,"Over 200,000",2,PORTLAND HWY SYSTEM,OR,213  ,OR 213    ,1,02B,293_21403,,0,10/30/19 17:21:04,2,0,0,0,1,1,0,1,0,0,0,0,0,0,0,0,0,0,0,2,2,1,0,1,0,0,0,1,0,0,0,N
1785645,04018,05/12/18 00:00:00,05,12,2018,7,14,2P ,26,Multnomah,245,Portland SE,57,PORTLAND UA    ,14,U PR-ART,1,068,  ,CASCADE HWY NORTH,1,0,MN,0,R,,006800100S00,45,28,7.170000000000000,-122,34,44.520000000000000,45.468658333332667,-122.579033333332667,,,,,00817  ,SE FLAVEL ST                ,,05082  ,SE 82ND AVE                 ,,1,,1,6.73000002e+00,35,1,INTER   ,0,1,CROSS  ,0,0,0,,0,,,06,E,S-1STOP   ,3,REAR    ,4,INJ,1,CLR ,1,DRY ,1,DAY ,001,TRF SIGNAL,1,5,NO RPT,013,FORCED    ,,,,,29,F AVOID ,,,,,,,0,0,0,0,0,9,"Over 200,000",2,PORTLAND HWY SYSTEM,OR,213  ,OR 213    ,1,02B,293_19730,,0,10/30/19 17:21:04,3,0,0,1,0,1,0,4,0,0,0,0,0,0,0,0,0,0,0,5,5,5,0,0,0,0,0,0,0,0,1,N
1785670,04023,05/13/18 00:00:00,05,13,2018,1,17,5P ,26,Multnomah,245,Portland SE,57,PORTLAND UA    ,16,U MN-ART,0,,,,,,,,,,,45,31,9.680000000000000,-122,39,27.870000000000000,45.519355555554667,-122.657741666666000,,,,,02210  ,SE SANDY BLVD               ,,02259  ,SE STARK ST                 ,,1,0,9,,,1,INTER   ,0,6,6-LEG  ,0,0,0,,0,,,01,H,O-1 L-TURN,6,TURN    ,4,INJ,1,CLR ,1,DRY ,1,DAY ,001,TRF SIGNAL,1,0,NONE  ,001,FEL/JUMP  ,,,,,02,NO-YIELD,,,,,,,0,0,0,0,0,9,"Over 200,000",1,PORTLAND CITY STREET,,,,1,02B,58_115160,,0,10/30/19 17:21:04,2,0,0,0,1,1,0,2,0,0,0,0,0,0,0,0,0,0,0,3,3,3,0,0,0,0,0,1,0,0,0,N