CRASH_ID,SER_NO,CRASH_DT,CRASH_MO_NO,CRASH_DAY_NO,CRASH_YR_NO,CRASH_WK_DAY_CD,CRASH_HR_NO,CRASH_HR_SHORT_DESC,CNTY_ID,CNTY_NM,CITY_SECT_ID,CITY_SECT_NM,URB_AREA_CD,URB_AREA_SHORT_NM,FC_CD,FC_SHORT_DESC,NHS_FLG,HWY_NO,HWY_SFX_NO,HWY_MED_NM,RDWY_NO,HWY_COMPNT_CD,HWY_COMPNT_SHORT_DESC,MLGE_TYP_CD,MLGE_TYP_SHORT_DESC,RD_CON_NO,LRS_VAL,LAT_DEG_NO,LAT_MINUTE_NO,LAT_SEC_NO,LONGTD_DEG_NO,LONGTD_MINUTE_NO,LONGTD_SEC_NO,LAT_DD,LONGTD_DD,SPECL_JRSDCT_ID,SPECL_JRSDCT_SHORT_DESC,JRSDCT_GRP_CD,JRSDCT_GRP_LONG_DESC,AGY_ST_NO,ST_FULL_NM,RECRE_RD_NM,ISECT_AGY_ST_NO,ISECT_ST_FULL_NM,ISECT_RECRE_RD_NM,ISECT_SEQ_NO,FROM_ISECT_DSTNC_QTY,CMPSS_DIR_CD,MP_NO,POST_SPEED_LMT_VAL,RD_CHAR_CD,RD_CHAR_SHORT_DESC,OFF_RDWY_FLG,ISECT_TYP_CD,ISECT_TYP_SHORT_DESC,ISECT_REL_FLG,RNDABT_FLG,DRVWY_REL_FLG,LN_QTY,TURNG_LEG_QTY,MEDN_TYP_CD,MEDN_TYP_SHORT_DESC,IMPCT_LOC_CD,CRASH_TYP_CD,CRASH_TYP_SHORT_DESC,COLLIS_TYP_CD,COLLIS_TYP_SHORT_DESC,CRASH_SVRTY_CD,CRASH_SVRTY_SHORT_DESC,WTHR_COND_CD,WTHR_COND_SHORT_DESC,RD_SURF_COND_CD,RD_SURF_SHORT_DESC,LGT_COND_CD,LGT_COND_SHORT_DESC,TRAF_CNTL_DEVICE_CD,TRAF_CNTL_DEVICE_SHORT_DESC,TRAF_CNTL_FUNC_FLG,INVSTG_AGY_CD,INVSTG_AGY_SHORT_DESC,CRASH_EVNT_1_CD,CRASH_EVNT_1_SHORT_DESC,CRASH_EVNT_2_CD,CRASH_EVNT_2_SHORT_DESC,CRASH_EVNT_3_CD,CRASH_EVNT_3_SHORT_DESC,CRASH_CAUSE_1_CD,CRASH_CAUSE_1_SHORT_DESC,CRASH_CAUSE_2_CD,CRASH_CAUSE_2_SHORT_DESC,CRASH_CAUSE_3_CD,CRASH_CAUSE_3_SHORT_DESC,SCHL_ZONE_IND,WRK_ZONE_IND,ALCHL_INVLV_FLG,DRUG_INVLV_FLG,MJ_INVLV_FLG,CRASH_SPEED_INVLV_FLG,CRASH_HIT_RUN_FLG,POP_RNG_CD,POP_RNG_MED_DESC,RD_CNTL_CD,RD_CNTL_MED_DESC,RTE_TYP_CD,RTE_ID,RTE_NM,REG_ID,DIST_ID,SEG_MRK_ID,SEG_PT_LRS_MEAS,UNLOCT_FLG,CRASH_LAST_UD_DT,TOT_VHCL_CNT,TOT_FATAL_CNT,TOT_INJ_LVL_A_CNT,TOT_INJ_LVL_B_CNT,TOT_INJ_LVL_C_CNT,TOT_INJ_CNT,TOT_UNINJD_AGE00_04_CNT,TOT_UNINJD_PER_CNT,TOT_PED_CNT,TOT_PED_FATAL_CNT,TOT_PED_INJ_LVL_A_CNT,TOT_PED_INJ_CNT,TOT_PEDCYCL_CNT,TOT_PEDCYCL_FATAL_CNT,TOT_PEDCYCL_INJ_LVL_A_CNT,TOT_PEDCYCL_INJ_CNT,TOT_UNKNWN_CNT,TOT_UNKNWN_FATAL_CNT,TOT_UNKNWN_INJ_CNT,TOT_OCCUP_CNT,TOT_PER_INVLV_CNT,TOT_SFTY_EQUIP_USED_QTY,TOT_SFTY_EQUIP_UNUSED_QTY,TOT_SFTY_EQUIP_USE_UNKNWN_QTY,TOT_PSNGR_VHCL_OCC_UNRESTRND_FATAL_CNT,TOT_MCYCLST_FATAL_CNT,TOT_MCYCLST_INJ_LVL_A_CNT,TOT_MCYCLST_INJ_CNT,TOT_MCYCLST_UNHELMTD_FATAL_CNT,TOT_ALCHL_IMPAIRED_DRVR_INV_FATAL_CNT,TOT_DRVR_AGE_01_20_CNT,LANE_RDWY_DPRT_CRASH_FLG
1786382,82835,06/05/18 00:00:00,06,05,2018,3,18,6P ,26,Multnomah,245,Portland SE,57,PORTLAND UA    ,14,U PR-ART,1,081,  ,PACIFIC HIGHWAY EAST,2,0,MN,0,R,,008100200S00,45,27,55.110000000000000,-122,38,17.870000000000000,45.465308333333000,-122.638297222221333,,,,,01506  ,SE MCLOUGHLIN BLVD          ,,09730  ,NB EX-ENFR TACOMA           ,,1,,2,4.32999992e+00,45,1,INTER   ,0,3,3-LEG  ,0,0,0,,1,,,09,A,ANGL-STP  ,1,ANGL    ,4,INJ,1,CLR ,1,DRY ,1,DAY ,004,STOP SIGN ,1,5,NO RPT,,,,,,,10,OTHR-IMP,,,,,,,0,0,0,0,0,9,"Over 200,000",2,PORTLAND HWY SYSTEM,OR,99E  ,OR 99E    ,1,02B,293_23511,,0,10/30/19 17:21:04,2,0,0,1,0,1,0,1,0,0,0,0,0,0,0,0,0,0,0,2,2,2,0,0,0,0,0,0,0,0,0,N
1786394,04912,06/10/18 00:00:00,06,10,2018,1,03,3A ,26,Multnomah,245,Portland SE,57,PORTLAND UA    ,16,U MN-ART,0,,,,,,,,,,,45,31,19.130000000000000,-122,35,29.860000000000000,45.521980555554667,-122.591627777777333,,,,,00917  ,SE GILHAM AVE               ,,02323  ,SE THORBURN ST              ,,1,0,8,,,1,INTER   ,1,5,5-LEG  ,0,0,0,,0,,,05,8,FIX OBJ   ,9,FIX     ,4,INJ,3,RAIN,2,WET ,2,DLIT,017,MEDIAN BAR,1,3,CITY  ,043,GARDRAIL  ,,,,,01,TOO-FAST,,,,,0,0,1,0,0,1,0,9,"Over 200,000",1,PORTLAND CITY STREET,,,,1,02B,58_501462,,0,10/30/19 17:21:04,1,0,0,0,1,1,0,0,0,0,0,0,0,0,0,0,0,0,0,1,1,1,0,0,0,0,0,0,0,0,0,N
1786399,04916,06/10/18 00:00:00,06,10,2018,1,23,11P,26,Multnomah,245,Portland SE,57,PORTLAND UA    ,16,U MN-ART,0,,,,,,,,,,,45,29,11.390000000000000,-122,35,21.060000000000000,45.486497222221333,-122.589183333333333,,,,,00824  ,SE FOSTER RD                ,,05072  ,SE 72ND AVE                 ,,1,0,9,,,1,INTER   ,0,6,6-LEG  ,0,0,0,,0,,,03,B,ANGL-OTH  ,1,ANGL    ,4,INJ,3,RAIN,2,WET ,2,DLIT,001,TRF SIGNAL,1,5,NO RPT,,,,,,,04,DIS SIG ,,,,,,,0,0,0,0,0,9,"Over 200,000",1,PORTLAND CITY STREET,,,,1,02B,58_125484,,0,10/30/19 17:21:04,2,0,0,0,2,2,0,2,0,0,0,0,0,0,0,0,0,0,0,4,4,4,0,0,0,0,0,0,0,0,0,N
1786401,04926,06/11/18 00:00:00,06,11,2018,2,11,11A,26,Multnomah,245,Portland SE,57,PORTLAND UA    ,11,U INTRST,1,001,  ,PACIFIC,2,0,MN,0,R,,000100200S00,45,30,47.970000000000000,-122,40,3.910000000000000,45.513325000000000,-122.667752777777667,,,,,00302  ,PACIFIC HY I-5              ,,09452  ,SB EX MARQUAM BR            ,,1,,1,3.00820007e+02,50,8,BRIDGE  ,0,,,0,0,0,3,,0,NONE ,05,E,S-1STOP   ,3,REAR    ,4,INJ,1,CLR ,1,DRY ,1,DAY ,099,UNKNOWN   ,1,0,NONE  ,013,FORCED    ,,,,,29,F AVOID ,,,,,,,0,0,0,0,0,9,"Over 200,000",2,PORTLAND HWY SYSTEM,IS,5    ,I-5       ,1,02B,293_3025,,0,10/30/19 17:21:04,3,0,0,0,1,1,0,3,0,0,0,0,0,0,0,0,0,0,0,4,4,4,0,0,0,0,0,0,0,0,0,N
1786402,04170,05/18/18 00:00:00,05,18,2018,6,18,6P ,26,Multnomah,245,Portland SE,57,PORTLAND UA    ,14,U PR-ART,1,,,,,,,,,,,45,30,15.200000000000000,-122,30,38.150000000000000,45.504222222222000,-122.510597222222000,,,,,00614  ,SE DIVISION ST              ,,05148  ,SE 148TH AVE                ,,1,0,5,,,1,INTER   ,0,1,CROSS  ,0,0,0,,0,,,06,E,S-1STOP   ,3,REAR    ,4,INJ,1,CLR ,1,DRY ,1,DAY ,001,TRF SIGNAL,1,0,NONE  ,,,,,,,29,F AVOID ,,,,,,,0,0,0,0,0,9,"Over 200,000",1,PORTLAND CITY STREET,,,,1,02B,58_120362,,0,10/30/19 17:21:04,2,0,0,0,2,2,0,1,0,0,0,0,0,0,0,0,0,0,0,3,3,2,0,1,0,0,0,0,0,0,0,N
1786403,04927,06/11/18 00:00:00,06,11,2018,2,14,2P ,26,Multnomah,245,Portland SE,57,PORTLAND UA    ,14,U PR-ART,1,026,  ,MT. HOOD,1,0,MN,0,R,,002600100S00,45,29,39.970000000000000,-122,29,41.940000000000000,45.494436111110333,-122.494983333333333,,,,,01940  ,SE POWELL BLVD              ,,05164  ,SE 164TH AVE                ,,1,,0,9.35000038e+00,35,1,INTER   ,0,1,CROSS  ,0,0,0,,0,,,06,E,S-1STOP   ,3,REAR    ,4,INJ,1,CLR ,1,DRY ,1,DAY ,001,TRF SIGNAL,1,5,NO RPT,,,,,,,29,F AVOID ,,,,,,,0,0,0,0,0,9,"Over 200,000",2,PORTLAND HWY SYSTEM,US,26   ,US 26     ,1,02B,293_17374,,0,10/30/19 17:21:04,2,0,0,0,2,2,0,1,0,0,0,0,0,0,0,0,0,0,0,3,3,2,0,1,0,0,0,0,0,0,0,N
1786404,04171,05/18/18 00:00:00,05,18,2018,6,11,11A,26,Multnomah,245,Portland SE,57,PORTLAND UA    ,14,U PR-ART,1,,,,,,,,,,,45,30,36.360000000000000,-122,39,42.630000000000000,45.510100000000000,-122.661841666666000,,,,,01562  ,SE MILL ST                  ,,02402  ,SE MLK/UNION                ,,1,0,5,,,1,INTER   ,0,1,CROSS  ,0,0,0,,0,,,05,C,S-STRGHT  ,5,SS-O    ,4,INJ,1,CLR ,1,DRY ,1,DAY ,099,UNKNOWN   ,1,5,NO RPT,,,,,,,13,IMP LN C,,,,,,,0,0,0,0,0,9,"Over 200,000",1,PORTLAND CITY STREET,,,,1,02B,58_140069,,0,10/30/19 17:21:04,2,0,0,1,0,1,0,1,0,0,0,0,0,0,0,0,0,0,0,2,2,2,0,0,0,0,0,0,0,0,0,N
1786427,04178,05/18/18 00:00:00,05,18,2018,6,23,11P,26,Multnomah,245,Portland SE,57,PORTLAND UA    ,17,U MJ-COL,0,,,,,,,,,,,45,31,17.360000000000000,-122,39,16.670000000000000,45.521488888888667,-122.654630555555000,,,,,00134  ,SE ASH ST                   ,,05011  ,SE 11TH AVE                 ,,1,0,5,,,1,INTER   ,0,1,CROSS  ,0,0,0,,0,,,05,C,S-STRGHT  ,5,SS-O    ,4,INJ,1,CLR ,1,DRY ,2,DLIT,015,ONE-WAY   ,1,0,NONE  ,,,,,,,13,IMP LN C,,,,,,,0,0,0,0,0,9,"Over 200,000",1,PORTLAND CITY STREET,,,,1,02B,58_114702,,0,10/30/19 17:21:04,2,0,0,0,2,2,0,1,0,0,0,0,0,0,0,0,0,0,0,3,3,2,0,1,0,0,0,0,0,0,0,N
1786445,04931,06/11/18 00:00:00,06,11,2018,2,16,4P ,26,Multnomah,245,Portland SE,57,PORTLAND UA    ,14,U PR-ART,1,026,  ,MT. HOOD,1,0,MN,0,R,,002600100S00,45,29,50.180000000000000,-122,33,52.830000000000000,45.497272222221333,-122.564675000000000,,,,,01940  ,SE POWELL BLVD              ,,09716  ,NB POWELL-DIV C2            ,,1,,9,5.76999998e+00,35,1,INTER   ,0,1,CROSS  ,0,0,0,,0,,,02,H,O-1 L-TURN,6,TURN    ,4,INJ,1,CLR ,1,DRY ,1,DAY ,001,TRF SIGNAL,1,3,CITY  ,,,,,,,04,DIS SIG ,,,,,0,0,0,0,0,0,0,9,"Over 200,000",2,PORTLAND HWY SYSTEM,US,26   ,US 26     ,1,02B,293_6800,,0,10/30/19 17:21:04,2,0,0,1,0,1,0,1,0,0,0,0,0,0,0,0,0,0,0,2,2,0,0,2,0,0,0,0,0,0,0,N
1786454,04180,05/18/18 00:00:00,05,18,2018,6,21,9P ,26,Multnomah,245,Portland SE,57,PORTLAND UA    ,17,U MJ-COL,0,,,,,,,,,,,45,28,33.160000000000000,-122,34,53.940000000000000,45.475877777777667,-122.581649999999667,,,,,00626  ,SE DUKE ST                  ,,05080  ,SE 80TH AVE                 ,,1,0,9,,35,1,INTER   ,0,1,CROSS  ,0,0,0,,0,,,01,B,ANGL-OTH  ,1,ANGL    ,4,INJ,1,CLR ,1,DRY ,2,DLIT,004,STOP SIGN ,1,3,CITY  ,010,SUB OTRN  ,,,,,02,NO-YIELD,03,PAS-STOP,33,RECKLESS,0,0,1,0,0,0,0,9,"Over 200,000",1,PORTLAND CITY STREET,,,,1,02B,58_128229,,0,10/30/19 17:21:04,2,0,0,0,2,2,0,0,0,0,0,0,0,0,0,0,0,0,0,2,2,0,0,2,0,0,0,0,0,0,0,N
1786461,04939,06/11/18 00:00:00,06,11,2018,2,20,8P ,26,Multnomah,245,Portland SE,57,PORTLAND UA    ,14,U PR-ART,1,026,  ,MT. HOOD,1,0,MN,0,R,,002600100S00,45,29,50.670000000000000,-122,34,26.590000000000000,45.497408333333333,-122.574052777777667,,,,,01940  ,SE POWELL BLVD              ,,05086  ,SE 86TH AVE                 ,,1,,9,5.32000017e+00,35,1,INTER   ,0,3,3-LEG  ,0,0,0,,0,,,03,H,O-1 L-TURN,6,TURN    ,4,INJ,1,CLR ,1,DRY ,5,DUSK,001,TRF SIGNAL,1,5,NO RPT,,,,,,,02,NO-YIELD,,,,,,,0,0,0,0,0,9,"Over 200,000",2,PORTLAND HWY SYSTEM,US,26   ,US 26     ,1,02B,293_10833,,0,10/30/19 17:21:04,2,0,0,1,1,2,0,1,0,0,0,0,0,0,0,0,0,0,0,3,3,3,0,0,0,0,0,0,0,0,0,N
1786466,04184,05/18/18 00:00:00,05,18,2018,6,23,11P,26,Multnomah,245,Portland SE,57,PORTLAND UA    ,14,U PR-ART,1,026,  ,MT. HOOD,1,0,MN,0,R,,002600100S00,45,29,50.590000000000000,-122,34,6.570000000000000,45.497386111110333,-122.568491666666667,,,,,01940  ,SE POWELL BLVD              ,,05092  ,SE 92ND AVE                 ,,1,,1,5.59000015e+00,35,1,INTER   ,0,1,CROSS  ,0,0,0,,0,,,06,D,S-1TURN   ,6,TURN    ,4,INJ,1,CLR ,1,DRY ,2,DLIT,001,TRF SIGNAL,1,5,NO RPT,,,,,,,08,IMP-TURN,,,,,,,0,0,0,0,0,9,"Over 200,000",2,PORTLAND HWY SYSTEM,US,26   ,US 26     ,1,02B,293_10834,,0,10/30/19 17:21:04,2,0,0,0,1,1,0,2,0,0,0,0,0,0,0,0,0,0,0,3,3,3,0,0,0,0,0,0,0,0,0,N
1786470,04186,05/18/18 00:00:00,05,18,2018,6,20,8P ,26,Multnomah,245,Portland SE,57,PORTLAND UA    ,17,U MJ-COL,0,,,,,,,,,,,45,31,17.240000000000000,-122,38,43.790000000000000,45.521455555554667,-122.645497222221333,,,,,00134  ,SE ASH ST                   ,,05020  ,SE 20TH AVE                 ,,1,0,1,,,1,INTER   ,0,1,CROSS  ,0,0,0,,0,,,05,6,BIKE      ,1,ANGL    ,4,INJ,1,CLR ,1,DRY ,2,DLIT,099,UNKNOWN   ,1,3,CITY  ,001,FEL/JUMP  ,,,,,02,NO-YIELD,33,RECKLESS,,,0,0,1,0,0,0,0,9,"Over 200,000",1,PORTLAND CITY STREET,,,,1,02B,58_114766,,0,10/30/19 17:21:04,1,0,0,1,0,1,0,2,0,0,0,0,1,0,0,1,0,0,0,2,3,0,2,1,0,0,0,0,0,0,0,N
1786482,04947,06/12/18 00:00:00,06,12,2018,3,09,9A ,26,Multnomah,245,Portland SE,57,PORTLAND UA    ,14,U PR-ART,1,026,  ,MT. HOOD,1,0,MN,0,R,,002600100S00,45,29,52.990000000000000,-122,30,38.240000000000000,45.498052777777333,-122.510622222222000,,,,,01940  ,SE POWELL BLVD              ,,05148  ,SE 148TH AVE                ,,1,,9,8.55000019e+00,35,1,INTER   ,0,1,CROSS  ,0,0,0,,0,,,04,B,ANGL-OTH  ,1,ANGL    ,4,INJ,1,CLR ,1,DRY ,1,DAY ,001,TRF SIGNAL,1,3,CITY  ,,,,,,,04,DIS SIG ,,,,,,,0,0,0,0,0,9,"Over 200,000",2,PORTLAND HWY SYSTEM,US,26   ,US 26     ,1,02B,293_18831,,0,10/30/19 17:21:04,2,0,0,2,0,2,0,0,0,0,0,0,0,0,0,0,0,0,0,2,2,2,0,0,0,0,0,0,0,0,0,N
1786486,04190,05/18/18 00:00:00,05,18,2018,6,02,2A ,26,Multnomah,245,Portland SE,57,PORTLAND UA    ,16,U MN-ART,0,,,,,,,,,,,45,30,26.920000000000000,-122,32,52.860000000000000,45.507477777777000,-122.548016666666333,,,,,05112  ,SE 112TH AVE                ,,01426  ,SE LINCOLN ST               ,,1,150,5,,30,3,STRGHT  ,1,,,0,0,0,2,,0,NONE ,08,2,PRKD MV   ,3,REAR    ,4,INJ,1,CLR ,1,DRY ,3,DARK,099,UNKNOWN   ,1,3,CITY  ,087,FIRE/EXP  ,,,,,26,PHANTOM ,29,F AVOID ,,,0,0,1,0,0,0,0,9,"Over 200,000",1,PORTLAND CITY STREET,,,,1,02B,58_119390,,0,10/30/19 17:21:04,2,0,0,0,1,1,0,0,0,0,0,0,0,0,0,0,0,0,0,1,1,1,0,0,0,0,0,0,0,0,0,Y
1786499,04952,06/12/18 00:00:00,06,12,2018,3,08,8A ,26,Multnomah,245,Portland SE,57,PORTLAND UA    ,16,U MN-ART,0,,,,,,,,,,,45,31,9.820000000000000,-122,30,38.530000000000000,45.519394444443667,-122.510702777777000,,,,,05148  ,SE 148TH AVE                ,,02259  ,SE STARK ST                 ,,1,54,1,,,3,STRGHT  ,0,,,1,0,0,2,,0,NONE ,08,E,S-1STOP   ,3,REAR    ,4,INJ,1,CLR ,1,DRY ,1,DAY ,001,TRF SIGNAL,1,3,CITY  ,013,FORCED    ,,,,,07,TOO-CLOS,,,,,0,0,0,0,0,0,0,9,"Over 200,000",1,PORTLAND CITY STREET,,,,1,02B,58_182963,,0,10/30/19 17:21:04,3,0,0,1,1,2,0,1,0,0,0,0,0,0,0,0,0,0,0,3,3,0,1,2,0,0,0,0,0,0,1,N
1786528,04197,05/19/18 00:00:00,05,19,2018,7,18,6P ,26,Multnomah,245,Portland SE,57,PORTLAND UA    ,14,U PR-ART,1,026,  ,MT. HOOD,1,0,MN,0,R,,002600100S00,45,29,51.030000000000000,-122,36,40.870000000000000,45.497508333333333,-122.611352777777000,,,,,01940  ,SE POWELL BLVD              ,,05050  ,SE 50TH AVE                 ,,1,,5,3.46000004e+00,35,1,INTER   ,0,1,CROSS  ,0,0,0,,1,,,06,E,S-1STOP   ,3,REAR    ,4,INJ,2,CLD ,1,DRY ,1,DAY ,001,TRF SIGNAL,1,3,CITY  ,093,CELL PHONE,,,,,27,INATTENT,29,F AVOID ,,,0,0,0,0,0,0,1,9,"Over 200,000",2,PORTLAND HWY SYSTEM,US,26   ,US 26     ,1,02B,293_20035,,0,10/30/19 17:21:04,2,0,0,0,1,1,0,1,0,0,0,0,0,0,0,0,0,0,0,2,2,1,0,1,0,0,0,0,0,0,0,N
1786533,04202,05/19/18 00:00:00,05,19,2018,7,17,5P ,26,Multnomah,245,Portland SE,57,PORTLAND UA    ,14,U PR-ART,1,068,  ,CASCADE HWY NORTH,1,0,MN,0,R,,006800100S00,45,28,7.170000000000000,-122,34,44.520000000000000,45.468658333332667,-122.579033333332667,,,,,00817  ,SE FLAVEL ST                ,,05082  ,SE 82ND AVE                 ,,1,,5,6.73000002e+00,35,1,INTER   ,0,1,CROSS  ,0,0,0,,0,,,06,E,S-1STOP   ,3,REAR    ,4,INJ,1,CLR ,1,DRY ,1,DAY ,001,TRF SIGNAL,1,3,CITY  ,004,INDRCT PED,,,,,29,F AVOID ,,,,,,,0,0,0,0,0,9,"Over 200,000",2,PORTLAND HWY SYSTEM,OR,213  ,OR 213    ,1,02B,293_19730,,0,10/30/19 17:21:04,2,0,0,0,1,1,0,1,0,0,0,0,0,0,0,0,0,0,0,2,2,2,0,0,0,0,0,0,0,0,0,N
1786536,04205,05/19/18 00:00:00,05,19,2018,7,16,4P ,26,Multnomah,245,Portland SE,57,PORTLAND UA    ,16,U MN-ART,0,,,,,,,,,,,45,31,8.560000000000000,-122,33,37.080000000000000,45.519044444443667,-122.560300000000000,,,,,02259  ,SE STARK ST                 ,,05100  ,SE 100TH AVE                ,,1,0,7,,,1,INTER   ,0,3,3-LEG  ,0,0,0,,0,,,05,E,S-1STOP   ,3,REAR    ,4,INJ,1,CLR ,1,DRY ,1,DAY ,099,UNKNOWN   ,1,5,NO RPT,,,,,,,29,F AVOID ,,,,,,,0,0,0,0,0,9,"Over 200,000",1,PORTLAND CITY STREET,,,,1,02B,58_139148,,0,10/30/19 17:21:04,2,0,0,0,3,3,1,2,0,0,0,0,0,0,0,0,0,0,0,5,5,4,0,1,0,0,0,0,0,0,0,N
1786537,04206,05/19/18 00:00:00,05,19,2018,7,13,1P ,26,Multnomah,245,Portland SE,57,PORTLAND UA    ,14,U PR-ART,1,068,  ,CASCADE HWY NORTH,1,0,MN,0,R,,006800100S00,45,28,58.110000000000000,-122,34,44.220000000000000,45.482808333332667,-122.578949999999667,,,,,00824  ,SE FOSTER RD                ,,05082  ,SE 82ND AVE                 ,,1,,5,5.76000023e+00,35,1,INTER   ,0,1,CROSS  ,0,0,1,,1,,,06,A,ANGL-STP  ,6,TURN    ,4,INJ,1,CLR ,1,DRY ,1,DAY ,001,TRF SIGNAL,1,0,NONE  ,,,,,,,02,NO-YIELD,,,,,,,0,0,0,0,0,9,"Over 200,000",2,PORTLAND HWY SYSTEM,OR,213  ,OR 213    ,1,02B,293_1290,,0,10/30/19 17:21:04,2,0,0,0,3,3,0,2,0,0,0,0,0,0,0,0,0,0,0,5,5,1,0,4,0,0,0,0,0,0,0,N
1786538,04207,05/19/18 00:00:00,05,19,2018,7,13,1P ,26,Multnomah,245,Portland SE,57,PORTLAND UA    ,17,U MJ-COL,0,,,,,,,,,,,45,30,59.320000000000000,-122,38,58.530000000000000,45.516477777777000,-122.649591666666333,,,,,00226  ,SE BELMONT ST               ,,05016  ,SE 16TH AVE                 ,,1,0,9,,,1,INTER   ,0,1,CROSS  ,0,0,0,,0,,,03,B,ANGL-OTH  ,1,ANGL    ,4,INJ,1,CLR ,1,DRY ,1,DAY ,004,STOP SIGN ,1,5,NO RPT,,,,,,,02,NO-YIELD,03,PAS-STOP,,,,,0,0,0,0,0,9,"Over 200,000",1,PORTLAND CITY STREET,,,,1,02B,58_116007,,0,10/30/19 17:21:04,2,0,0,3,0,3,0,2,0,0,0,0,0,0,0,0,0,0,0,5,5,5,0,0,0,0,0,0,0,0,0,N
1786548,04211,05/19/18 00:00:00,05,19,2018,7,16,4P ,26,Multnomah,245,Portland SE,57,PORTLAND UA    ,14,U PR-ART,1,,,,,,,,,,,45,30,14.880000000000000,-122,32,30.790000000000000,45.504133333333000,-122.541886111110333,,,,,00614  ,SE DIVISION ST              ,,05118  ,SE 118TH AVE                ,,1,70,3,,,2,ALLEY   ,0,,,0,0,0,5,,0,NONE ,07,J,O-OTHER   ,6,TURN    ,4,INJ,1,CLR ,1,DRY ,1,DAY ,099,UNKNOWN   ,1,5,NO RPT,010,SUB OTRN  ,,,,,02,NO-YIELD,,,,,,,0,0,0,0,0,9,"Over 200,000",1,PORTLAND CITY STREET,,,,1,02B,58_120203,,0,10/30/19 17:21:04,2,0,0,0,4,4,2,3,0,0,0,0,0,0,0,0,0,0,0,7,7,7,0,0,0,0,0,0,0,0,0,N
1786557,04216,05/19/18 00:00:00,05,19,2018,7,21,9P ,26,Multnomah,245,Portland SE,57,PORTLAND UA    ,17,U MJ-COL,0,,,,,,,,,,,45,31,9.650000000000000,-122,39,16.720000000000000,45.519347222221667,-122.654644444444000,,,,,02259  ,SE STARK ST                 ,,05011  ,SE 11TH AVE                 ,,1,0,9,,,1,INTER   ,0,1,CROSS  ,0,0,0,,0,,,03,H,O-1 L-TURN,6,TURN    ,4,INJ,1,CLR ,1,DRY ,2,DLIT,001,TRF SIGNAL,1,5,NO RPT,,,,,,,02,NO-YIELD,,,,,,,0,0,0,0,0,9,"Over 200,000",1,PORTLAND CITY STREET,,,,1,02B,58_115184,,0,10/30/19 17:21:04,2,0,0,0,1,1,0,1,0,0,0,0,0,0,0,0,0,0,0,2,2,1,0,1,0,0,0,0,0,0,1,N
1786559,04217,05/02/18 00:00:00,05,02,2018,4,09,9A ,26,Multnomah,245,Portland SE,57,PORTLAND UA    ,17,U MJ-COL,0,,,,,,,,,,,45,27,41.210000000000000,-122,36,5.410000000000000,45.461447222222000,-122.601502777777000,,,,,00457  ,SE CLATSOP ST               ,,00852  ,SE FLAVEL DR                ,,1,0,9,,,1,INTER   ,0,1,CROSS  ,0,0,0,,0,,,04,B,ANGL-OTH  ,1,ANGL    ,4,INJ,1,CLR ,1,DRY ,1,DAY ,004,STOP SIGN ,1,5,NO RPT,,,,,,,02,NO-YIELD,03,PAS-STOP,,,,,0,0,0,0,0,9,"Over 200,000",1,PORTLAND CITY STREET,,,,1,02B,58_131064,,0,10/30/19 17:21:04,2,0,0,1,1,2,0,0,0,0,0,0,0,0,0,0,0,0,0,2,2,1,0,1,0,0,0,0,0,0,0,N
1786575,04227,05/12/18 00:00:00,05,12,2018,7,02,2A ,26,Multnomah,245,Portland SE,57,PORTLAND UA    ,14,U PR-ART,1,026,  ,MT. HOOD,1,0,MN,0,R,,002600100S00,45,29,54.820000000000000,-122,31,9.540000000000000,45.498561111110333,-122.519316666666667,,,,,01940  ,SE POWELL BLVD              ,,05140  ,SE 140TH AVE                ,,1,,2,8.10999966e+00,35,1,INTER   ,0,3,3-LEG  ,0,0,0,,0,,,06,E,S-1STOP   ,3,REAR    ,4,INJ,1,CLR ,1,DRY ,3,DARK,099,UNKNOWN   ,1,3,CITY  ,,,,,,,29,F AVOID ,,,,,0,0,0,0,0,0,1,9,"Over 200,000",2,PORTLAND HWY SYSTEM,US,26   ,US 26     ,1,02B,293_17371,,0,10/30/19 17:21:04,2,0,0,0,1,1,0,1,0,0,0,0,0,0,0,0,0,0,0,2,2,1,0,1,0,0,0,0,0,0,0,N
1786576,04229,05/14/18 00:00:00,05,14,2018,2,20,8P ,26,Multnomah,245,Portland SE,57,PORTLAND UA    ,11,U INTRST,1,064,  ,EAST PORTLAND FREEWAY,2,0,MN,0,R,,006400200S00,45,29,3.430000000000000,-122,33,58.310000000000000,45.484286111110333,-122.566197222222000,,,,,00745  ,EAST PORTLAND FY            ,,09712  ,SB EX FOSTER RD C6          ,,1,,1,1.82199993e+01,55,3,STRGHT  ,0,,,0,0,0,6,,1,RSDMD,08,0,NON-COLL  ,8,NCOL    ,4,INJ,1,CLR ,1,DRY ,2,DLIT,017,MEDIAN BAR,1,5,NO RPT,001,FEL/JUMP  ,073,IRRGL PVMT,,,26,PHANTOM ,,,,,,1,0,0,0,0,0,9,"Over 200,000",2,PORTLAND HWY SYSTEM,IS,205  ,I-205     ,1,02B,293_5863,,0,10/30/19 17:21:04,1,0,1,0,0,1,0,0,0,0,0,0,0,0,0,0,0,0,0,1,1,1,0,0,0,0,1,1,0,0,0,N