CRASH_ID,SER_NO,CRASH_DT,CRASH_MO_NO,CRASH_DAY_NO,CRASH_YR_NO,CRASH_WK_DAY_CD,CRASH_HR_NO,CRASH_HR_SHORT_DESC,CNTY_ID,CNTY_NM,CITY_SECT_ID,CITY_SECT_NM,URB_AREA_CD,URB_AREA_SHORT_NM,FC_CD,FC_SHORT_DESC,NHS_FLG,HWY_NO,HWY_SFX_NO,HWY_MED_NM,RDWY_NO,HWY_COMPNT_CD,HWY_COMPNT_SHORT_DESC,MLGE_TYP_CD,MLGE_TYP_SHORT_DESC,RD_CON_NO,LRS_VAL,LAT_DEG_NO,LAT_MINUTE_NO,LAT_SEC_NO,LONGTD_DEG_NO,LONGTD_MINUTE_NO,LONGTD_SEC_NO,LAT_DD,LONGTD_DD,SPECL_JRSDCT_ID,SPECL_JRSDCT_SHORT_DESC,JRSDCT_GRP_CD,JRSDCT_GRP_LONG_DESC,AGY_ST_NO,ST_FULL_NM,RECRE_RD_NM,ISECT_AGY_ST_NO,ISECT_ST_FULL_NM,ISECT_RECRE_RD_NM,ISECT_SEQ_NO,FROM_ISECT_DSTNC_QTY,CMPSS_DIR_CD,MP_NO,POST_SPEED_LMT_VAL,RD_CHAR_CD,RD_CHAR_SHORT_DESC,OFF_RDWY_FLG,ISECT_TYP_CD,ISECT_TYP_SHORT_DESC,ISECT_REL_FLG,RNDABT_FLG,DRVWY_REL_FLG,LN_QTY,TURNG_LEG_QTY,MEDN_TYP_CD,MEDN_TYP_SHORT_DESC,IMPCT_LOC_CD,CRASH_TYP_CD,CRASH_TYP_SHORT_DESC,COLLIS_TYP_CD,COLLIS_TYP_SHORT_DESC,CRASH_SVRTY_CD,CRASH_SVRTY_SHORT_DESC,WTHR_COND_CD,WTHR_COND_SHORT_DESC,RD_SURF_COND_CD,RD_SURF_SHORT_DESC,LGT_COND_CD,LGT_COND_SHORT_DESC,TRAF_CNTL_DEVICE_CD,TRAF_CNTL_DEVICE_SHORT_DESC,TRAF_CNTL_FUNC_FLG,INVSTG_AGY_CD,INVSTG_AGY_SHORT_DESC,CRASH_EVNT_1_CD,CRASH_EVNT_1_SHORT_DESC,CRASH_EVNT_2_CD,CRASH_EVNT_2_SHORT_DESC,CRASH_EVNT_3_CD,CRASH_EVNT_3_SHORT_DESC,CRASH_CAUSE_1_CD,CRASH_CAUSE_1_SHORT_DESC,CRASH_CAUSE_2_CD,CRASH_CAUSE_2_SHORT_DESC,CRASH_CAUSE_3_CD,CRASH_CAUSE_3_SHORT_DESC,SCHL_ZONE_IND,WRK_ZONE_IND,ALCHL_INVLV_FLG,DRUG_INVLV_FLG,MJ_INVLV_FLG,CRASH_SPEED_INVLV_FLG,CRASH_HIT_RUN_FLG,POP_RNG_CD,POP_RNG_MED_DESC,RD_CNTL_CD,RD_CNTL_MED_DESC,RTE_TYP_CD,RTE_ID,RTE_NM,REG_ID,DIST_ID,SEG_MRK_ID,SEG_PT_LRS_MEAS,UNLOCT_FLG,CRASH_LAST_UD_DT,TOT_VHCL_CNT,TOT_FATAL_CNT,TOT_INJ_LVL_A_CNT,TOT_INJ_LVL_B_CNT,TOT_INJ_LVL_C_CNT,TOT_INJ_CNT,TOT_UNINJD_AGE00_04_CNT,TOT_UNINJD_PER_CNT,TOT_PED_CNT,TOT_PED_FATAL_CNT,TOT_PED_INJ_LVL_A_CNT,TOT_PED_INJ_CNT,TOT_PEDCYCL_CNT,TOT_PEDCYCL_FATAL_CNT,TOT_PEDCYCL_INJ_LVL_A_CNT,TOT_PEDCYCL_INJ_CNT,TOT_UNKNWN_CNT,TOT_UNKNWN_FATAL_CNT,TOT_UNKNWN_INJ_CNT,TOT_OCCUP_CNT,TOT_PER_INVLV_CNT,TOT_SFTY_EQUIP_USED_QTY,TOT_SFTY_EQUIP_UNUSED_QTY,TOT_SFTY_EQUIP_USE_UNKNWN_QTY,TOT_PSNGR_VHCL_OCC_UNRESTRND_FATAL_CNT,TOT_MCYCLST_FATAL_CNT,TOT_MCYCLST_INJ_LVL_A_CNT,TOT_MCYCLST_INJ_CNT,TOT_MCYCLST_UNHELMTD_FATAL_CNT,TOT_ALCHL_IMPAIRED_DRVR_INV_FATAL_CNT,TOT_DRVR_AGE_01_20_CNT,LANE_RDWY_DPRT_CRASH_FLG
1786904,05091,06/16/18 00:00:00,06,16,2018,7,21,9P ,26,Multnomah,245,Portland SE,57,PORTLAND UA    ,16,U MN-ART,0,,,,,,,,,,,45,27,51.570000000000000,-122,39,32.400000000000000,45.464325000000000,-122.659000000000000,,,,,02301  ,SE TACOMA ST                ,,05007  ,SE 7TH AVE                  ,,1,0,3,,,1,INTER   ,1,1,CROSS  ,0,0,0,,0,,,06,2,PRKD MV   ,5,SS-O    ,4,INJ,0,UNK ,0,UNK ,2,DLIT,004,STOP SIGN ,1,5,NO RPT,,,,,,,29,F AVOID ,,,,,,,0,0,0,0,0,9,"Over 200,000",1,PORTLAND CITY STREET,,,,1,02B,58_130319,,0,10/30/19 17:21:04,2,0,0,0,1,1,0,0,0,0,0,0,0,0,0,0,0,0,0,1,1,0,0,1,0,0,0,0,0,0,0,N
1786911,05094,06/16/18 00:00:00,06,16,2018,7,13,1P ,26,Multnomah,245,Portland SE,57,PORTLAND UA    ,17,U MJ-COL,0,,,,,,,,,,,45,31,14.770000000000000,-122,39,16.680000000000000,45.520769444443667,-122.654633333333000,,,,,01928  ,SE PINE ST                  ,,05011  ,SE 11TH AVE                 ,,1,0,9,,,1,INTER   ,0,1,CROSS  ,0,0,0,,0,,,01,B,ANGL-OTH  ,1,ANGL    ,4,INJ,1,CLR ,1,DRY ,1,DAY ,004,STOP SIGN ,1,5,NO RPT,013,FORCED    ,,,,,02,NO-YIELD,,,,,,,0,0,0,0,0,9,"Over 200,000",1,PORTLAND CITY STREET,,,,1,02B,58_115027,,0,10/30/19 17:21:04,3,0,0,0,1,1,0,4,0,0,0,0,0,0,0,0,0,0,0,5,5,2,0,3,0,0,0,0,0,0,0,N
1786913,07807,09/01/18 00:00:00,09,01,2018,7,07,7A ,26,Multnomah,245,Portland SE,57,PORTLAND UA    ,16,U MN-ART,0,,,,,,,,,,,45,31,8.600000000000000,-122,33,44.280000000000000,45.519055555554667,-122.562300000000000,,,,,02259  ,SE STARK ST                 ,,05099  ,SE 99TH AVE                 ,,1,0,9,,,1,INTER   ,0,1,CROSS  ,0,0,0,,0,,,02,B,ANGL-OTH  ,1,ANGL    ,4,INJ,1,CLR ,1,DRY ,1,DAY ,001,TRF SIGNAL,1,5,NO RPT,,,,,,,04,DIS SIG ,,,,,,,0,0,0,0,0,9,"Over 200,000",1,PORTLAND CITY STREET,,,,1,02B,58_139139,,0,10/30/19 17:21:05,2,0,0,0,1,1,0,1,0,0,0,0,0,0,0,0,0,0,0,2,2,1,0,1,0,0,0,0,0,0,0,N
1786929,07809,09/01/18 00:00:00,09,01,2018,7,01,1A ,26,Multnomah,245,Portland SE,57,PORTLAND UA    ,14,U PR-ART,1,081,  ,PACIFIC HIGHWAY EAST,2,0,MN,0,R,,008100200S00,45,29,25.190000000000000,-122,39,14.630000000000000,45.490330555555333,-122.654063888888000,,,,,01055  ,SE HOLGATE BLVD             ,,01506  ,SE MCLOUGHLIN BLVD          ,,1,,9,2.32999992e+00,45,1,INTER   ,0,1,CROSS  ,0,0,0,,0,,,04,B,ANGL-OTH  ,1,ANGL    ,4,INJ,1,CLR ,1,DRY ,2,DLIT,001,TRF SIGNAL,1,5,NO RPT,,,,,,,04,DIS SIG ,,,,,,,0,0,0,0,0,9,"Over 200,000",2,PORTLAND HWY SYSTEM,OR,99E  ,OR 99E    ,1,02B,293_15281,,0,10/30/19 17:21:05,2,0,0,0,1,1,0,2,0,0,0,0,0,0,0,0,0,0,0,3,3,2,0,1,0,0,0,0,0,0,0,N
1786939,07813,09/01/18 00:00:00,09,01,2018,7,19,7P ,26,Multnomah,245,Portland SE,57,PORTLAND UA    ,14,U PR-ART,1,068,  ,CASCADE HWY NORTH,1,0,MN,0,R,,006800100S00,45,29,31.490000000000000,-122,34,43.610000000000000,45.492080555555333,-122.578780555554667,,,,,00248  ,SE BOISE ST                 ,,05082  ,SE 82ND AVE                 ,,1,,1,5.11999989e+00,35,1,INTER   ,1,1,CROSS  ,0,0,0,,0,,,05,8,FIX OBJ   ,9,FIX     ,4,INJ,1,CLR ,1,DRY ,1,DAY ,001,TRF SIGNAL,1,3,CITY  ,053,POLE UTL  ,,,,,10,OTHR-IMP,,,,,0,0,1,0,0,0,0,9,"Over 200,000",2,PORTLAND HWY SYSTEM,OR,213  ,OR 213    ,1,02B,293_18735,,0,10/30/19 17:21:05,1,0,0,1,0,1,0,0,0,0,0,0,0,0,0,0,0,0,0,1,1,0,0,1,0,0,0,0,0,0,0,N
1786949,05106,06/17/18 00:00:00,06,17,2018,1,18,6P ,26,Multnomah,245,Portland SE,57,PORTLAND UA    ,19,U LOCAL ,0,,,,,,,,,,,45,29,17.460000000000000,-122,38,20.790000000000000,45.488183333333333,-122.639108333333333,,,,,02214  ,SE SCHILLER ST              ,,05026  ,SE 26TH AVE                 ,,1,99,3,,,3,STRGHT  ,0,,,0,0,0,2,,0,NONE ,07,6,BIKE      ,3,REAR    ,4,INJ,3,RAIN,2,WET ,1,DAY ,099,UNKNOWN   ,1,3,CITY  ,,,,,,,15,WRNG WAY,,,,,,,0,0,0,0,0,9,"Over 200,000",1,PORTLAND CITY STREET,,,,1,02B,58_195335,,0,10/30/19 17:21:04,1,0,1,0,0,1,0,1,0,0,0,0,1,0,1,1,0,0,0,1,2,1,1,0,0,0,0,0,0,0,0,N
1786955,07815,09/01/18 00:00:00,09,01,2018,7,20,8P ,26,Multnomah,245,Portland SE,57,PORTLAND UA    ,17,U MJ-COL,0,,,,,,,,,,,45,31,9.530000000000000,-122,38,21.470000000000000,45.519313888888667,-122.639297222221333,,,,,02259  ,SE STARK ST                 ,,05026  ,SE 26TH AVE                 ,,1,0,1,,,1,INTER   ,0,4,4-LEG  ,0,0,0,,0,,,06,E,S-1STOP   ,3,REAR    ,4,INJ,1,CLR ,1,DRY ,2,DLIT,004,STOP SIGN ,1,3,CITY  ,089,OTHR CRASH,,,,,29,F AVOID ,,,,,,,1,0,0,0,1,9,"Over 200,000",1,PORTLAND CITY STREET,,,,1,02B,58_160848,,0,10/30/19 17:21:05,2,0,0,0,1,1,0,1,0,0,0,0,0,0,0,0,0,0,0,2,2,1,0,1,0,0,0,0,0,0,0,N
1786958,04318,05/11/18 00:00:00,05,11,2018,6,15,3P ,26,Multnomah,245,Portland SE,57,PORTLAND UA    ,16,U MN-ART,0,,,,,,,,,,,45,31,8.390000000000000,-122,32,34.540000000000000,45.518997222221667,-122.542927777777333,,,,,02259  ,SE STARK ST                 ,,05117  ,SE 117TH AVE                ,,1,0,3,,,1,INTER   ,0,1,CROSS  ,0,0,0,,0,,,06,E,S-1STOP   ,3,REAR    ,4,INJ,1,CLR ,1,DRY ,1,DAY ,001,TRF SIGNAL,1,5,NO RPT,013,FORCED    ,,,,,29,F AVOID ,,,,,,,0,0,0,0,0,9,"Over 200,000",1,PORTLAND CITY STREET,,,,1,02B,58_115796,,0,10/30/19 17:21:04,4,0,0,2,1,3,0,1,0,0,0,0,0,0,0,0,0,0,0,4,4,2,0,2,0,0,0,0,0,0,1,N
1786959,87815,09/01/18 00:00:00,09,01,2018,7,20,8P ,26,Multnomah,245,Portland SE,57,PORTLAND UA    ,17,U MJ-COL,0,,,,,,,,,,,45,31,9.510000000000000,-122,37,46.380000000000000,45.519308333332667,-122.629549999999667,,,,,02259  ,SE STARK ST                 ,,05034  ,SE 34TH AVE                 ,,1,0,7,,20,1,INTER   ,1,3,3-LEG  ,0,0,0,,0,,,06,2,PRKD MV   ,3,REAR    ,4,INJ,1,CLR ,1,DRY ,2,DLIT,004,STOP SIGN ,1,3,CITY  ,089,OTHR CRASH,,,,,10,OTHR-IMP,,,,,0,0,1,0,0,0,1,9,"Over 200,000",1,PORTLAND CITY STREET,,,,1,02B,58_115327,,0,10/30/19 17:21:05,2,0,1,0,0,1,0,0,0,0,0,0,0,0,0,0,0,0,0,1,1,1,0,0,0,0,0,0,0,0,0,N
1786971,05114,06/17/18 00:00:00,06,17,2018,1,11,11A,26,Multnomah,245,Portland SE,57,PORTLAND UA    ,11,U INTRST,1,064,  ,EAST PORTLAND FREEWAY,1,6,CN,0,R,1,0064CD100S00,45,31,5.980000000000000,-122,33,52.660000000000000,45.518327777777667,-122.564627777777000,,,,,02612  ,SE WASHINGTON ST            ,,09723  ,NB EX WASH-STARK C1         ,,1,,9,2.05699997e+01,,1,INTER   ,0,1,CROSS  ,0,0,0,,0,,,04,B,ANGL-OTH  ,1,ANGL    ,4,INJ,1,CLR ,1,DRY ,1,DAY ,001,TRF SIGNAL,1,5,NO RPT,,,,,,,04,DIS SIG ,,,,,,,0,0,0,0,0,9,"Over 200,000",2,PORTLAND HWY SYSTEM,IS,205  ,I-205     ,1,02B,293_6165,,0,10/30/19 17:21:04,2,0,0,1,0,1,0,1,0,0,0,0,0,0,0,0,0,0,0,2,2,1,0,1,0,0,0,0,0,0,0,N
1786978,07826,09/02/18 00:00:00,09,02,2018,1,23,11P,26,Multnomah,245,Portland SE,57,PORTLAND UA    ,14,U PR-ART,1,,,,,,,,,,,45,30,14.840000000000000,-122,32,27.230000000000000,45.504122222222000,-122.540897222221333,,,,,00614  ,SE DIVISION ST              ,,05119  ,SE 119TH AVE                ,,1,0,7,,30,1,INTER   ,0,3,3-LEG  ,0,0,0,,0,,,06,E,S-1STOP   ,3,REAR    ,4,INJ,2,CLD ,1,DRY ,2,DLIT,001,TRF SIGNAL,1,3,CITY  ,013,FORCED    ,,,,,27,INATTENT,,,,,0,0,0,0,0,0,0,9,"Over 200,000",1,PORTLAND CITY STREET,,,,1,02B,58_120213,,0,10/30/19 17:21:05,4,0,0,0,5,5,0,1,0,0,0,0,0,0,0,0,0,0,0,6,6,4,0,2,0,0,0,0,0,0,1,N
1786980,05119,06/17/18 00:00:00,06,17,2018,1,16,4P ,26,Multnomah,245,Portland SE,57,PORTLAND UA    ,11,U INTRST,1,001,  ,PACIFIC,2,0,MN,0,R,,000100200S00,45,30,57.120000000000000,-122,40,2.240000000000000,45.515866666666000,-122.667288888888667,,,,,00302  ,PACIFIC HY I-5              ,,09452  ,SB EX MARQUAM BR            ,,1,,1,3.01000000e+02,50,3,STRGHT  ,0,,,0,0,0,6,,2,DIVMD,03,E,S-1STOP   ,3,REAR    ,4,INJ,1,CLR ,1,DRY ,1,DAY ,099,UNKNOWN   ,1,0,NONE  ,013,FORCED    ,,,,,29,F AVOID ,,,,,,,0,0,0,0,0,9,"Over 200,000",2,PORTLAND HWY SYSTEM,IS,5    ,I-5       ,1,02B,293_3026,,0,10/30/19 17:21:04,3,0,0,0,2,2,0,2,0,0,0,0,0,0,0,0,0,0,0,4,4,0,0,4,0,0,0,0,0,0,0,N
1786983,05121,06/17/18 00:00:00,06,17,2018,1,23,11P,26,Multnomah,245,Portland SE,57,PORTLAND UA    ,14,U PR-ART,1,068,  ,CASCADE HWY NORTH,1,0,MN,0,R,,006800100S00,45,28,7.170000000000000,-122,34,44.520000000000000,45.468658333332667,-122.579033333332667,,,,,00817  ,SE FLAVEL ST                ,,05082  ,SE 82ND AVE                 ,,1,,5,6.73000002e+00,35,1,INTER   ,0,1,CROSS  ,0,0,0,,0,,,06,E,S-1STOP   ,3,REAR    ,4,INJ,1,CLR ,1,DRY ,2,DLIT,001,TRF SIGNAL,1,0,NONE  ,,,,,,,29,F AVOID ,,,,,,,0,0,0,0,0,9,"Over 200,000",2,PORTLAND HWY SYSTEM,OR,213  ,OR 213    ,1,02B,293_19730,,0,10/30/19 17:21:04,2,0,0,0,2,2,0,0,0,0,0,0,0,0,0,0,0,0,0,2,2,0,0,2,0,0,0,0,0,0,1,N
1786999,07878,09/03/18 00:00:00,09,03,2018,2,13,1P ,26,Multnomah,245,Portland SE,57,PORTLAND UA    ,17,U MJ-COL,0,,,,,,,,,,,45,28,45.050000000000000,-122,37,49.370000000000000,45.479180555554667,-122.630380555554667,,,,,02658  ,SE WOODSTOCK BLVD           ,,05032  ,SE 32ND AVE                 ,,1,0,7,,,1,INTER   ,0,3,3-LEG  ,0,0,0,,0,,,06,E,S-1STOP   ,3,REAR    ,4,INJ,1,CLR ,1,DRY ,1,DAY ,004,STOP SIGN ,1,0,NONE  ,,,,,,,29,F AVOID ,,,,,,,0,0,0,0,0,9,"Over 200,000",1,PORTLAND CITY STREET,,,,1,02B,58_127076,,0,10/30/19 17:21:05,2,0,0,0,2,2,0,2,0,0,0,0,0,0,0,0,0,0,0,4,4,2,0,2,0,0,0,0,0,0,0,N
1787001,07879,09/03/18 00:00:00,09,03,2018,2,13,1P ,26,Multnomah,245,Portland SE,57,PORTLAND UA    ,14,U PR-ART,1,,,,,,,,,,,45,30,59.480000000000000,-122,39,38.710000000000000,45.516522222222000,-122.660752777777000,,,,,00226  ,SE BELMONT ST               ,,00929  ,SE GRAND AVE                ,,1,0,5,,,1,INTER   ,0,1,CROSS  ,0,0,0,,0,,,06,C,S-STRGHT  ,5,SS-O    ,4,INJ,1,CLR ,1,DRY ,1,DAY ,001,TRF SIGNAL,1,0,NONE  ,,,,,,,13,IMP LN C,,,,,,,0,0,0,0,0,9,"Over 200,000",1,PORTLAND CITY STREET,,,,1,02B,58_115902,,0,10/30/19 17:21:05,2,0,0,0,1,1,0,1,0,0,0,0,0,0,0,0,0,0,0,2,2,0,0,2,0,0,0,0,0,0,0,N
1787009,05122,06/17/18 00:00:00,06,17,2018,1,11,11A,26,Multnomah,245,Portland SE,57,PORTLAND UA    ,11,U INTRST,1,001,  ,PACIFIC,2,0,MN,0,R,,000100200S00,45,31,17.210000000000000,-122,39,55.960000000000000,45.521447222221667,-122.665544444444000,,,,,00302  ,PACIFIC HY I-5              ,,09449  ,NB EF MORRISN BR C3         ,,1,,9,3.01359985e+02,50,1,INTER   ,0,3,3-LEG  ,0,0,0,,0,,,02,B,ANGL-OTH  ,6,TURN    ,4,INJ,1,CLR ,1,DRY ,1,DAY ,099,UNKNOWN   ,1,7,OTHER ,,,,,,,02,NO-YIELD,,,,,,,0,0,0,0,0,9,"Over 200,000",2,PORTLAND HWY SYSTEM,IS,5    ,I-5       ,1,02B,293_3028,,0,10/30/19 17:21:04,2,0,0,0,1,1,0,4,0,0,0,0,0,0,0,0,0,0,0,5,5,5,0,0,0,0,0,0,0,0,0,N
1787010,04330,05/23/18 00:00:00,05,23,2018,4,08,8A ,26,Multnomah,245,Portland SE,57,PORTLAND UA    ,14,U PR-ART,1,068,  ,CASCADE HWY NORTH,1,0,MN,0,R,,006800100S00,45,30,17.360000000000000,-122,34,43.250000000000000,45.504822222222000,-122.578680555554667,,,,,00614  ,SE DIVISION ST              ,,05082  ,SE 82ND AVE                 ,,1,,7,4.23999977e+00,35,1,INTER   ,0,1,CROSS  ,0,0,0,,0,,,06,E,S-1STOP   ,3,REAR    ,4,INJ,1,CLR ,1,DRY ,1,DAY ,022,L-GRN-SIG ,1,0,NONE  ,,,,,,,29,F AVOID ,,,,,,,0,0,0,0,0,9,"Over 200,000",2,PORTLAND HWY SYSTEM,OR,213  ,OR 213    ,1,02B,293_21402,,0,10/30/19 17:21:04,2,0,0,0,2,2,0,1,0,0,0,0,0,0,0,0,0,0,0,3,3,2,0,1,0,0,0,0,0,0,0,N
1787014,05124,06/17/18 00:00:00,06,17,2018,1,15,3P ,26,Multnomah,245,Portland SE,57,PORTLAND UA    ,14,U PR-ART,1,068,  ,CASCADE HWY NORTH,1,0,MN,0,R,,006800100S00,45,29,50.670000000000000,-122,34,43.340000000000000,45.497408333333333,-122.578705555554667,,,,,01940  ,SE POWELL BLVD              ,,05082  ,SE 82ND AVE                 ,,1,,1,4.75000000e+00,35,1,INTER   ,0,1,CROSS  ,0,0,0,,0,,,06,E,S-1STOP   ,3,REAR    ,4,INJ,1,CLR ,1,DRY ,1,DAY ,001,TRF SIGNAL,1,5,NO RPT,,,,,,,29,F AVOID ,,,,,,,0,0,0,0,0,9,"Over 200,000",2,PORTLAND HWY SYSTEM,OR,213  ,OR 213    ,1,02B,293_18733,,0,10/30/19 17:21:04,2,0,0,0,2,2,0,1,0,0,0,0,0,0,0,0,0,0,0,3,3,2,0,1,0,0,0,0,0,0,0,N
1787031,05130,06/17/18 00:00:00,06,17,2018,1,11,11A,26,Multnomah,245,Portland SE,57,PORTLAND UA    ,16,U MN-ART,0,,,,,,,,,,,45,30,59.400000000000000,-122,39,24.090000000000000,45.516500000000000,-122.656691666666000,,,,,00226  ,SE BELMONT ST               ,,05009  ,SE 9TH AVE                  ,,1,0,9,,,1,INTER   ,0,1,CROSS  ,0,0,0,,0,,,02,D,S-1TURN   ,6,TURN    ,4,INJ,1,CLR ,1,DRY ,1,DAY ,004,STOP SIGN ,1,0,NONE  ,,,,,,,08,IMP-TURN,,,,,,,0,0,0,0,0,9,"Over 200,000",1,PORTLAND CITY STREET,,,,1,02B,58_115939,,0,10/30/19 17:21:04,2,0,0,0,1,1,0,1,0,0,0,0,0,0,0,0,0,0,0,2,2,1,0,1,0,0,0,0,0,0,0,N
1787032,07880,09/03/18 00:00:00,09,03,2018,2,01,1A ,26,Multnomah,245,Portland SE,57,PORTLAND UA    ,14,U PR-ART,1,,,,,,,,,,,45,30,46.590000000000000,-122,39,38.770000000000000,45.512941666666000,-122.660769444444000,,,,,00929  ,SE GRAND AVE                ,,01513  ,SE MADISON ST               ,,1,0,9,,,1,INTER   ,0,1,CROSS  ,0,0,0,,0,,,01,B,ANGL-OTH  ,1,ANGL    ,4,INJ,1,CLR ,1,DRY ,2,DLIT,001,TRF SIGNAL,1,3,CITY  ,,,,,,,04,DIS SIG ,,,,,0,0,0,0,0,0,1,9,"Over 200,000",1,PORTLAND CITY STREET,,,,1,02B,58_117079,,0,10/30/19 17:21:05,2,0,0,0,1,1,0,1,0,0,0,0,0,0,0,0,0,0,0,2,2,1,0,1,0,0,0,0,0,0,0,N
1787038,07884,09/03/18 00:00:00,09,03,2018,2,14,2P ,26,Multnomah,245,Portland SE,57,PORTLAND UA    ,16,U MN-ART,0,,,,,,,,,,,45,31,5.960000000000000,-122,34,8.840000000000000,45.518322222221667,-122.569122222221667,,,,,02612  ,SE WASHINGTON ST            ,,05092  ,SE 92ND AVE                 ,,1,0,9,,,1,INTER   ,0,1,CROSS  ,0,0,0,,0,,,03,B,ANGL-OTH  ,1,ANGL    ,4,INJ,1,CLR ,1,DRY ,1,DAY ,001,TRF SIGNAL,1,5,NO RPT,,,,,,,04,DIS SIG ,,,,,,,0,0,0,0,0,9,"Over 200,000",1,PORTLAND CITY STREET,,,,1,02B,58_184553,,0,10/30/19 17:21:05,2,0,0,0,2,2,0,1,0,0,0,0,0,0,0,0,0,0,0,3,3,3,0,0,0,0,0,0,0,0,0,N
1787069,05138,06/17/18 00:00:00,06,17,2018,1,01,1A ,26,Multnomah,245,Portland SE,57,PORTLAND UA    ,14,U PR-ART,1,,,,,,,,,,,45,30,17.250000000000000,-122,37,21.460000000000000,45.504791666666000,-122.622627777777667,,,,,00614  ,SE DIVISION ST              ,,05039  ,SE 39TH AV/CESAR CHAVEZ     ,,1,0,9,,,1,INTER   ,0,1,CROSS  ,0,0,0,,0,,,01,B,ANGL-OTH  ,1,ANGL    ,4,INJ,1,CLR ,1,DRY ,2,DLIT,001,TRF SIGNAL,1,5,NO RPT,,,,,,,04,DIS SIG ,,,,,,,0,0,0,0,0,9,"Over 200,000",1,PORTLAND CITY STREET,,,,1,02B,58_119753,,0,10/30/19 17:21:04,2,0,0,0,2,2,0,0,0,0,0,0,0,0,0,0,0,0,0,2,2,1,0,1,0,0,0,0,0,0,0,N
1787075,07900,09/04/18 00:00:00,09,04,2018,3,07,7A ,26,Multnomah,245,Portland SE,57,PORTLAND UA    ,17,U MJ-COL,0,,,,,,,,,,,45,30,17.360000000000000,-122,34,43.250000000000000,45.504822222222000,-122.578680555554667,,,,,00614  ,SE DIVISION ST              ,,05082  ,SE 82ND AVE                 ,,1,0,3,,,1,INTER   ,0,1,CROSS  ,0,0,0,,0,,,06,E,S-1STOP   ,3,REAR    ,4,INJ,1,CLR ,1,DRY ,1,DAY ,022,L-GRN-SIG ,1,0,NONE  ,115,DSTRCT GPS,,,,,27,INATTENT,29,F AVOID ,,,,,0,0,0,0,0,9,"Over 200,000",1,PORTLAND CITY STREET,,,,1,02B,58_119840,,0,10/30/19 17:21:05,2,0,0,0,1,1,0,1,0,0,0,0,0,0,0,0,0,0,0,2,2,1,0,1,0,0,0,0,0,0,0,N
1787093,07909,09/04/18 00:00:00,09,04,2018,3,15,3P ,26,Multnomah,245,Portland SE,57,PORTLAND UA    ,16,U MN-ART,0,,,,,,,,,,,45,29,4.800000000000000,-122,36,31.460000000000000,45.484666666666333,-122.608738888888000,,,,,02260  ,SE STEELE ST                ,,05052  ,SE 52ND AVE                 ,,1,0,9,,,1,INTER   ,0,1,CROSS  ,0,0,0,,0,,,01,H,O-1 L-TURN,6,TURN    ,4,INJ,1,CLR ,1,DRY ,1,DAY ,001,TRF SIGNAL,1,5,NO RPT,,,,,,,02,NO-YIELD,,,,,,,0,0,0,0,0,9,"Over 200,000",1,PORTLAND CITY STREET,,,,1,02B,58_125711,,0,10/30/19 17:21:05,2,0,0,2,0,2,0,0,0,0,0,0,0,0,0,0,0,0,0,2,2,2,0,0,0,0,0,0,0,0,1,N
1787094,07912,09/04/18 00:00:00,09,04,2018,3,07,7A ,26,Multnomah,245,Portland SE,57,PORTLAND UA    ,16,U MN-ART,0,,,,,,,,,,,45,31,8.730000000000000,-122,31,29.570000000000000,45.519091666666667,-122.524880555554667,,,,,02259  ,SE STARK ST                 ,,05135  ,SE 135TH AVE                ,,1,0,7,,,1,INTER   ,0,3,3-LEG  ,0,0,0,,0,,,05,B,ANGL-OTH  ,6,TURN    ,4,INJ,1,CLR ,1,DRY ,1,DAY ,004,STOP SIGN ,1,5,NO RPT,,,,,,,02,NO-YIELD,,,,,,,0,0,0,0,0,9,"Over 200,000",1,PORTLAND CITY STREET,,,,1,02B,58_115856,,0,10/30/19 17:21:05,2,0,0,0,1,1,0,1,0,0,0,0,0,0,0,0,0,0,0,2,2,2,0,0,0,0,0,0,0,0,0,N
1787099,07916,09/04/18 00:00:00,09,04,2018,3,12,12P,26,Multnomah,245,Portland SE,57,PORTLAND UA    ,16,U MN-ART,0,,,,,,,,,,,45,28,36.730000000000000,-122,31,30.690000000000000,45.476869444443667,-122.525191666666667,,,,,00824  ,SE FOSTER RD                ,,05135  ,SE 135TH AVE                ,,1,175,7,,,3,STRGHT  ,0,,,0,0,0,2,,0,NONE ,07,E,S-1STOP   ,3,REAR    ,4,INJ,1,CLR ,1,DRY ,1,DAY ,099,UNKNOWN   ,1,0,NONE  ,,,,,,,29,F AVOID ,,,,,,,0,0,0,0,0,9,"Over 200,000",1,PORTLAND CITY STREET,,,,1,02C,58_183158,,0,10/30/19 17:21:05,2,0,0,0,1,1,0,1,0,0,0,0,0,0,0,0,0,0,0,2,2,1,0,1,0,0,0,0,0,0,0,N
1787102,07917,09/04/18 00:00:00,09,04,2018,3,07,7A ,26,Multnomah,245,Portland SE,57,PORTLAND UA    ,14,U PR-ART,1,026,  ,MT. HOOD,1,0,MN,0,R,,002600100S00,45,29,51.160000000000000,-122,31,31.770000000000000,45.497544444444333,-122.525491666666667,,,,,01940  ,SE POWELL BLVD              ,,05134  ,SE 134TH AVE                ,,1,,7,7.80000019e+00,35,2,ALLEY   ,0,,,0,0,0,2,,0,NONE ,08,E,S-1STOP   ,3,REAR    ,4,INJ,1,CLR ,1,DRY ,1,DAY ,000,NONE      ,1,3,CITY  ,,,,,,,29,F AVOID ,,,,,,,0,0,0,0,1,9,"Over 200,000",2,PORTLAND HWY SYSTEM,US,26   ,US 26     ,1,02B,293_19871,,0,10/30/19 17:21:05,2,0,0,1,0,1,0,1,0,0,0,0,0,0,0,0,0,0,0,2,2,1,0,1,0,0,0,0,0,0,0,N