CRASH_ID,SER_NO,CRASH_DT,CRASH_MO_NO,CRASH_DAY_NO,CRASH_YR_NO,CRASH_WK_DAY_CD,CRASH_HR_NO,CRASH_HR_SHORT_DESC,CNTY_ID,CNTY_NM,CITY_SECT_ID,CITY_SECT_NM,URB_AREA_CD,URB_AREA_SHORT_NM,FC_CD,FC_SHORT_DESC,NHS_FLG,HWY_NO,HWY_SFX_NO,HWY_MED_NM,RDWY_NO,HWY_COMPNT_CD,HWY_COMPNT_SHORT_DESC,MLGE_TYP_CD,MLGE_TYP_SHORT_DESC,RD_CON_NO,LRS_VAL,LAT_DEG_NO,LAT_MINUTE_NO,LAT_SEC_NO,LONGTD_DEG_NO,LONGTD_MINUTE_NO,LONGTD_SEC_NO,LAT_DD,LONGTD_DD,SPECL_JRSDCT_ID,SPECL_JRSDCT_SHORT_DESC,JRSDCT_GRP_CD,JRSDCT_GRP_LONG_DESC,AGY_ST_NO,ST_FULL_NM,RECRE_RD_NM,ISECT_AGY_ST_NO,ISECT_ST_FULL_NM,ISECT_RECRE_RD_NM,ISECT_SEQ_NO,FROM_ISECT_DSTNC_QTY,CMPSS_DIR_CD,MP_NO,POST_SPEED_LMT_VAL,RD_CHAR_CD,RD_CHAR_SHORT_DESC,OFF_RDWY_FLG,ISECT_TYP_CD,ISECT_TYP_SHORT_DESC,ISECT_REL_FLG,RNDABT_FLG,DRVWY_REL_FLG,LN_QTY,TURNG_LEG_QTY,MEDN_TYP_CD,MEDN_TYP_SHORT_DESC,IMPCT_LOC_CD,CRASH_TYP_CD,CRASH_TYP_SHORT_DESC,COLLIS_TYP_CD,COLLIS_TYP_SHORT_DESC,CRASH_SVRTY_CD,CRASH_SVRTY_SHORT_DESC,WTHR_COND_CD,WTHR_COND_SHORT_DESC,RD_SURF_COND_CD,RD_SURF_SHORT_DESC,LGT_COND_CD,LGT_COND_SHORT_DESC,TRAF_CNTL_DEVICE_CD,TRAF_CNTL_DEVICE_SHORT_DESC,TRAF_CNTL_FUNC_FLG,INVSTG_AGY_CD,INVSTG_AGY_SHORT_DESC,CRASH_EVNT_1_CD,CRASH_EVNT_1_SHORT_DESC,CRASH_EVNT_2_CD,CRASH_EVNT_2_SHORT_DESC,CRASH_EVNT_3_CD,CRASH_EVNT_3_SHORT_DESC,CRASH_CAUSE_1_CD,CRASH_CAUSE_1_SHORT_DESC,CRASH_CAUSE_2_CD,CRASH_CAUSE_2_SHORT_DESC,CRASH_CAUSE_3_CD,CRASH_CAUSE_3_SHORT_DESC,SCHL_ZONE_IND,WRK_ZONE_IND,ALCHL_INVLV_FLG,DRUG_INVLV_FLG,MJ_INVLV_FLG,CRASH_SPEED_INVLV_FLG,CRASH_HIT_RUN_FLG,POP_RNG_CD,POP_RNG_MED_DESC,RD_CNTL_CD,RD_CNTL_MED_DESC,RTE_TYP_CD,RTE_ID,RTE_NM,REG_ID,DIST_ID,SEG_MRK_ID,SEG_PT_LRS_MEAS,UNLOCT_FLG,CRASH_LAST_UD_DT,TOT_VHCL_CNT,TOT_FATAL_CNT,TOT_INJ_LVL_A_CNT,TOT_INJ_LVL_B_CNT,TOT_INJ_LVL_C_CNT,TOT_INJ_CNT,TOT_UNINJD_AGE00_04_CNT,TOT_UNINJD_PER_CNT,TOT_PED_CNT,TOT_PED_FATAL_CNT,TOT_PED_INJ_LVL_A_CNT,TOT_PED_INJ_CNT,TOT_PEDCYCL_CNT,TOT_PEDCYCL_FATAL_CNT,TOT_PEDCYCL_INJ_LVL_A_CNT,TOT_PEDCYCL_INJ_CNT,TOT_UNKNWN_CNT,TOT_UNKNWN_FATAL_CNT,TOT_UNKNWN_INJ_CNT,TOT_OCCUP_CNT,TOT_PER_INVLV_CNT,TOT_SFTY_EQUIP_USED_QTY,TOT_SFTY_EQUIP_UNUSED_QTY,TOT_SFTY_EQUIP_USE_UNKNWN_QTY,TOT_PSNGR_VHCL_OCC_UNRESTRND_FATAL_CNT,TOT_MCYCLST_FATAL_CNT,TOT_MCYCLST_INJ_LVL_A_CNT,TOT_MCYCLST_INJ_CNT,TOT_MCYCLST_UNHELMTD_FATAL_CNT,TOT_ALCHL_IMPAIRED_DRVR_INV_FATAL_CNT,TOT_DRVR_AGE_01_20_CNT,LANE_RDWY_DPRT_CRASH_FLG
1787104,07931,09/05/18 00:00:00,09,05,2018,4,14,2P ,26,Multnomah,245,Portland SE,57,PORTLAND UA    ,17,U MJ-COL,0,,,,,,,,,,,45,30,9.010000000000000,-122,31,25.260000000000000,45.502502777777000,-122.523683333332667,,,,,05136  ,SE 136TH AVE                ,,00464  ,SE CLINTON ST               ,,1,75,5,,,3,STRGHT  ,0,,,0,0,0,2,,0,NONE ,08,E,S-1STOP   ,3,REAR    ,4,INJ,1,CLR ,1,DRY ,1,DAY ,099,UNKNOWN   ,1,5,NO RPT,,,,,,,29,F AVOID ,,,,,,,0,0,0,0,0,9,"Over 200,000",1,PORTLAND CITY STREET,,,,1,02B,58_121409,,0,10/30/19 17:21:05,2,0,1,0,0,1,0,1,0,0,0,0,0,0,0,0,0,0,0,2,2,1,0,1,0,0,0,0,0,0,1,N
1787109,04344,05/23/18 00:00:00,05,23,2018,4,14,2P ,26,Multnomah,245,Portland SE,57,PORTLAND UA    ,14,U PR-ART,1,,,,,,,,,,,45,31,9.470000000000000,-122,37,22.920000000000000,45.519297222221667,-122.623033333332667,,,,,02259  ,SE STARK ST                 ,,05039  ,SE 39TH AV/CESAR CHAVEZ     ,,1,0,9,,,1,INTER   ,0,1,CROSS  ,0,0,0,,0,,,03,H,O-1 L-TURN,6,TURN    ,4,INJ,1,CLR ,1,DRY ,1,DAY ,001,TRF SIGNAL,1,5,NO RPT,,,,,,,02,NO-YIELD,,,,,,,0,0,0,0,0,9,"Over 200,000",1,PORTLAND CITY STREET,,,,1,02B,58_115339,,0,10/30/19 17:21:04,2,0,0,1,0,1,1,2,0,0,0,0,0,0,0,0,0,0,0,3,3,3,0,0,0,0,0,0,0,0,0,N
1787133,05165,06/14/18 00:00:00,06,14,2018,5,14,2P ,26,Multnomah,245,Portland SE,57,PORTLAND UA    ,16,U MN-ART,0,,,,,,,,,,,45,30,59.370000000000000,-122,39,13.150000000000000,45.516491666666000,-122.653652777777000,,,,,00226  ,SE BELMONT ST               ,,05012  ,SE 12TH AVE                 ,,1,0,1,,,1,INTER   ,0,1,CROSS  ,0,0,0,,0,,,05,3,PED       ,0,PED     ,4,INJ,1,CLR ,1,DRY ,1,DAY ,001,TRF SIGNAL,1,0,NONE  ,,,,,,,02,NO-YIELD,,,,,,,0,0,0,0,0,9,"Over 200,000",1,PORTLAND CITY STREET,,,,1,02B,58_116178,,0,10/30/19 17:21:04,1,0,0,1,0,1,0,1,1,0,0,1,0,0,0,0,0,0,0,1,2,1,0,0,0,0,0,0,0,0,0,N
1787135,05167,06/18/18 00:00:00,06,18,2018,2,18,6P ,26,Multnomah,245,Portland SE,57,PORTLAND UA    ,16,U MN-ART,0,,,,,,,,,,,45,28,33.760000000000000,-122,32,57.760000000000000,45.476044444443667,-122.549377777777333,,,,,00824  ,SE FOSTER RD                ,,05111  ,SE 111TH AVE                ,,1,0,7,,,1,INTER   ,0,1,CROSS  ,0,0,0,,0,,,06,E,S-1STOP   ,3,REAR    ,4,INJ,1,CLR ,1,DRY ,1,DAY ,001,TRF SIGNAL,1,0,NONE  ,,,,,,,27,INATTENT,,,,,,,0,0,0,0,0,9,"Over 200,000",1,PORTLAND CITY STREET,,,,1,02C,58_128417,,0,10/30/19 17:21:04,2,0,0,0,1,1,0,1,0,0,0,0,0,0,0,0,0,0,0,2,2,1,0,1,0,0,0,0,0,0,1,N
1787148,07926,09/04/18 00:00:00,09,04,2018,3,15,3P ,26,Multnomah,245,Portland SE,57,PORTLAND UA    ,19,U LOCAL ,0,,,,,,,,,,,45,29,24.900000000000000,-122,34,55.330000000000000,45.490249999999333,-122.582036111110667,,,,,01055  ,SE HOLGATE BLVD             ,,05079  ,SE 79TH AVE                 ,,2,0,5,,,1,INTER   ,0,3,3-LEG  ,0,0,0,,0,,,06,E,S-1STOP   ,3,REAR    ,4,INJ,1,CLR ,1,DRY ,1,DAY ,004,STOP SIGN ,1,5,NO RPT,,,,,,,29,F AVOID ,,,,,,,0,0,0,0,0,9,"Over 200,000",1,PORTLAND CITY STREET,,,,1,02B,58_124863,,0,10/30/19 17:21:05,2,0,0,0,1,1,0,1,0,0,0,0,0,0,0,0,0,0,0,2,2,1,0,1,0,0,0,1,0,0,0,N
1787152,07932,09/05/18 00:00:00,09,05,2018,4,16,4P ,26,Multnomah,245,Portland SE,57,PORTLAND UA    ,14,U PR-ART,1,026,  ,MT. HOOD,1,0,MN,0,R,,002600100S00,45,29,32.480000000000000,-122,29,5.620000000000000,45.492355555555333,-122.484894444444333,,,,,01940  ,SE POWELL BLVD              ,,05174  ,SE 174TH AVE                ,,1,,7,9.85999966e+00,35,3,STRGHT  ,0,,,1,0,0,2,,0,NONE ,03,E,S-1STOP   ,3,REAR    ,4,INJ,1,CLR ,1,DRY ,1,DAY ,099,UNKNOWN   ,1,0,NONE  ,,,,,,,29,F AVOID ,,,,,,,0,0,0,0,0,9,"Over 200,000",2,PORTLAND HWY SYSTEM,US,26   ,US 26     ,1,02B,293_16249,,0,10/30/19 17:21:05,2,0,0,0,1,1,0,1,0,0,0,0,0,0,0,0,0,0,0,2,2,1,0,1,0,0,0,0,0,0,0,N
1787156,05180,06/18/18 00:00:00,06,18,2018,2,10,10A,26,Multnomah,245,Portland SE,57,PORTLAND UA    ,14,U PR-ART,1,026,  ,MT. HOOD,1,0,MN,0,R,,002600100S00,45,29,50.730000000000000,-122,35,8.600000000000000,45.497424999999333,-122.585722222221333,,,,,01940  ,SE POWELL BLVD              ,,01988  ,SE POWELL S FRNTGE          ,,12,,9,4.69999981e+00,35,1,INTER   ,0,3,3-LEG  ,0,0,0,,0,,,04,B,ANGL-OTH  ,1,ANGL    ,4,INJ,1,CLR ,1,DRY ,1,DAY ,004,STOP SIGN ,1,5,NO RPT,,,,,,,02,NO-YIELD,,,,,,,0,0,0,0,0,9,"Over 200,000",2,PORTLAND HWY SYSTEM,US,26   ,US 26     ,1,02B,293_19723,,0,10/30/19 17:21:04,2,0,0,0,1,1,0,1,0,0,0,0,0,0,0,0,0,0,0,2,2,2,0,0,0,0,0,0,0,0,0,N
1787162,04365,05/24/18 00:00:00,05,24,2018,5,14,2P ,26,Multnomah,245,Portland SE,57,PORTLAND UA    ,17,U MJ-COL,0,,,,,,,,,,,45,29,34.570000000000000,-122,29,4.780000000000000,45.492936111110333,-122.484661111110333,,,,,05174  ,SE 174TH AVE                ,,01940  ,SE POWELL BLVD              ,,1,200,1,,,3,STRGHT  ,0,,,0,0,0,2,,0,NONE ,08,C,S-STRGHT  ,3,REAR    ,4,INJ,1,CLR ,1,DRY ,1,DAY ,099,UNKNOWN   ,1,0,NONE  ,,,,,,,29,F AVOID ,,,,,,,0,0,0,0,0,9,"Over 200,000",1,PORTLAND CITY STREET,,,,1,02B,58_183482,,0,10/30/19 17:21:04,2,0,0,0,2,2,0,0,0,0,0,0,0,0,0,0,0,0,0,2,2,2,0,0,0,0,0,0,0,0,0,N
1787164,07938,09/05/18 00:00:00,09,05,2018,4,17,5P ,26,Multnomah,245,Portland SE,57,PORTLAND UA    ,16,U MN-ART,0,,,,,,,,,,,45,29,31.390000000000000,-122,29,4.850000000000000,45.492052777777333,-122.484680555555333,,,,,05174  ,SE 174TH AVE                ,,01940  ,SE POWELL BLVD              ,,1,65,5,,,3,STRGHT  ,0,,,0,0,0,2,,0,NONE ,07,E,S-1STOP   ,3,REAR    ,4,INJ,1,CLR ,1,DRY ,1,DAY ,099,UNKNOWN   ,1,0,NONE  ,,,,,,,29,F AVOID ,,,,,,,0,0,0,0,0,9,"Over 200,000",1,PORTLAND CITY STREET,,,,1,02B,58_124866,,0,10/30/19 17:21:05,2,0,0,0,1,1,0,1,0,0,0,0,0,0,0,0,0,0,0,2,2,2,0,0,0,0,0,0,0,0,1,N
1787173,07943,09/05/18 00:00:00,09,05,2018,4,09,9A ,26,Multnomah,245,Portland SE,57,PORTLAND UA    ,14,U PR-ART,1,068,  ,CASCADE HWY NORTH,1,0,MN,0,R,,006800100S00,45,29,38.850000000000000,-122,34,43.470000000000000,45.494124999999333,-122.578741666666667,,,,,00827  ,SE FRANCIS ST               ,,05082  ,SE 82ND AVE                 ,,1,,9,4.98000002e+00,35,1,INTER   ,0,1,CROSS  ,0,0,0,,0,,,03,B,ANGL-OTH  ,6,TURN    ,4,INJ,1,CLR ,1,DRY ,1,DAY ,004,STOP SIGN ,1,0,NONE  ,,,,,,,02,NO-YIELD,,,,,,,0,0,0,0,0,9,"Over 200,000",2,PORTLAND HWY SYSTEM,OR,213  ,OR 213    ,1,02B,293_18734,,0,10/30/19 17:21:05,2,0,0,0,2,2,1,3,0,0,0,0,0,0,0,0,0,0,0,5,5,3,0,2,0,0,0,0,0,0,0,N
1787175,05181,06/18/18 00:00:00,06,18,2018,2,17,5P ,26,Multnomah,245,Portland SE,57,PORTLAND UA    ,17,U MJ-COL,0,,,,,,,,,,,45,30,42.820000000000000,-122,39,31.360000000000000,45.511894444444000,-122.658711111111000,,,,,05007  ,SE 7TH AVE                  ,,01028  ,SE HAWTHORNE BLVD           ,,1,102,5,,,3,STRGHT  ,0,,,1,0,0,2,,0,NONE ,08,E,S-1STOP   ,3,REAR    ,4,INJ,1,CLR ,1,DRY ,1,DAY ,099,UNKNOWN   ,1,0,NONE  ,,,,,,,29,F AVOID ,,,,,,,0,0,0,0,0,9,"Over 200,000",1,PORTLAND CITY STREET,,,,1,02B,58_117550,,0,10/30/19 17:21:04,2,0,0,0,1,1,0,2,0,0,0,0,0,0,0,0,0,0,0,3,3,2,0,1,0,0,0,0,0,0,0,N
1787176,87944,09/05/18 00:00:00,09,05,2018,4,13,1P ,03,Clackamas,245,Portland SE,57,PORTLAND UA    ,17,U MJ-COL,0,,,,,,,,,,,45,27,41.210000000000000,-122,36,5.410000000000000,45.461447222222000,-122.601502777777000,,,,,00106  ,SE FLAVEL DR                ,,00457  ,SE CLATSOP ST               ,,1,0,9,,,1,INTER   ,0,1,CROSS  ,0,0,0,,0,,,04,B,ANGL-OTH  ,1,ANGL    ,4,INJ,1,CLR ,1,DRY ,1,DAY ,004,STOP SIGN ,1,3,CITY  ,,,,,,,33,RECKLESS,03,PAS-STOP,,,,,0,0,0,0,1,9,"Over 200,000",1,PORTLAND CITY STREET,,,,1,02B,58_131064,,0,10/30/19 17:21:05,2,0,0,1,1,2,0,2,0,0,0,0,0,0,0,0,0,0,0,4,4,2,0,2,0,0,0,0,0,0,0,N
1787181,04369,05/24/18 00:00:00,05,24,2018,5,02,2A ,26,Multnomah,245,Portland SE,57,PORTLAND UA    ,14,U PR-ART,1,026,  ,MT. HOOD,1,0,MN,0,R,,002600100S00,45,29,32.320000000000000,-122,29,4.840000000000000,45.492311111110333,-122.484677777777333,,,,,01940  ,SE POWELL BLVD              ,,05174  ,SE 174TH AVE                ,,1,,9,9.86999989e+00,35,1,INTER   ,0,1,CROSS  ,0,0,0,,0,,,02,3,PED       ,0,PED     ,4,INJ,2,CLD ,1,DRY ,2,DLIT,001,TRF SIGNAL,1,3,CITY  ,,,,,,,04,DIS SIG ,18,IN RDWY ,19,NT VISBL,0,0,0,0,0,0,0,9,"Over 200,000",2,PORTLAND HWY SYSTEM,US,26   ,US 26     ,1,02B,293_16249,,0,10/30/19 17:21:04,1,0,0,0,1,1,0,1,1,0,0,1,0,0,0,0,0,0,0,1,2,1,0,0,0,0,0,0,0,0,0,N
1787184,07948,09/05/18 00:00:00,09,05,2018,4,14,2P ,26,Multnomah,245,Portland SE,57,PORTLAND UA    ,14,U PR-ART,1,068,  ,CASCADE HWY NORTH,1,0,MN,0,R,,006800100S00,45,30,38.970000000000000,-122,34,43.210000000000000,45.510825000000000,-122.578669444443667,,,,,01528  ,SE MARKET ST                ,,05082  ,SE 82ND AVE                 ,,1,,9,3.81999993e+00,35,1,INTER   ,0,3,3-LEG  ,0,0,1,,0,,,02,B,ANGL-OTH  ,6,TURN    ,4,INJ,1,CLR ,1,DRY ,1,DAY ,099,UNKNOWN   ,1,3,CITY  ,013,FORCED    ,,,,,02,NO-YIELD,,,,,,,0,0,0,0,1,9,"Over 200,000",2,PORTLAND HWY SYSTEM,OR,213  ,OR 213    ,1,02B,293_21420,,0,10/30/19 17:21:05,3,0,0,1,2,3,0,1,0,0,0,0,0,0,0,0,0,0,0,4,4,3,0,1,0,0,0,0,0,0,0,N
1787194,05192,06/19/18 00:00:00,06,19,2018,3,18,6P ,26,Multnomah,245,Portland SE,57,PORTLAND UA    ,14,U PR-ART,1,026,  ,MT. HOOD,1,0,MN,0,R,,002600100S00,45,29,50.660000000000000,-122,34,40.420000000000000,45.497405555555333,-122.577894444443667,,,,,01940  ,SE POWELL BLVD              ,,05082  ,SE 82ND AVE                 ,,1,,3,5.13000011e+00,35,2,ALLEY   ,0,,,0,0,0,5,,0,NONE ,05,B,ANGL-OTH  ,6,TURN    ,4,INJ,1,CLR ,1,DRY ,1,DAY ,022,L-GRN-SIG ,1,3,CITY  ,,,,,,,02,NO-YIELD,,,,,0,0,0,0,0,0,1,9,"Over 200,000",2,PORTLAND HWY SYSTEM,US,26   ,US 26     ,1,02B,293_21074,,0,10/30/19 17:21:04,2,0,0,0,1,1,0,1,0,0,0,0,0,0,0,0,0,0,0,2,2,1,0,1,0,0,0,0,0,0,0,N
1787200,07954,09/05/18 00:00:00,09,05,2018,4,13,1P ,26,Multnomah,245,Portland SE,57,PORTLAND UA    ,11,U INTRST,1,064,  ,EAST PORTLAND FREEWAY,2,0,MN,0,R,,006400200S00,45,29,37.080000000000000,-122,33,56.420000000000000,45.493633333333333,-122.565672222222000,,,,,00745  ,EAST PORTLAND FY            ,,09715  ,SB EF POWELL BVD C1         ,,1,,1,1.88600006e+01,55,3,STRGHT  ,0,,,0,0,0,6,,1,RSDMD,08,C,S-STRGHT  ,3,REAR    ,4,INJ,1,CLR ,1,DRY ,1,DAY ,099,UNKNOWN   ,1,5,NO RPT,013,FORCED    ,,,,,27,INATTENT,,,,,,,0,0,0,0,0,9,"Over 200,000",2,PORTLAND HWY SYSTEM,IS,205  ,I-205     ,1,02B,293_5864,,0,10/30/19 17:21:05,4,0,0,1,1,2,0,4,0,0,0,0,0,0,0,0,0,0,0,6,6,5,0,1,0,0,0,0,0,0,0,N
1787207,05193,06/19/18 00:00:00,06,19,2018,3,19,7P ,26,Multnomah,245,Portland SE,57,PORTLAND UA    ,16,U MN-ART,0,,,,,,,,,,,45,31,8.950000000000000,-122,30,5.860000000000000,45.519152777777667,-122.501627777777000,,,,,02259  ,SE STARK ST                 ,,05157  ,SE 157TH AVE                ,,1,0,9,,,1,INTER   ,0,1,CROSS  ,0,0,0,,0,,,04,B,ANGL-OTH  ,6,TURN    ,4,INJ,1,CLR ,1,DRY ,1,DAY ,004,STOP SIGN ,1,3,CITY  ,,,,,,,33,RECKLESS,02,NO-YIELD,,,0,0,0,1,0,0,0,9,"Over 200,000",1,PORTLAND CITY STREET,,,,1,02B,58_182967,,0,10/30/19 17:21:04,2,0,1,1,0,2,0,1,0,0,0,0,0,0,0,0,0,0,0,3,3,3,0,0,0,0,0,0,0,0,0,N
1787208,07967,09/05/18 00:00:00,09,05,2018,4,09,9A ,26,Multnomah,245,Portland SE,57,PORTLAND UA    ,14,U PR-ART,1,,,,,,,,,,,45,31,14.370000000000000,-122,37,22.920000000000000,45.520658333332667,-122.623033333332667,,,,,05039  ,SE 39TH AV/CESAR CHAVEZ     ,,01928  ,SE PINE ST                  ,,1,110,5,,,3,STRGHT  ,0,,,0,0,0,4,,0,NONE ,08,9,OTH OBJ   ,9,FIX     ,4,INJ,1,CLR ,1,DRY ,1,DAY ,099,UNKNOWN   ,1,0,NONE  ,063,VEG OHED  ,010,SUB OTRN  ,,,10,OTHR-IMP,,,,,,,0,0,0,0,0,9,"Over 200,000",1,PORTLAND CITY STREET,,,,1,02B,58_115138,,0,10/30/19 17:21:05,1,0,0,1,0,1,0,0,0,0,0,0,0,0,0,0,0,0,0,1,1,1,0,0,0,0,0,1,0,0,0,Y
1787210,07977,09/05/18 00:00:00,09,05,2018,4,16,4P ,26,Multnomah,245,Portland SE,57,PORTLAND UA    ,14,U PR-ART,1,026,  ,MT. HOOD,1,0,MN,0,R,,002600100S00,45,30,4.170000000000000,-122,39,15.170000000000000,45.501158333333000,-122.654213888888000,,,,,01567  ,SE MILWAUKIE AVE            ,,01940  ,SE POWELL BLVD              ,,1,,8,1.32000005e+00,35,1,INTER   ,0,1,CROSS  ,0,0,0,,1,,,06,3,PED       ,0,PED     ,4,INJ,1,CLR ,1,DRY ,1,DAY ,001,TRF SIGNAL,1,5,NO RPT,,,,,,,04,DIS SIG ,,,,,,,0,0,0,0,0,9,"Over 200,000",2,PORTLAND HWY SYSTEM,US,26   ,US 26     ,1,02B,293_12192,,0,10/30/19 17:21:05,1,0,0,0,1,1,0,1,1,0,0,1,0,0,0,0,0,0,0,1,2,0,0,1,0,0,0,0,0,0,0,N
1787219,07983,09/06/18 00:00:00,09,06,2018,5,08,8A ,26,Multnomah,245,Portland SE,57,PORTLAND UA    ,14,U PR-ART,1,026,  ,MT. HOOD,1,0,MN,0,R,,002600100S00,45,30,4.680000000000000,-122,39,49.630000000000000,45.501300000000000,-122.663786111111000,,,,,01940  ,SE POWELL BLVD              ,,01642  ,SB EF ROSS IS BR C1         ,,1,,7,8.60000014e-01,40,8,BRIDGE  ,0,,,0,0,0,4,,0,NONE ,06,E,S-1STOP   ,3,REAR    ,4,INJ,1,CLR ,1,DRY ,1,DAY ,099,UNKNOWN   ,1,5,NO RPT,013,FORCED    ,,,,,29,F AVOID ,,,,,,,0,0,0,0,0,9,"Over 200,000",2,PORTLAND HWY SYSTEM,US,26   ,US 26     ,1,02B,293_6794,,0,10/30/19 17:21:05,4,0,0,0,3,3,0,2,0,0,0,0,0,0,0,0,0,0,0,5,5,5,0,0,0,0,0,0,0,0,0,N
1787228,04375,05/24/18 00:00:00,05,24,2018,5,22,10P,26,Multnomah,245,Portland SE,57,PORTLAND UA    ,16,U MN-ART,0,,,,,,,,,,,45,31,5.960000000000000,-122,34,8.840000000000000,45.518322222221667,-122.569122222221667,,,,,02612  ,SE WASHINGTON ST            ,,05092  ,SE 92ND AVE                 ,,1,0,9,,25,1,INTER   ,0,1,CROSS  ,0,0,0,,0,,,02,H,O-1 L-TURN,6,TURN    ,4,INJ,1,CLR ,1,DRY ,2,DLIT,001,TRF SIGNAL,1,3,CITY  ,,,,,,,02,NO-YIELD,,,,,0,0,0,0,0,0,1,9,"Over 200,000",1,PORTLAND CITY STREET,,,,1,02B,58_184553,,0,10/30/19 17:21:04,2,0,0,0,1,1,0,1,0,0,0,0,0,0,0,0,0,0,0,2,2,1,0,1,0,0,0,0,0,0,0,N
1787232,04376,05/24/18 00:00:00,05,24,2018,5,20,8P ,26,Multnomah,245,Portland SE,57,PORTLAND UA    ,16,U MN-ART,0,,,,,,,,,,,45,28,26.680000000000000,-122,29,42.850000000000000,45.474077777777667,-122.495236111110333,,,,,00824  ,SE FOSTER RD                ,,01221  ,SE JENNE RD                 ,,1,180,7,,,2,ALLEY   ,0,,,0,0,0,2,,0,NONE ,08,H,O-1 L-TURN,6,TURN    ,4,INJ,1,CLR ,1,DRY ,5,DUSK,099,UNKNOWN   ,1,5,NO RPT,,,,,,,02,NO-YIELD,,,,,,,0,0,0,0,0,9,"Over 200,000",1,PORTLAND CITY STREET,,,,1,02C,58_500086,,0,10/30/19 17:21:04,2,0,0,0,3,3,0,0,0,0,0,0,0,0,0,0,0,0,0,3,3,3,0,0,0,0,0,0,0,0,2,N
1787243,05199,06/19/18 00:00:00,06,19,2018,3,11,11A,26,Multnomah,245,Portland SE,57,PORTLAND UA    ,14,U PR-ART,1,026,  ,MT. HOOD,1,0,MN,0,R,,002600100S00,45,29,50.670000000000000,-122,34,26.590000000000000,45.497408333333333,-122.574052777777667,,,,,01940  ,SE POWELL BLVD              ,,05086  ,SE 86TH AVE                 ,,1,,3,5.32000017e+00,35,1,INTER   ,0,3,3-LEG  ,0,0,0,,0,,,05,E,S-1STOP   ,3,REAR    ,4,INJ,1,CLR ,1,DRY ,1,DAY ,001,TRF SIGNAL,1,0,NONE  ,,,,,,,29,F AVOID ,,,,,,,0,0,0,0,0,9,"Over 200,000",2,PORTLAND HWY SYSTEM,US,26   ,US 26     ,1,02B,293_10833,,0,10/30/19 17:21:04,2,0,0,0,1,1,1,3,0,0,0,0,0,0,0,0,0,0,0,4,4,4,0,0,0,0,0,0,0,0,0,N
1787253,04380,05/24/18 00:00:00,05,24,2018,5,13,1P ,26,Multnomah,245,Portland SE,57,PORTLAND UA    ,14,U PR-ART,1,,,,,,,,,,,45,30,52.970000000000000,-122,39,38.740000000000000,45.514713888888000,-122.660761111111000,,,,,00929  ,SE GRAND AVE                ,,02309  ,SE TAYLOR ST                ,,1,120,5,,30,3,STRGHT  ,0,,,0,0,0,4,,0,NONE ,08,4,TRAIN     ,&,OTH     ,4,INJ,1,CLR ,1,DRY ,1,DAY ,015,ONE-WAY   ,1,3,CITY  ,016,LT RL ROW ,017,RR HIT V  ,054,ST LIGHT  ,22,DEF BRKE,11,MECH-DEF,29,F AVOID ,0,0,0,0,0,0,0,9,"Over 200,000",1,PORTLAND CITY STREET,,,,1,02B,58_116594,,0,10/30/19 17:21:04,3,0,0,2,1,3,0,2,0,0,0,0,0,0,0,0,1,0,0,4,5,3,0,1,0,0,0,0,0,0,0,N
1787254,07993,09/06/18 00:00:00,09,06,2018,5,13,1P ,26,Multnomah,245,Portland SE,57,PORTLAND UA    ,14,U PR-ART,1,026,  ,MT. HOOD,1,0,MN,0,R,,002600100S00,45,29,46.710000000000000,-122,33,40.560000000000000,45.496308333333333,-122.561266666666000,,,,,01940  ,SE POWELL BLVD              ,,05099  ,SE 99TH AVE                 ,,1,,3,6.05000019e+00,35,3,STRGHT  ,0,,,0,0,0,2,,0,NONE ,04,E,S-1STOP   ,3,REAR    ,4,INJ,1,CLR ,1,DRY ,1,DAY ,099,UNKNOWN   ,1,5,NO RPT,013,FORCED    ,,,,,29,F AVOID ,,,,,,,0,0,0,0,0,9,"Over 200,000",2,PORTLAND HWY SYSTEM,US,26   ,US 26     ,1,02B,293_2425,,0,10/30/19 17:21:05,3,0,0,0,2,2,0,2,0,0,0,0,0,0,0,0,0,0,0,4,4,2,0,2,0,0,0,0,0,0,0,N
1787258,07995,09/06/18 00:00:00,09,06,2018,5,16,4P ,26,Multnomah,245,Portland SE,57,PORTLAND UA    ,14,U PR-ART,1,026,  ,MT. HOOD,1,0,MN,0,R,,002600100S00,45,29,32.310000000000000,-122,29,4.820000000000000,45.492308333333333,-122.484672222221333,,,,,01940  ,SE POWELL BLVD              ,,05174  ,SE 174TH AVE                ,,1,,4,9.86999989e+00,35,1,INTER   ,0,1,CROSS  ,0,0,0,,0,,,06,E,S-1STOP   ,3,REAR    ,4,INJ,1,CLR ,1,DRY ,1,DAY ,001,TRF SIGNAL,1,3,CITY  ,,,,,,,32,CARELESS,07,TOO-CLOS,27,INATTENT,0,0,0,0,0,0,0,9,"Over 200,000",2,PORTLAND HWY SYSTEM,US,26   ,US 26     ,1,02B,293_16249,,0,10/30/19 17:21:05,2,0,0,0,1,1,1,2,0,0,0,0,0,0,0,0,0,0,0,3,3,3,0,0,0,0,0,0,0,0,1,N