CRASH_ID,SER_NO,CRASH_DT,CRASH_MO_NO,CRASH_DAY_NO,CRASH_YR_NO,CRASH_WK_DAY_CD,CRASH_HR_NO,CRASH_HR_SHORT_DESC,CNTY_ID,CNTY_NM,CITY_SECT_ID,CITY_SECT_NM,URB_AREA_CD,URB_AREA_SHORT_NM,FC_CD,FC_SHORT_DESC,NHS_FLG,HWY_NO,HWY_SFX_NO,HWY_MED_NM,RDWY_NO,HWY_COMPNT_CD,HWY_COMPNT_SHORT_DESC,MLGE_TYP_CD,MLGE_TYP_SHORT_DESC,RD_CON_NO,LRS_VAL,LAT_DEG_NO,LAT_MINUTE_NO,LAT_SEC_NO,LONGTD_DEG_NO,LONGTD_MINUTE_NO,LONGTD_SEC_NO,LAT_DD,LONGTD_DD,SPECL_JRSDCT_ID,SPECL_JRSDCT_SHORT_DESC,JRSDCT_GRP_CD,JRSDCT_GRP_LONG_DESC,AGY_ST_NO,ST_FULL_NM,RECRE_RD_NM,ISECT_AGY_ST_NO,ISECT_ST_FULL_NM,ISECT_RECRE_RD_NM,ISECT_SEQ_NO,FROM_ISECT_DSTNC_QTY,CMPSS_DIR_CD,MP_NO,POST_SPEED_LMT_VAL,RD_CHAR_CD,RD_CHAR_SHORT_DESC,OFF_RDWY_FLG,ISECT_TYP_CD,ISECT_TYP_SHORT_DESC,ISECT_REL_FLG,RNDABT_FLG,DRVWY_REL_FLG,LN_QTY,TURNG_LEG_QTY,MEDN_TYP_CD,MEDN_TYP_SHORT_DESC,IMPCT_LOC_CD,CRASH_TYP_CD,CRASH_TYP_SHORT_DESC,COLLIS_TYP_CD,COLLIS_TYP_SHORT_DESC,CRASH_SVRTY_CD,CRASH_SVRTY_SHORT_DESC,WTHR_COND_CD,WTHR_COND_SHORT_DESC,RD_SURF_COND_CD,RD_SURF_SHORT_DESC,LGT_COND_CD,LGT_COND_SHORT_DESC,TRAF_CNTL_DEVICE_CD,TRAF_CNTL_DEVICE_SHORT_DESC,TRAF_CNTL_FUNC_FLG,INVSTG_AGY_CD,INVSTG_AGY_SHORT_DESC,CRASH_EVNT_1_CD,CRASH_EVNT_1_SHORT_DESC,CRASH_EVNT_2_CD,CRASH_EVNT_2_SHORT_DESC,CRASH_EVNT_3_CD,CRASH_EVNT_3_SHORT_DESC,CRASH_CAUSE_1_CD,CRASH_CAUSE_1_SHORT_DESC,CRASH_CAUSE_2_CD,CRASH_CAUSE_2_SHORT_DESC,CRASH_CAUSE_3_CD,CRASH_CAUSE_3_SHORT_DESC,SCHL_ZONE_IND,WRK_ZONE_IND,ALCHL_INVLV_FLG,DRUG_INVLV_FLG,MJ_INVLV_FLG,CRASH_SPEED_INVLV_FLG,CRASH_HIT_RUN_FLG,POP_RNG_CD,POP_RNG_MED_DESC,RD_CNTL_CD,RD_CNTL_MED_DESC,RTE_TYP_CD,RTE_ID,RTE_NM,REG_ID,DIST_ID,SEG_MRK_ID,SEG_PT_LRS_MEAS,UNLOCT_FLG,CRASH_LAST_UD_DT,TOT_VHCL_CNT,TOT_FATAL_CNT,TOT_INJ_LVL_A_CNT,TOT_INJ_LVL_B_CNT,TOT_INJ_LVL_C_CNT,TOT_INJ_CNT,TOT_UNINJD_AGE00_04_CNT,TOT_UNINJD_PER_CNT,TOT_PED_CNT,TOT_PED_FATAL_CNT,TOT_PED_INJ_LVL_A_CNT,TOT_PED_INJ_CNT,TOT_PEDCYCL_CNT,TOT_PEDCYCL_FATAL_CNT,TOT_PEDCYCL_INJ_LVL_A_CNT,TOT_PEDCYCL_INJ_CNT,TOT_UNKNWN_CNT,TOT_UNKNWN_FATAL_CNT,TOT_UNKNWN_INJ_CNT,TOT_OCCUP_CNT,TOT_PER_INVLV_CNT,TOT_SFTY_EQUIP_USED_QTY,TOT_SFTY_EQUIP_UNUSED_QTY,TOT_SFTY_EQUIP_USE_UNKNWN_QTY,TOT_PSNGR_VHCL_OCC_UNRESTRND_FATAL_CNT,TOT_MCYCLST_FATAL_CNT,TOT_MCYCLST_INJ_LVL_A_CNT,TOT_MCYCLST_INJ_CNT,TOT_MCYCLST_UNHELMTD_FATAL_CNT,TOT_ALCHL_IMPAIRED_DRVR_INV_FATAL_CNT,TOT_DRVR_AGE_01_20_CNT,LANE_RDWY_DPRT_CRASH_FLG
1787573,04559,05/31/18 00:00:00,05,31,2018,5,16,4P ,26,Multnomah,245,Portland SE,57,PORTLAND UA    ,14,U PR-ART,1,068,  ,CASCADE HWY NORTH,1,0,MN,0,R,,006800100S00,45,30,27.520000000000000,-122,34,43.210000000000000,45.507644444444000,-122.578669444443667,,,,,05082  ,SE 82ND AVE                 ,,01021  ,SE HARRISON ST              ,,1,,5,4.03999996e+00,35,2,ALLEY   ,0,,,0,0,0,4,,0,NONE ,07,C,S-STRGHT  ,3,REAR    ,4,INJ,1,CLR ,1,DRY ,1,DAY ,099,UNKNOWN   ,1,0,NONE  ,013,FORCED    ,,,,,29,F AVOID ,,,,,,,0,0,0,0,0,9,"Over 200,000",2,PORTLAND HWY SYSTEM,OR,213  ,OR 213    ,1,02B,293_21523,,0,10/30/19 17:21:04,3,0,0,0,2,2,0,1,0,0,0,0,0,0,0,0,0,0,0,3,3,1,0,2,0,0,0,0,0,0,1,N
1787597,04564,05/31/18 00:00:00,05,31,2018,5,18,6P ,26,Multnomah,245,Portland SE,57,PORTLAND UA    ,19,U LOCAL ,0,,,,,,,,,,,45,30,29.340000000000000,-122,30,6.200000000000000,45.508150000000000,-122.501722222222000,,,,,05157  ,SE 157TH AVE                ,,01021  ,SE HARRISON ST              ,,1,225,5,,,2,ALLEY   ,0,,,0,0,0,2,,0,NONE ,08,D,S-1TURN   ,6,TURN    ,4,INJ,1,CLR ,1,DRY ,1,DAY ,099,UNKNOWN   ,1,3,CITY  ,,,,,,,01,TOO-FAST,29,F AVOID ,,,,,0,0,0,1,1,9,"Over 200,000",1,PORTLAND CITY STREET,,,,1,02B,58_119519,,0,10/30/19 17:21:04,2,0,0,1,0,1,1,3,0,0,0,0,0,0,0,0,0,0,0,4,4,2,0,2,0,0,0,0,0,0,0,N
1787638,04646,05/29/18 00:00:00,05,29,2018,3,15,3P ,26,Multnomah,245,Portland SE,57,PORTLAND UA    ,11,U INTRST,1,064,  ,EAST PORTLAND FREEWAY,1,6,CN,0,R,1,0064BS100S00,45,29,50.170000000000000,-122,33,52.840000000000000,45.497269444444333,-122.564677777777000,,,,,01940  ,SE POWELL BLVD              ,,09714  ,NB EX POWELL BVD C1         ,,1,,6,1.91100006e+01,,1,INTER   ,0,1,CROSS  ,0,0,0,,0,,,06,E,S-1STOP   ,3,REAR    ,4,INJ,1,CLR ,1,DRY ,1,DAY ,001,TRF SIGNAL,1,0,NONE  ,,,,,,,29,F AVOID ,,,,,,,0,0,0,0,0,9,"Over 200,000",2,PORTLAND HWY SYSTEM,IS,205  ,I-205     ,1,02B,293_25906,,0,10/30/19 17:21:04,2,0,0,0,4,4,2,1,0,0,0,0,0,0,0,0,0,0,0,5,5,5,0,0,0,0,0,0,0,0,1,N
1787653,04671,05/31/18 00:00:00,05,31,2018,5,16,4P ,26,Multnomah,245,Portland SE,57,PORTLAND UA    ,19,U LOCAL ,0,,,,,,,,,,,45,30,49.770000000000000,-122,30,33.560000000000000,45.513825000000000,-122.509322222222000,,,,,01515  ,SE MAIN ST                  ,,05150  ,SE 150TH AVE                ,,1,150,7,,25,3,STRGHT  ,1,,,0,0,0,2,,0,NONE ,08,8,FIX OBJ   ,9,FIX     ,4,INJ,1,CLR ,1,DRY ,1,DAY ,099,UNKNOWN   ,1,3,CITY  ,087,FIRE/EXP  ,121,FENCE     ,,,10,OTHR-IMP,,,,,,,1,0,0,0,0,9,"Over 200,000",1,PORTLAND CITY STREET,,,,1,02B,58_117677,,0,10/30/19 17:21:04,1,0,0,0,1,1,0,0,0,0,0,0,0,0,0,0,0,0,0,1,1,0,0,1,0,0,0,0,0,0,0,Y
1787674,04674,05/31/18 00:00:00,05,31,2018,5,23,11P,26,Multnomah,245,Portland SE,57,PORTLAND UA    ,11,U INTRST,1,064,  ,EAST PORTLAND FREEWAY,1,0,MN,0,R,,006400100S00,45,31,9.910000000000000,-122,33,54.800000000000000,45.519419444443667,-122.565222222222000,,,,,00745  ,EAST PORTLAND FY            ,,09726  ,NB EX STARK-GLSN C1         ,,1,,1,2.06499996e+01,55,3,STRGHT  ,0,,,0,0,0,6,,1,RSDMD,04,C,S-STRGHT  ,3,REAR    ,4,INJ,1,CLR ,1,DRY ,2,DLIT,017,MEDIAN BAR,1,3,CITY  ,,,,,,,07,TOO-CLOS,29,F AVOID ,33,RECKLESS,,,1,0,0,0,0,9,"Over 200,000",2,PORTLAND HWY SYSTEM,IS,205  ,I-205     ,1,02B,293_5711,,0,10/30/19 17:21:04,2,0,0,1,1,2,0,0,0,0,0,0,0,0,0,0,0,0,0,2,2,1,0,1,0,0,0,0,0,0,0,N
1787717,04848,05/28/18 00:00:00,05,28,2018,2,11,11A,26,Multnomah,245,Portland SE,57,PORTLAND UA    ,19,U LOCAL ,0,,,,,,,,,,,45,30,12.120000000000000,-122,37,34.460000000000000,45.503366666666000,-122.626238888888667,,,,,00464  ,SE CLINTON ST               ,,05036  ,SE 36TH AVE                 ,,1,0,9,,,1,INTER   ,1,1,CROSS  ,0,1,0,,0,,,03,8,FIX OBJ   ,9,FIX     ,4,INJ,1,CLR ,1,DRY ,1,DAY ,099,UNKNOWN   ,1,3,CITY  ,050,ISLAND    ,,,,,16,FATIGUE ,,,,,0,0,0,0,0,0,0,9,"Over 200,000",1,PORTLAND CITY STREET,,,,1,02B,58_120414,,0,10/30/19 17:21:04,1,0,0,1,0,1,0,0,0,0,0,0,0,0,0,0,0,0,0,1,1,1,0,0,0,0,0,0,0,0,0,N
1787728,05003,05/12/18 00:00:00,05,12,2018,7,09,9A ,26,Multnomah,245,Portland SE,57,PORTLAND UA    ,16,U MN-ART,0,064,  ,EAST PORTLAND FREEWAY,1,6,CN,0,R,7,0064BQ100S00,45,28,44.230000000000000,-122,34,0.490000000000000,45.478952777777667,-122.566802777777667,,,,,05094  ,SE 94TH AVE                 ,,00824  ,SE FOSTER RD                ,,1,,5,1.79300003e+01,,3,STRGHT  ,0,,,0,0,0,4,,0,NONE ,08,C,S-STRGHT  ,5,SS-O    ,4,INJ,1,CLR ,1,DRY ,1,DAY ,015,ONE-WAY   ,1,0,NONE  ,,,,,,,13,IMP LN C,,,,,,,0,0,0,0,0,9,"Over 200,000",2,PORTLAND HWY SYSTEM,IS,205  ,I-205     ,1,02B,293_6121,,0,10/30/19 17:21:04,2,0,0,0,1,1,0,1,0,0,0,0,0,0,0,0,0,0,0,2,2,0,0,2,0,0,0,1,0,0,0,N
1787739,05009,05/23/18 00:00:00,05,23,2018,4,07,7A ,26,Multnomah,245,Portland SE,57,PORTLAND UA    ,14,U PR-ART,1,068,  ,CASCADE HWY NORTH,1,0,MN,0,R,,006800100S00,45,30,34.220000000000000,-122,34,43.180000000000000,45.509505555555000,-122.578661111110667,,,,,05082  ,SE 82ND AVE                 ,,01562  ,SE MILL ST                  ,,1,,5,3.91000009e+00,35,3,STRGHT  ,1,,,0,0,0,4,,0,NONE ,07,8,FIX OBJ   ,9,FIX     ,4,INJ,1,CLR ,1,DRY ,1,DAY ,099,UNKNOWN   ,1,5,NO RPT,053,POLE UTL  ,121,FENCE     ,,,26,PHANTOM ,,,,,,,0,0,0,0,0,9,"Over 200,000",2,PORTLAND HWY SYSTEM,OR,213  ,OR 213    ,1,02B,293_21276,,0,10/30/19 17:21:04,1,0,0,0,1,1,0,0,0,0,0,0,0,0,0,0,0,0,0,1,1,1,0,0,0,0,0,0,0,0,0,Y
1787754,05098,05/11/18 00:00:00,05,11,2018,6,21,9P ,26,Multnomah,245,Portland SE,57,PORTLAND UA    ,11,U INTRST,1,002,  ,COLUMBIA RIVER,1,6,CN,0,R,2,0002AB100S00,45,31,24.010000000000000,-122,39,56.450000000000000,45.523336111110667,-122.665680555555000,,,,,09439  ,SB ENFR BANFIELD C2         ,,00302  ,PACIFIC HY I-5              ,,1,,8,6.60000026e-01,,3,STRGHT  ,0,,,0,0,0,2,,1,RSDMD,03,C,S-STRGHT  ,5,SS-O    ,4,INJ,1,CLR ,1,DRY ,2,DLIT,017,MEDIAN BAR,1,0,NONE  ,,,,,,,13,IMP LN C,,,,,,,0,0,0,0,0,9,"Over 200,000",2,PORTLAND HWY SYSTEM,IS,84   ,I-84      ,1,02B,293_24008,,0,10/30/19 17:21:04,2,0,0,0,1,1,0,1,0,0,0,0,0,0,0,0,0,0,0,2,2,0,0,2,0,0,0,0,0,0,0,N
1787772,05304,05/05/18 00:00:00,05,05,2018,7,17,5P ,26,Multnomah,245,Portland SE,57,PORTLAND UA    ,11,U INTRST,1,064,  ,EAST PORTLAND FREEWAY,2,0,MN,0,R,,006400200S00,45,29,53.310000000000000,-122,33,56.150000000000000,45.498141666666333,-122.565597222222000,,,,,00745  ,EAST PORTLAND FY            ,,09718  ,SB EF DIV-POWELL C9         ,,1,,5,1.91599998e+01,55,3,STRGHT  ,0,,,0,0,0,6,,2,DIVMD,05,C,S-STRGHT  ,5,SS-O    ,4,INJ,1,CLR ,1,DRY ,1,DAY ,017,MEDIAN BAR,1,0,NONE  ,,,,,,,13,IMP LN C,,,,,,,0,0,0,0,0,9,"Over 200,000",2,PORTLAND HWY SYSTEM,IS,205  ,I-205     ,1,02B,293_5864,,0,10/30/19 17:21:04,2,0,0,0,8,8,2,3,0,0,0,0,0,0,0,0,0,0,0,11,11,11,0,0,0,0,0,0,0,0,0,N
1787798,05548,05/17/18 00:00:00,05,17,2018,5,18,6P ,26,Multnomah,245,Portland SE,57,PORTLAND UA    ,14,U PR-ART,1,,,,,,,,,,,45,30,15.200000000000000,-122,30,38.150000000000000,45.504222222222000,-122.510597222222000,,,,,00614  ,SE DIVISION ST              ,,05148  ,SE 148TH AVE                ,,1,0,1,,,1,INTER   ,0,1,CROSS  ,0,0,0,,2,,,06,E,S-1STOP   ,3,REAR    ,4,INJ,1,CLR ,1,DRY ,1,DAY ,001,TRF SIGNAL,1,0,NONE  ,004,INDRCT PED,,,,,29,F AVOID ,,,,,,,0,0,0,0,0,9,"Over 200,000",1,PORTLAND CITY STREET,,,,1,02B,58_120362,,0,10/30/19 17:21:04,2,0,0,0,3,3,1,0,0,0,0,0,0,0,0,0,0,0,0,3,3,0,0,3,0,0,0,0,0,0,0,N
1787815,06014,05/11/18 00:00:00,05,11,2018,6,18,6P ,26,Multnomah,245,Portland SE,57,PORTLAND UA    ,11,U INTRST,1,064,  ,EAST PORTLAND FREEWAY,2,0,MN,0,R,,006400200S00,45,29,1.350000000000000,-122,33,58.230000000000000,45.483708333333333,-122.566175000000000,,,,,00745  ,EAST PORTLAND FY            ,,09712  ,SB EX FOSTER RD C6          ,,1,,1,1.81800003e+01,55,3,STRGHT  ,0,,,0,0,0,6,,1,RSDMD,08,E,S-1STOP   ,3,REAR    ,4,INJ,1,CLR ,1,DRY ,1,DAY ,017,MEDIAN BAR,1,0,NONE  ,013,FORCED    ,,,,,29,F AVOID ,,,,,,,0,0,0,0,0,9,"Over 200,000",2,PORTLAND HWY SYSTEM,IS,205  ,I-205     ,1,02B,293_5863,,0,10/30/19 17:21:04,3,0,0,0,2,2,0,1,0,0,0,0,0,0,0,0,0,0,0,3,3,1,0,2,0,0,0,0,0,0,1,N
1787823,05216,06/19/18 00:00:00,06,19,2018,3,13,1P ,26,Multnomah,245,Portland SE,57,PORTLAND UA    ,17,U MJ-COL,0,,,,,,,,,,,45,29,25.090000000000000,-122,38,15.380000000000000,45.490302777777333,-122.637605555555333,,,,,01055  ,SE HOLGATE BLVD             ,,05028  ,SE 28TH AVE                 ,,1,0,9,,,1,INTER   ,0,1,CROSS  ,0,0,0,,0,,,01,6,BIKE      ,6,TURN    ,4,INJ,1,CLR ,1,DRY ,1,DAY ,001,TRF SIGNAL,1,3,CITY  ,110,N-MTR     ,,,,,02,NO-YIELD,,,,,,,0,0,0,0,0,9,"Over 200,000",1,PORTLAND CITY STREET,,,,1,02B,58_124021,,0,10/30/19 17:21:04,1,0,0,0,1,1,0,1,0,0,0,0,1,0,0,1,0,0,0,1,2,1,0,1,0,0,0,0,0,0,0,N
1787861,05232,06/21/18 00:00:00,06,21,2018,5,10,10A,26,Multnomah,245,Portland SE,57,PORTLAND UA    ,16,U MN-ART,0,,,,,,,,,,,45,29,11.390000000000000,-122,35,21.060000000000000,45.486497222221333,-122.589183333333333,,,,,00824  ,SE FOSTER RD                ,,05072  ,SE 72ND AVE                 ,,1,0,9,,,1,INTER   ,0,6,6-LEG  ,0,0,0,,0,,,02,B,ANGL-OTH  ,1,ANGL    ,4,INJ,1,CLR ,1,DRY ,1,DAY ,001,TRF SIGNAL,1,0,NONE  ,,,,,,,04,DIS SIG ,,,,,,,0,0,0,0,0,9,"Over 200,000",1,PORTLAND CITY STREET,,,,1,02B,58_125484,,0,10/30/19 17:21:04,2,0,0,0,2,2,1,1,0,0,0,0,0,0,0,0,0,0,0,3,3,3,0,0,0,0,0,0,0,0,0,N
1787864,03767,05/05/18 00:00:00,05,05,2018,7,22,10P,26,Multnomah,245,Portland SE,57,PORTLAND UA    ,17,U MJ-COL,0,,,,,,,,,,,45,29,20.280000000000000,-122,32,56.530000000000000,45.488966666666333,-122.549036111110333,,,,,01905  ,SE PARDEE ST                ,,05111  ,SE 111TH AVE                ,,1,0,9,,,1,INTER   ,0,3,3-LEG  ,0,0,0,,0,,,02,B,ANGL-OTH  ,6,TURN    ,4,INJ,1,CLR ,1,DRY ,3,DARK,099,UNKNOWN   ,1,5,NO RPT,,,,,,,06,IMP-OVER,,,,,,,0,0,0,0,0,9,"Over 200,000",1,PORTLAND CITY STREET,,,,1,02C,58_124962,,0,10/30/19 17:21:04,2,0,0,0,4,4,1,0,0,0,0,0,0,0,0,0,0,0,0,4,4,3,0,1,0,0,0,1,0,0,0,N
1787880,03969,05/11/18 00:00:00,05,11,2018,6,17,5P ,26,Multnomah,245,Portland SE,57,PORTLAND UA    ,19,U LOCAL ,0,,,,,,,,,,,45,27,50.940000000000000,-122,35,54.960000000000000,45.464150000000000,-122.598599999999333,,,,,02312  ,SE TENINO ST                ,,05063  ,SE 63RD AVE                 ,,1,0,9,,,1,INTER   ,0,1,CROSS  ,0,0,0,,0,,,01,B,ANGL-OTH  ,1,ANGL    ,4,INJ,1,CLR ,1,DRY ,1,DAY ,004,STOP SIGN ,1,5,NO RPT,,,,,,,02,NO-YIELD,03,PAS-STOP,,,,,0,0,0,0,0,9,"Over 200,000",1,PORTLAND CITY STREET,,,,1,02B,58_130579,,0,10/30/19 17:21:04,2,0,0,0,2,2,0,1,0,0,0,0,0,0,0,0,0,0,0,3,3,3,0,0,0,0,0,0,0,0,1,N
1787885,05237,06/21/18 00:00:00,06,21,2018,5,21,9P ,26,Multnomah,245,Portland SE,57,PORTLAND UA    ,14,U PR-ART,1,081,  ,PACIFIC HIGHWAY EAST,2,0,MN,0,R,,008100200S00,45,29,25.550000000000000,-122,39,15.260000000000000,45.490430555555333,-122.654238888888000,,,,,01055  ,SE HOLGATE BLVD             ,,01506  ,SE MCLOUGHLIN BLVD          ,,1,,8,2.31999993e+00,45,2,ALLEY   ,0,,,0,0,0,6,,1,RSDMD,08,D,S-1TURN   ,6,TURN    ,4,INJ,1,CLR ,1,DRY ,2,DLIT,099,UNKNOWN   ,1,0,NONE  ,,,,,,,08,IMP-TURN,,,,,,,0,0,0,0,0,9,"Over 200,000",2,PORTLAND HWY SYSTEM,OR,99E  ,OR 99E    ,1,02B,293_15281,,0,10/30/19 17:21:04,2,0,0,0,1,1,0,1,0,0,0,0,0,0,0,0,0,0,0,2,2,1,0,1,0,0,0,0,0,0,0,N
1787891,05239,06/21/18 00:00:00,06,21,2018,5,18,6P ,26,Multnomah,245,Portland SE,57,PORTLAND UA    ,16,U MN-ART,0,,,,,,,,,,,45,31,5.960000000000000,-122,34,8.840000000000000,45.518322222221667,-122.569122222221667,,,,,02612  ,SE WASHINGTON ST            ,,05092  ,SE 92ND AVE                 ,,1,0,9,,,1,INTER   ,0,1,CROSS  ,0,0,0,,0,,,02,B,ANGL-OTH  ,1,ANGL    ,4,INJ,1,CLR ,1,DRY ,1,DAY ,001,TRF SIGNAL,1,0,NONE  ,,,,,,,04,DIS SIG ,,,,,,,0,0,0,0,0,9,"Over 200,000",1,PORTLAND CITY STREET,,,,1,02B,58_184553,,0,10/30/19 17:21:04,2,0,0,0,1,1,0,1,0,0,0,0,0,0,0,0,0,0,0,2,2,1,0,1,0,0,0,0,0,0,0,N
1787901,05245,06/21/18 00:00:00,06,21,2018,5,17,5P ,26,Multnomah,245,Portland SE,57,PORTLAND UA    ,16,U MN-ART,0,,,,,,,,,,,45,31,8.640000000000000,-122,31,48.090000000000000,45.519066666666667,-122.530024999999667,,,,,02259  ,SE STARK ST                 ,,05130  ,SE 130TH AVE                ,,1,0,9,,,1,INTER   ,0,3,3-LEG  ,0,0,0,,0,,,02,H,O-1 L-TURN,6,TURN    ,4,INJ,1,CLR ,1,DRY ,1,DAY ,004,STOP SIGN ,1,3,CITY  ,,,,,,,02,NO-YIELD,,,,,0,0,0,0,0,0,1,9,"Over 200,000",1,PORTLAND CITY STREET,,,,1,02B,58_185684,,0,10/30/19 17:21:04,2,0,0,0,1,1,0,2,0,0,0,0,0,0,0,0,0,0,0,3,3,2,0,1,0,0,0,0,0,0,0,N
1787904,03976,05/11/18 00:00:00,05,11,2018,6,07,7A ,26,Multnomah,245,Portland SE,57,PORTLAND UA    ,19,U LOCAL ,0,,,,,,,,,,,45,30,57.710000000000000,-122,29,24.900000000000000,45.516030555555000,-122.490249999999333,,,,,05168  ,SE 168TH AVE                ,,01592  ,SE MORRISON CT              ,,1,100,7,,,5,CURVE   ,1,,,0,0,0,2,,0,NONE ,08,8,FIX OBJ   ,9,FIX     ,4,INJ,2,CLD ,1,DRY ,1,DAY ,099,UNKNOWN   ,1,3,CITY  ,054,ST LIGHT  ,,,,,17,ILLNESS ,,,,,0,0,0,0,0,0,0,9,"Over 200,000",1,PORTLAND CITY STREET,,,,1,02B,58_117133,,0,10/30/19 17:21:04,1,0,0,1,0,1,0,0,0,0,0,0,0,0,0,0,0,0,0,1,1,1,0,0,0,0,0,0,0,0,0,Y
1787949,05276,06/20/18 00:00:00,06,20,2018,4,16,4P ,26,Multnomah,245,Portland SE,57,PORTLAND UA    ,11,U INTRST,1,002,  ,COLUMBIA RIVER,1,6,CN,0,R,2,0002AB100S00,45,31,23.060000000000000,-122,39,56.490000000000000,45.523072222221667,-122.665691666666000,,,,,09439  ,SB ENFR BANFIELD C2         ,,09504  ,WB EX MRSN BR RP C3         ,,1,,1,6.80000007e-01,,8,BRIDGE  ,0,,,0,0,0,2,,0,NONE ,04,E,S-1STOP   ,3,REAR    ,4,INJ,1,CLR ,1,DRY ,1,DAY ,015,ONE-WAY   ,1,0,NONE  ,,,,,,,01,TOO-FAST,,,,,,,0,0,0,1,0,9,"Over 200,000",2,PORTLAND HWY SYSTEM,IS,84   ,I-84      ,1,02B,293_24008,,0,10/30/19 17:21:04,3,0,0,0,1,1,0,2,0,0,0,0,0,0,0,0,0,0,0,3,3,2,0,1,0,0,0,0,0,0,0,N
1787952,05663,07/02/18 00:00:00,07,02,2018,2,17,5P ,26,Multnomah,245,Portland SE,57,PORTLAND UA    ,17,U MJ-COL,0,,,,,,,,,,,45,30,19.390000000000000,-122,35,19.900000000000000,45.505386111111000,-122.588861111110333,,,,,00614  ,SE DIVISION ST              ,,05072  ,SE 72ND AVE                 ,,1,0,9,,30,1,INTER   ,0,3,3-LEG  ,0,0,0,,0,,,02,6,BIKE      ,6,TURN    ,4,INJ,1,CLR ,1,DRY ,1,DAY ,099,UNKNOWN   ,1,3,CITY  ,001,FEL/JUMP  ,,,,,02,NO-YIELD,,,,,,,0,0,0,0,0,9,"Over 200,000",1,PORTLAND CITY STREET,,,,1,02B,58_119610,,0,10/30/19 17:21:04,1,0,0,1,0,1,0,2,0,0,0,0,1,0,0,1,0,0,0,2,3,2,0,1,0,0,0,0,0,0,0,N
1787993,05283,06/20/18 00:00:00,06,20,2018,4,09,9A ,26,Multnomah,245,Portland SE,57,PORTLAND UA    ,11,U INTRST,1,064,  ,EAST PORTLAND FREEWAY,1,6,CN,0,R,6,0064BP100S00,45,28,47.200000000000000,-122,33,59.980000000000000,45.479777777777667,-122.566661111111000,,,,,09712  ,SB EX FOSTER RD C6          ,,00824  ,SE FOSTER RD                ,,1,,8,1.83299999e+01,55,3,STRGHT  ,0,,,0,0,0,2,,0,NONE ,04,E,S-1STOP   ,3,REAR    ,4,INJ,1,CLR ,1,DRY ,1,DAY ,015,ONE-WAY   ,1,5,NO RPT,,,,,,,27,INATTENT,,,,,,,0,0,0,0,0,9,"Over 200,000",2,PORTLAND HWY SYSTEM,IS,205  ,I-205     ,1,02B,293_6120,,0,10/30/19 17:21:04,2,0,0,0,1,1,1,2,0,0,0,0,0,0,0,0,0,0,0,3,3,3,0,0,0,0,0,0,0,0,0,N
1787995,05284,06/20/18 00:00:00,06,20,2018,4,11,11A,26,Multnomah,245,Portland SE,57,PORTLAND UA    ,17,U MJ-COL,0,,,,,,,,,,,45,30,17.340000000000000,-122,38,36.900000000000000,45.504816666666000,-122.643583333333333,,,,,00614  ,SE DIVISION ST              ,,05022  ,SE 22ND AVE                 ,,1,0,7,,,1,INTER   ,0,1,CROSS  ,0,0,0,,0,,,06,3,PED       ,0,PED     ,4,INJ,1,CLR ,1,DRY ,1,DAY ,004,STOP SIGN ,1,3,CITY  ,082,VEH HID   ,,,,,02,NO-YIELD,40,VIEW OBS,,,0,0,0,0,0,0,0,9,"Over 200,000",1,PORTLAND CITY STREET,,,,1,02B,58_119448,,0,10/30/19 17:21:04,1,0,0,0,1,1,0,1,1,0,0,1,0,0,0,0,0,0,0,1,2,1,0,0,0,0,0,0,0,0,0,N
1788019,05285,06/20/18 00:00:00,06,20,2018,4,10,10A,26,Multnomah,245,Portland SE,57,PORTLAND UA    ,14,U PR-ART,1,026,  ,MT. HOOD,1,0,MN,0,R,,002600100S00,45,29,50.750000000000000,-122,31,42.490000000000000,45.497430555555333,-122.528469444443667,,,,,01940  ,SE POWELL BLVD              ,,05131  ,SE 131ST AVE                ,,1,,7,7.65999985e+00,35,1,INTER   ,0,3,3-LEG  ,0,0,0,,0,,,06,E,S-1STOP   ,3,REAR    ,4,INJ,1,CLR ,1,DRY ,1,DAY ,004,STOP SIGN ,1,0,NONE  ,,,,,,,29,F AVOID ,,,,,,,0,0,0,0,0,9,"Over 200,000",2,PORTLAND HWY SYSTEM,US,26   ,US 26     ,1,02B,293_18794,,0,10/30/19 17:21:04,2,0,0,1,1,2,0,0,0,0,0,0,0,0,0,0,0,0,0,2,2,2,0,0,0,0,0,0,0,0,0,N