CRASH_ID,SER_NO,CRASH_DT,CRASH_MO_NO,CRASH_DAY_NO,CRASH_YR_NO,CRASH_WK_DAY_CD,CRASH_HR_NO,CRASH_HR_SHORT_DESC,CNTY_ID,CNTY_NM,CITY_SECT_ID,CITY_SECT_NM,URB_AREA_CD,URB_AREA_SHORT_NM,FC_CD,FC_SHORT_DESC,NHS_FLG,HWY_NO,HWY_SFX_NO,HWY_MED_NM,RDWY_NO,HWY_COMPNT_CD,HWY_COMPNT_SHORT_DESC,MLGE_TYP_CD,MLGE_TYP_SHORT_DESC,RD_CON_NO,LRS_VAL,LAT_DEG_NO,LAT_MINUTE_NO,LAT_SEC_NO,LONGTD_DEG_NO,LONGTD_MINUTE_NO,LONGTD_SEC_NO,LAT_DD,LONGTD_DD,SPECL_JRSDCT_ID,SPECL_JRSDCT_SHORT_DESC,JRSDCT_GRP_CD,JRSDCT_GRP_LONG_DESC,AGY_ST_NO,ST_FULL_NM,RECRE_RD_NM,ISECT_AGY_ST_NO,ISECT_ST_FULL_NM,ISECT_RECRE_RD_NM,ISECT_SEQ_NO,FROM_ISECT_DSTNC_QTY,CMPSS_DIR_CD,MP_NO,POST_SPEED_LMT_VAL,RD_CHAR_CD,RD_CHAR_SHORT_DESC,OFF_RDWY_FLG,ISECT_TYP_CD,ISECT_TYP_SHORT_DESC,ISECT_REL_FLG,RNDABT_FLG,DRVWY_REL_FLG,LN_QTY,TURNG_LEG_QTY,MEDN_TYP_CD,MEDN_TYP_SHORT_DESC,IMPCT_LOC_CD,CRASH_TYP_CD,CRASH_TYP_SHORT_DESC,COLLIS_TYP_CD,COLLIS_TYP_SHORT_DESC,CRASH_SVRTY_CD,CRASH_SVRTY_SHORT_DESC,WTHR_COND_CD,WTHR_COND_SHORT_DESC,RD_SURF_COND_CD,RD_SURF_SHORT_DESC,LGT_COND_CD,LGT_COND_SHORT_DESC,TRAF_CNTL_DEVICE_CD,TRAF_CNTL_DEVICE_SHORT_DESC,TRAF_CNTL_FUNC_FLG,INVSTG_AGY_CD,INVSTG_AGY_SHORT_DESC,CRASH_EVNT_1_CD,CRASH_EVNT_1_SHORT_DESC,CRASH_EVNT_2_CD,CRASH_EVNT_2_SHORT_DESC,CRASH_EVNT_3_CD,CRASH_EVNT_3_SHORT_DESC,CRASH_CAUSE_1_CD,CRASH_CAUSE_1_SHORT_DESC,CRASH_CAUSE_2_CD,CRASH_CAUSE_2_SHORT_DESC,CRASH_CAUSE_3_CD,CRASH_CAUSE_3_SHORT_DESC,SCHL_ZONE_IND,WRK_ZONE_IND,ALCHL_INVLV_FLG,DRUG_INVLV_FLG,MJ_INVLV_FLG,CRASH_SPEED_INVLV_FLG,CRASH_HIT_RUN_FLG,POP_RNG_CD,POP_RNG_MED_DESC,RD_CNTL_CD,RD_CNTL_MED_DESC,RTE_TYP_CD,RTE_ID,RTE_NM,REG_ID,DIST_ID,SEG_MRK_ID,SEG_PT_LRS_MEAS,UNLOCT_FLG,CRASH_LAST_UD_DT,TOT_VHCL_CNT,TOT_FATAL_CNT,TOT_INJ_LVL_A_CNT,TOT_INJ_LVL_B_CNT,TOT_INJ_LVL_C_CNT,TOT_INJ_CNT,TOT_UNINJD_AGE00_04_CNT,TOT_UNINJD_PER_CNT,TOT_PED_CNT,TOT_PED_FATAL_CNT,TOT_PED_INJ_LVL_A_CNT,TOT_PED_INJ_CNT,TOT_PEDCYCL_CNT,TOT_PEDCYCL_FATAL_CNT,TOT_PEDCYCL_INJ_LVL_A_CNT,TOT_PEDCYCL_INJ_CNT,TOT_UNKNWN_CNT,TOT_UNKNWN_FATAL_CNT,TOT_UNKNWN_INJ_CNT,TOT_OCCUP_CNT,TOT_PER_INVLV_CNT,TOT_SFTY_EQUIP_USED_QTY,TOT_SFTY_EQUIP_UNUSED_QTY,TOT_SFTY_EQUIP_USE_UNKNWN_QTY,TOT_PSNGR_VHCL_OCC_UNRESTRND_FATAL_CNT,TOT_MCYCLST_FATAL_CNT,TOT_MCYCLST_INJ_LVL_A_CNT,TOT_MCYCLST_INJ_CNT,TOT_MCYCLST_UNHELMTD_FATAL_CNT,TOT_ALCHL_IMPAIRED_DRVR_INV_FATAL_CNT,TOT_DRVR_AGE_01_20_CNT,LANE_RDWY_DPRT_CRASH_FLG
1788487,05469,06/26/18 00:00:00,06,26,2018,3,22,10P,26,Multnomah,245,Portland SE,57,PORTLAND UA    ,14,U PR-ART,1,,,,,,,,,,,45,30,16.480000000000000,-122,29,37.240000000000000,45.504577777777000,-122.493677777777333,,,,,00614  ,SE DIVISION ST              ,,05165  ,SE 165TH AVE                ,,1,0,7,,,1,INTER   ,0,3,3-LEG  ,0,0,0,,0,,,05,3,PED       ,0,PED     ,4,INJ,1,CLR ,1,DRY ,2,DLIT,004,STOP SIGN ,1,3,CITY  ,,,,,,,02,NO-YIELD,18,IN RDWY ,,,0,0,0,0,0,0,0,9,"Over 200,000",1,PORTLAND CITY STREET,,,,1,02B,58_197518,,0,10/30/19 17:21:04,1,0,0,1,0,1,0,1,1,0,0,1,0,0,0,0,0,0,0,1,2,1,0,0,0,0,0,0,0,0,0,N
1788490,05475,06/21/18 00:00:00,06,21,2018,5,18,6P ,26,Multnomah,245,Portland SE,57,PORTLAND UA    ,19,U LOCAL ,0,,,,,,,,,,,45,30,40.640000000000000,-122,36,58.130000000000000,45.511288888888000,-122.616147222222000,,,,,00458  ,SE CLAY ST                  ,,05045  ,SE 45TH AVE                 ,,1,0,9,,,1,INTER   ,0,1,CROSS  ,0,0,0,,0,,,03,B,ANGL-OTH  ,1,ANGL    ,4,INJ,1,CLR ,1,DRY ,1,DAY ,004,STOP SIGN ,1,3,CITY  ,,,,,,,03,PAS-STOP,,,,,,,0,0,0,0,1,9,"Over 200,000",1,PORTLAND CITY STREET,,,,1,02B,58_117857,,0,10/30/19 17:21:04,2,0,0,0,2,2,0,1,0,0,0,0,0,0,0,0,0,0,0,3,3,0,0,3,0,0,0,0,0,0,0,N
1788537,05479,06/23/18 00:00:00,06,23,2018,7,08,8A ,26,Multnomah,245,Portland SE,57,PORTLAND UA    ,17,U MJ-COL,0,,,,,,,,,,,45,30,25.420000000000000,-122,34,8.100000000000000,45.507061111111000,-122.568916666666667,,,,,05092  ,SE 92ND AVE                 ,,01426  ,SE LINCOLN ST               ,,1,178,5,,,3,STRGHT  ,0,,,0,0,0,2,,0,NONE ,08,2,PRKD MV   ,5,SS-O    ,4,INJ,2,CLD ,2,WET ,1,DAY ,099,UNKNOWN   ,1,3,CITY  ,,,,,,,32,CARELESS,16,FATIGUE ,,,0,0,0,0,0,0,0,9,"Over 200,000",1,PORTLAND CITY STREET,,,,1,02B,58_192898,,0,10/30/19 17:21:04,2,0,0,0,1,1,0,0,0,0,0,0,0,0,0,0,0,0,0,1,1,1,0,0,0,0,0,0,0,0,0,N
1788545,05486,06/27/18 00:00:00,06,27,2018,4,07,7A ,26,Multnomah,245,Portland SE,57,PORTLAND UA    ,14,U PR-ART,1,,,,,,,,,,,45,30,54.320000000000000,-122,39,38.730000000000000,45.515088888888000,-122.660758333333000,,,,,00929  ,SE GRAND AVE                ,,02309  ,SE TAYLOR ST                ,,1,0,9,,,1,INTER   ,0,1,CROSS  ,0,0,0,,0,,,02,B,ANGL-OTH  ,6,TURN    ,4,INJ,1,CLR ,1,DRY ,1,DAY ,001,TRF SIGNAL,1,0,NONE  ,,,,,,,02,NO-YIELD,,,,,,,0,0,0,0,0,9,"Over 200,000",1,PORTLAND CITY STREET,,,,1,02B,58_116594,,0,10/30/19 17:21:04,2,0,0,0,1,1,0,1,0,0,0,0,0,0,0,0,0,0,0,2,2,0,0,2,0,0,0,0,0,0,0,N
1788566,05938,07/11/18 00:00:00,07,11,2018,4,20,8P ,26,Multnomah,245,Portland SE,57,PORTLAND UA    ,14,U PR-ART,1,026,  ,MT. HOOD,1,0,MN,0,R,,002600100S00,45,29,57.680000000000000,-122,38,40.710000000000000,45.499355555555333,-122.644641666666333,,,,,01940  ,SE POWELL BLVD              ,,05021  ,SE 21ST AVE                 ,,1,,9,1.80999994e+00,35,1,INTER   ,0,1,CROSS  ,0,0,0,,0,,,04,B,ANGL-OTH  ,1,ANGL    ,4,INJ,1,CLR ,1,DRY ,1,DAY ,001,TRF SIGNAL,1,5,NO RPT,,,,,,,02,NO-YIELD,04,DIS SIG ,,,,,0,0,0,0,0,9,"Over 200,000",2,PORTLAND HWY SYSTEM,US,26   ,US 26     ,1,02B,293_13690,,0,10/30/19 17:21:05,2,0,0,1,2,3,0,0,0,0,0,0,0,0,0,0,0,0,0,3,3,3,0,0,0,0,0,0,0,0,0,N
1788574,05491,06/27/18 00:00:00,06,27,2018,4,14,2P ,26,Multnomah,245,Portland SE,57,PORTLAND UA    ,19,U LOCAL ,0,,,,,,,,,,,45,28,50.240000000000000,-122,34,40.590000000000000,45.480622222221667,-122.577941666666667,,,,,02107  ,SE RAMONA ST                ,,05083  ,SE 83RD AVE                 ,,1,0,9,,,1,INTER   ,0,1,CROSS  ,0,0,0,,0,,,04,B,ANGL-OTH  ,1,ANGL    ,4,INJ,1,CLR ,1,DRY ,1,DAY ,004,STOP SIGN ,1,5,NO RPT,,,,,,,02,NO-YIELD,,,,,,,0,0,0,0,0,9,"Over 200,000",1,PORTLAND CITY STREET,,,,1,02B,58_500129,,0,10/30/19 17:21:04,2,0,0,1,0,1,0,1,0,0,0,0,0,0,0,0,0,0,0,2,2,1,0,1,0,0,0,0,0,0,0,N
1788576,05952,07/11/18 00:00:00,07,11,2018,4,11,11A,26,Multnomah,245,Portland SE,57,PORTLAND UA    ,14,U PR-ART,1,068,  ,CASCADE HWY NORTH,1,0,MN,0,R,,006800100S00,45,30,5.120000000000000,-122,34,43.250000000000000,45.501422222222000,-122.578680555554667,,,,,02659  ,SE WOODWARD ST              ,,05082  ,SE 82ND AVE                 ,,1,,9,4.46999979e+00,35,1,INTER   ,0,1,CROSS  ,0,0,0,,0,,,04,D,S-1TURN   ,6,TURN    ,4,INJ,1,CLR ,1,DRY ,1,DAY ,001,TRF SIGNAL,1,0,NONE  ,,,,,,,02,NO-YIELD,08,IMP-TURN,,,,,0,0,0,0,0,9,"Over 200,000",2,PORTLAND HWY SYSTEM,OR,213  ,OR 213    ,1,02B,293_21277,,0,10/30/19 17:21:05,2,0,0,0,1,1,0,3,0,0,0,0,0,0,0,0,0,0,0,4,4,2,2,0,0,0,0,0,0,0,1,N
1788580,05493,06/27/18 00:00:00,06,27,2018,4,19,7P ,26,Multnomah,245,Portland SE,57,PORTLAND UA    ,16,U MN-ART,0,,,,,,,,,,,45,31,9.680000000000000,-122,39,27.870000000000000,45.519355555554667,-122.657741666666000,,,,,02259  ,SE STARK ST                 ,,05008  ,SE 8TH AVE                  ,,1,0,9,,,1,INTER   ,0,6,6-LEG  ,0,0,0,,0,,,02,H,O-1 L-TURN,6,TURN    ,4,INJ,1,CLR ,1,DRY ,1,DAY ,099,UNKNOWN   ,1,5,NO RPT,,,,,,,02,NO-YIELD,,,,,,,0,0,0,0,0,9,"Over 200,000",1,PORTLAND CITY STREET,,,,1,02B,58_115160,,0,10/30/19 17:21:04,2,0,0,1,0,1,0,1,0,0,0,0,0,0,0,0,0,0,0,2,2,2,0,0,0,0,0,0,0,0,1,N
1788593,05957,07/11/18 00:00:00,07,11,2018,4,18,6P ,26,Multnomah,245,Portland SE,57,PORTLAND UA    ,14,U PR-ART,1,068,  ,CASCADE HWY NORTH,1,0,MN,0,R,,006800100S00,45,29,53.210000000000000,-122,34,43.350000000000000,45.498113888888333,-122.578708333332667,,,,,05082  ,SE 82ND AVE                 ,,01940  ,SE POWELL BLVD              ,,1,,1,4.69999981e+00,35,3,STRGHT  ,1,,,0,0,0,4,,0,NONE ,08,8,FIX OBJ   ,9,FIX     ,4,INJ,1,CLR ,1,DRY ,1,DAY ,099,UNKNOWN   ,1,3,CITY  ,040,CURB      ,062,TREE      ,,,16,FATIGUE ,33,RECKLESS,,,0,0,1,0,0,0,0,9,"Over 200,000",2,PORTLAND HWY SYSTEM,OR,213  ,OR 213    ,1,02B,293_19012,,0,10/30/19 17:21:05,1,0,0,0,1,1,0,0,0,0,0,0,0,0,0,0,0,0,0,1,1,1,0,0,0,0,0,0,0,0,0,Y
1788606,05503,06/27/18 00:00:00,06,27,2018,4,16,4P ,26,Multnomah,245,Portland SE,57,PORTLAND UA    ,14,U PR-ART,1,026,  ,MT. HOOD,1,0,MN,0,R,,002600100S00,45,29,50.590000000000000,-122,34,8.840000000000000,45.497386111110333,-122.569122222221667,,,,,01940  ,SE POWELL BLVD              ,,05092  ,SE 92ND AVE                 ,,1,,7,5.55999994e+00,35,3,STRGHT  ,0,,,0,0,0,4,,0,NONE ,03,C,S-STRGHT  ,5,SS-O    ,4,INJ,1,CLR ,1,DRY ,1,DAY ,099,UNKNOWN   ,1,3,CITY  ,040,CURB      ,054,ST LIGHT  ,,,13,IMP LN C,,,,,0,0,0,0,0,0,0,9,"Over 200,000",2,PORTLAND HWY SYSTEM,US,26   ,US 26     ,1,02B,293_10834,,0,10/30/19 17:21:04,2,0,0,0,2,2,0,0,0,0,0,0,0,0,0,0,0,0,0,2,2,2,0,0,0,0,0,0,0,0,0,N
1788626,05506,06/27/18 00:00:00,06,27,2018,4,09,9A ,26,Multnomah,245,Portland SE,57,PORTLAND UA    ,16,U MN-ART,0,,,,,,,,,,,45,31,8.940000000000000,-122,30,40.710000000000000,45.519149999999667,-122.511308333333000,,,,,02259  ,SE STARK ST                 ,,05148  ,SE 148TH AVE                ,,1,113,7,,,2,ALLEY   ,0,,,0,0,0,5,,0,NONE ,08,B,ANGL-OTH  ,6,TURN    ,4,INJ,1,CLR ,1,DRY ,1,DAY ,022,L-GRN-SIG ,1,0,NONE  ,,,,,,,02,NO-YIELD,,,,,,,0,0,0,0,0,9,"Over 200,000",1,PORTLAND CITY STREET,,,,1,02B,58_115919,,0,10/30/19 17:21:04,2,0,0,0,1,1,0,1,0,0,0,0,0,0,0,0,0,0,0,2,2,1,0,1,0,0,0,0,0,0,0,N
1788628,05507,06/27/18 00:00:00,06,27,2018,4,06,6A ,26,Multnomah,245,Portland SE,57,PORTLAND UA    ,16,U MN-ART,0,,,,,,,,,,,45,31,1.990000000000000,-122,39,31.240000000000000,45.517219444443667,-122.658677777777000,,,,,01591  ,SE MORRISON ST              ,,05007  ,SE 7TH AVE                  ,,1,0,9,,,1,INTER   ,0,1,CROSS  ,0,0,0,,0,,,02,B,ANGL-OTH  ,1,ANGL    ,4,INJ,1,CLR ,1,DRY ,1,DAY ,001,TRF SIGNAL,1,5,NO RPT,,,,,,,04,DIS SIG ,,,,,,,0,0,0,0,0,9,"Over 200,000",1,PORTLAND CITY STREET,,,,1,02B,58_115682,,0,10/30/19 17:21:04,2,0,0,0,1,1,0,1,0,0,0,0,0,0,0,0,0,0,0,2,2,1,0,1,0,0,0,0,0,0,0,N
1788633,05509,06/27/18 00:00:00,06,27,2018,4,07,7A ,26,Multnomah,245,Portland SE,57,PORTLAND UA    ,14,U PR-ART,1,,,,,,,,,,,45,30,54.320000000000000,-122,39,38.730000000000000,45.515088888888000,-122.660758333333000,,,,,02309  ,SE TAYLOR ST                ,,05006  ,SE 6TH AVE                  ,,1,0,9,,,1,INTER   ,0,1,CROSS  ,0,0,0,,0,,,02,6,BIKE      ,6,TURN    ,4,INJ,1,CLR ,1,DRY ,1,DAY ,001,TRF SIGNAL,1,7,OTHER ,016,LT RL ROW ,,,,,02,NO-YIELD,,,,,0,0,0,0,0,0,0,9,"Over 200,000",1,PORTLAND CITY STREET,,,,1,02B,58_116594,,0,10/30/19 17:21:04,1,0,0,0,1,1,0,1,0,0,0,0,1,0,0,1,0,0,0,1,2,0,0,2,0,0,0,0,0,0,0,N
1788661,05977,07/12/18 00:00:00,07,12,2018,5,00,12A,26,Multnomah,245,Portland SE,57,PORTLAND UA    ,14,U PR-ART,1,,,,,,,,,,,45,30,14.840000000000000,-122,32,25.970000000000000,45.504122222222000,-122.540547222221333,,,,,00614  ,SE DIVISION ST              ,,05119  ,SE 119TH AVE                ,,1,70,3,,30,2,ALLEY   ,0,,,0,0,0,4,,0,NONE ,08,B,ANGL-OTH  ,6,TURN    ,4,INJ,1,CLR ,1,DRY ,2,DLIT,099,UNKNOWN   ,1,3,CITY  ,001,FEL/JUMP  ,,,,,02,NO-YIELD,,,,,,,0,0,0,0,1,9,"Over 200,000",1,PORTLAND CITY STREET,,,,1,02B,58_183192,,0,10/30/19 17:21:05,2,0,0,1,0,1,0,1,0,0,0,0,0,0,0,0,0,0,0,2,2,1,0,1,0,0,0,1,0,0,0,N
1788667,05521,06/28/18 00:00:00,06,28,2018,5,14,2P ,26,Multnomah,245,Portland SE,57,PORTLAND UA    ,11,U INTRST,1,001,  ,PACIFIC,1,6,CN,0,R,1,0001UY100S00,45,30,59.590000000000000,-122,40,0.920000000000000,45.516552777777000,-122.666922222221667,,,,,09460  ,NB EXTO BANFIELD C1         ,,09443  ,NB EXTO WATER AVE C6        ,,1,,1,3.01049988e+02,,8,BRIDGE  ,0,,,0,0,0,2,,0,NONE ,03,E,S-1STOP   ,3,REAR    ,4,INJ,1,CLR ,1,DRY ,1,DAY ,015,ONE-WAY   ,1,0,NONE  ,,,,,,,29,F AVOID ,,,,,,,0,0,0,0,0,9,"Over 200,000",2,PORTLAND HWY SYSTEM,IS,5    ,I-5       ,1,02B,293_4025,,0,10/30/19 17:21:04,2,0,0,0,2,2,0,1,0,0,0,0,0,0,0,0,0,0,0,3,3,2,0,1,0,0,0,0,0,0,1,N
1788676,05979,07/12/18 00:00:00,07,12,2018,5,16,4P ,26,Multnomah,245,Portland SE,57,PORTLAND UA    ,17,U MJ-COL,0,,,,,,,,,,,45,31,7.080000000000000,-122,39,16.740000000000000,45.518633333332667,-122.654650000000000,,,,,02612  ,SE WASHINGTON ST            ,,05011  ,SE 11TH AVE                 ,,1,0,9,,,1,INTER   ,0,1,CROSS  ,0,0,0,,0,,,02,B,ANGL-OTH  ,1,ANGL    ,4,INJ,1,CLR ,1,DRY ,1,DAY ,004,STOP SIGN ,1,0,NONE  ,099,CELL WTNSD,,,,,27,INATTENT,03,PAS-STOP,,,,,0,0,0,0,0,9,"Over 200,000",1,PORTLAND CITY STREET,,,,1,02B,58_115543,,0,10/30/19 17:21:05,2,0,0,0,1,1,0,1,0,0,0,0,0,0,0,0,0,0,0,2,2,1,0,1,0,0,0,0,0,0,1,N
1788690,05528,06/28/18 00:00:00,06,28,2018,5,17,5P ,26,Multnomah,245,Portland SE,57,PORTLAND UA    ,17,U MJ-COL,0,,,,,,,,,,,45,27,45.770000000000000,-122,34,7.000000000000000,45.462713888888000,-122.568611111110667,,,,,01017  ,SE HARNEY CT                ,,05092  ,SE 92ND AVE                 ,,1,0,5,,,1,INTER   ,0,3,3-LEG  ,0,0,0,,0,,,06,E,S-1STOP   ,3,REAR    ,4,INJ,1,CLR ,1,DRY ,1,DAY ,099,UNKNOWN   ,1,5,NO RPT,,,,,,,29,F AVOID ,,,,,,,0,0,0,0,0,9,"Over 200,000",1,PORTLAND CITY STREET,,,,1,02B,58_142322,,0,10/30/19 17:21:04,2,0,0,0,1,1,0,1,0,0,0,0,0,0,0,0,0,0,0,2,2,1,0,1,0,0,0,0,0,0,0,N
1788722,05988,07/12/18 00:00:00,07,12,2018,5,17,5P ,26,Multnomah,245,Portland SE,57,PORTLAND UA    ,16,U MN-ART,0,,,,,,,,,,,45,28,33.760000000000000,-122,32,57.760000000000000,45.476044444443667,-122.549377777777333,,,,,00824  ,SE FOSTER RD                ,,05111  ,SE 111TH AVE                ,,1,0,9,,,1,INTER   ,0,1,CROSS  ,0,0,0,,0,,,04,B,ANGL-OTH  ,1,ANGL    ,4,INJ,1,CLR ,1,DRY ,1,DAY ,001,TRF SIGNAL,1,5,NO RPT,,,,,,,04,DIS SIG ,,,,,,,0,0,0,0,0,9,"Over 200,000",1,PORTLAND CITY STREET,,,,1,02C,58_128417,,0,10/30/19 17:21:05,2,0,0,1,0,1,0,1,0,0,0,0,0,0,0,0,0,0,0,2,2,1,0,1,0,0,0,0,0,0,0,N
1788724,05533,06/28/18 00:00:00,06,28,2018,5,16,4P ,26,Multnomah,245,Portland SE,57,PORTLAND UA    ,16,U MN-ART,0,,,,,,,,,,,45,30,14.730000000000000,-122,32,15.660000000000000,45.504091666666000,-122.537683333333333,,,,,00614  ,SE DIVISION ST              ,,05122  ,SE 122ND AVE                ,,1,0,5,,,1,INTER   ,0,1,CROSS  ,0,0,0,,0,,,06,E,S-1STOP   ,3,REAR    ,4,INJ,1,CLR ,1,DRY ,1,DAY ,001,TRF SIGNAL,1,5,NO RPT,,,,,,,29,F AVOID ,,,,,,,0,0,0,0,0,9,"Over 200,000",1,PORTLAND CITY STREET,,,,1,02B,58_197254,,0,10/30/19 17:21:04,2,0,0,0,1,1,1,3,0,0,0,0,0,0,0,0,0,0,0,4,4,2,0,2,0,0,0,0,0,0,0,N
1788733,05537,06/28/18 00:00:00,06,28,2018,5,23,11P,26,Multnomah,245,Portland SE,57,PORTLAND UA    ,11,U INTRST,1,001,  ,PACIFIC,1,0,MN,0,R,,000100100S00,45,31,20.520000000000000,-122,39,56.120000000000000,45.522366666666667,-122.665588888888000,,,,,00302  ,PACIFIC HY I-5              ,,09439  ,SB ENFR BANFIELD C2         ,,1,,5,3.01440002e+02,50,8,BRIDGE  ,0,,,0,0,0,6,,1,RSDMD,06,C,S-STRGHT  ,5,SS-O    ,4,INJ,1,CLR ,1,DRY ,2,DLIT,017,MEDIAN BAR,1,5,NO RPT,013,FORCED    ,119,JERSEY BAR,,,13,IMP LN C,,,,,,,0,0,0,0,0,9,"Over 200,000",2,PORTLAND HWY SYSTEM,IS,5    ,I-5       ,1,02B,293_2853,,0,10/30/19 17:21:04,3,0,0,0,6,6,0,1,0,0,0,0,0,0,0,0,0,0,0,7,7,6,0,1,0,0,0,0,0,0,0,N
1788737,06001,07/05/18 00:00:00,07,05,2018,5,22,10P,26,Multnomah,245,Portland SE,57,PORTLAND UA    ,16,U MN-ART,0,,,,,,,,,,,45,30,5.670000000000000,-122,39,15.190000000000000,45.501575000000000,-122.654219444444000,,,,,00268  ,SE BROOKLYN ST              ,,01567  ,SE MILWAUKIE AVE            ,,1,140,7,,,3,STRGHT  ,1,,,0,0,0,1,,0,NONE ,07,8,FIX OBJ   ,9,FIX     ,4,INJ,1,CLR ,1,DRY ,2,DLIT,015,ONE-WAY   ,1,3,CITY  ,040,CURB      ,010,SUB OTRN  ,,,33,RECKLESS,,,,,0,0,1,0,0,0,0,9,"Over 200,000",1,PORTLAND CITY STREET,,,,1,02B,58_120519,,0,10/30/19 17:21:05,1,0,0,1,0,1,0,0,0,0,0,0,0,0,0,0,0,0,0,1,1,0,0,1,0,0,0,0,0,0,0,Y
1788740,05543,06/28/18 00:00:00,06,28,2018,5,12,12P,26,Multnomah,245,Portland SE,57,PORTLAND UA    ,16,U MN-ART,0,,,,,,,,,,,45,28,58.560000000000000,-122,34,45.460000000000000,45.482933333332667,-122.579294444443667,,,,,00824  ,SE FOSTER RD                ,,05082  ,SE 82ND AVE                 ,,1,59,8,,,3,STRGHT  ,0,,,1,0,0,4,,0,NONE ,08,E,S-1STOP   ,3,REAR    ,4,INJ,1,CLR ,1,DRY ,1,DAY ,099,UNKNOWN   ,1,5,NO RPT,,,,,,,29,F AVOID ,,,,,,,0,0,0,0,0,9,"Over 200,000",1,PORTLAND CITY STREET,,,,1,02B,58_126329,,0,10/30/19 17:21:04,2,0,0,0,1,1,0,1,0,0,0,0,0,0,0,0,0,0,0,2,2,1,0,1,0,0,0,0,0,0,0,N
1788743,06002,07/06/18 00:00:00,07,06,2018,6,11,11A,26,Multnomah,245,Portland SE,57,PORTLAND UA    ,16,U MN-ART,0,,,,,,,,,,,45,30,41.390000000000000,-122,39,13.250000000000000,45.511497222222000,-122.653680555555000,,,,,00458  ,SE CLAY ST                  ,,05012  ,SE 12TH AVE                 ,,1,0,9,,,1,INTER   ,0,1,CROSS  ,0,0,0,,0,,,02,6,BIKE      ,6,TURN    ,4,INJ,1,CLR ,1,DRY ,1,DAY ,004,STOP SIGN ,1,3,CITY  ,,,,,,,02,NO-YIELD,03,PAS-STOP,,,,,0,0,0,0,0,9,"Over 200,000",1,PORTLAND CITY STREET,,,,1,02B,58_117765,,0,10/30/19 17:21:05,1,0,0,1,0,1,0,1,0,0,0,0,1,0,0,1,0,0,0,1,2,0,0,2,0,0,0,0,0,0,0,N
1788747,06003,07/06/18 00:00:00,07,06,2018,6,17,5P ,26,Multnomah,245,Portland SE,57,PORTLAND UA    ,14,U PR-ART,1,068,  ,CASCADE HWY NORTH,1,0,MN,0,R,,006800100S00,45,29,24.940000000000000,-122,34,43.720000000000000,45.490261111110333,-122.578811111110667,,,,,01055  ,SE HOLGATE BLVD             ,,05082  ,SE 82ND AVE                 ,,1,,1,5.23999977e+00,35,1,INTER   ,0,1,CROSS  ,0,0,0,,0,,,05,3,PED       ,0,PED     ,4,INJ,1,CLR ,1,DRY ,1,DAY ,001,TRF SIGNAL,1,3,CITY  ,,,,,,,02,NO-YIELD,,,,,0,0,0,0,0,0,0,9,"Over 200,000",2,PORTLAND HWY SYSTEM,OR,213  ,OR 213    ,1,02B,293_19728,,0,10/30/19 17:21:05,1,0,0,0,1,1,0,1,1,0,0,1,0,0,0,0,0,0,0,1,2,0,0,1,0,0,0,0,0,0,0,N
1788753,05551,06/22/18 00:00:00,06,22,2018,6,16,4P ,26,Multnomah,245,Portland SE,57,PORTLAND UA    ,16,U MN-ART,0,,,,,,,,,,,45,31,19.180000000000000,-122,32,15.960000000000000,45.521994444443667,-122.537766666666333,,,,,05122  ,SE 122ND AVE                ,,00124  ,SE ANKENY ST                ,,1,56,1,,,2,ALLEY   ,0,,,0,0,0,4,,0,NONE ,08,6,BIKE      ,6,TURN    ,4,INJ,1,CLR ,1,DRY ,1,DAY ,099,UNKNOWN   ,1,3,CITY  ,,,,,,,15,WRNG WAY,,,,,,,0,0,0,0,0,9,"Over 200,000",1,PORTLAND CITY STREET,,,,1,02B,58_199110,,0,10/30/19 17:21:04,1,0,0,1,0,1,0,1,0,0,0,0,1,0,0,1,0,0,0,1,2,1,0,1,0,0,0,0,0,0,0,N
1788768,06008,07/07/18 00:00:00,07,07,2018,7,15,3P ,26,Multnomah,245,Portland SE,57,PORTLAND UA    ,17,U MJ-COL,0,,,,,,,,,,,45,28,7.180000000000000,-122,35,7.460000000000000,45.468661111110667,-122.585405555555333,,,,,00817  ,SE FLAVEL ST                ,,05078  ,SE 78TH AVE                 ,,1,600,7,,30,3,STRGHT  ,1,,,0,0,0,2,,0,NONE ,08,8,FIX OBJ   ,9,FIX     ,4,INJ,1,CLR ,1,DRY ,1,DAY ,099,UNKNOWN   ,1,3,CITY  ,053,POLE UTL  ,,,,,30,SPEED   ,,,,,0,0,0,0,0,1,0,9,"Over 200,000",1,PORTLAND CITY STREET,,,,1,02B,58_129698,,0,10/30/19 17:21:05,1,0,0,0,1,1,0,0,0,0,0,0,0,0,0,0,0,0,0,1,1,1,0,0,0,0,0,0,0,0,0,Y