CRASH_ID,SER_NO,CRASH_DT,CRASH_MO_NO,CRASH_DAY_NO,CRASH_YR_NO,CRASH_WK_DAY_CD,CRASH_HR_NO,CRASH_HR_SHORT_DESC,CNTY_ID,CNTY_NM,CITY_SECT_ID,CITY_SECT_NM,URB_AREA_CD,URB_AREA_SHORT_NM,FC_CD,FC_SHORT_DESC,NHS_FLG,HWY_NO,HWY_SFX_NO,HWY_MED_NM,RDWY_NO,HWY_COMPNT_CD,HWY_COMPNT_SHORT_DESC,MLGE_TYP_CD,MLGE_TYP_SHORT_DESC,RD_CON_NO,LRS_VAL,LAT_DEG_NO,LAT_MINUTE_NO,LAT_SEC_NO,LONGTD_DEG_NO,LONGTD_MINUTE_NO,LONGTD_SEC_NO,LAT_DD,LONGTD_DD,SPECL_JRSDCT_ID,SPECL_JRSDCT_SHORT_DESC,JRSDCT_GRP_CD,JRSDCT_GRP_LONG_DESC,AGY_ST_NO,ST_FULL_NM,RECRE_RD_NM,ISECT_AGY_ST_NO,ISECT_ST_FULL_NM,ISECT_RECRE_RD_NM,ISECT_SEQ_NO,FROM_ISECT_DSTNC_QTY,CMPSS_DIR_CD,MP_NO,POST_SPEED_LMT_VAL,RD_CHAR_CD,RD_CHAR_SHORT_DESC,OFF_RDWY_FLG,ISECT_TYP_CD,ISECT_TYP_SHORT_DESC,ISECT_REL_FLG,RNDABT_FLG,DRVWY_REL_FLG,LN_QTY,TURNG_LEG_QTY,MEDN_TYP_CD,MEDN_TYP_SHORT_DESC,IMPCT_LOC_CD,CRASH_TYP_CD,CRASH_TYP_SHORT_DESC,COLLIS_TYP_CD,COLLIS_TYP_SHORT_DESC,CRASH_SVRTY_CD,CRASH_SVRTY_SHORT_DESC,WTHR_COND_CD,WTHR_COND_SHORT_DESC,RD_SURF_COND_CD,RD_SURF_SHORT_DESC,LGT_COND_CD,LGT_COND_SHORT_DESC,TRAF_CNTL_DEVICE_CD,TRAF_CNTL_DEVICE_SHORT_DESC,TRAF_CNTL_FUNC_FLG,INVSTG_AGY_CD,INVSTG_AGY_SHORT_DESC,CRASH_EVNT_1_CD,CRASH_EVNT_1_SHORT_DESC,CRASH_EVNT_2_CD,CRASH_EVNT_2_SHORT_DESC,CRASH_EVNT_3_CD,CRASH_EVNT_3_SHORT_DESC,CRASH_CAUSE_1_CD,CRASH_CAUSE_1_SHORT_DESC,CRASH_CAUSE_2_CD,CRASH_CAUSE_2_SHORT_DESC,CRASH_CAUSE_3_CD,CRASH_CAUSE_3_SHORT_DESC,SCHL_ZONE_IND,WRK_ZONE_IND,ALCHL_INVLV_FLG,DRUG_INVLV_FLG,MJ_INVLV_FLG,CRASH_SPEED_INVLV_FLG,CRASH_HIT_RUN_FLG,POP_RNG_CD,POP_RNG_MED_DESC,RD_CNTL_CD,RD_CNTL_MED_DESC,RTE_TYP_CD,RTE_ID,RTE_NM,REG_ID,DIST_ID,SEG_MRK_ID,SEG_PT_LRS_MEAS,UNLOCT_FLG,CRASH_LAST_UD_DT,TOT_VHCL_CNT,TOT_FATAL_CNT,TOT_INJ_LVL_A_CNT,TOT_INJ_LVL_B_CNT,TOT_INJ_LVL_C_CNT,TOT_INJ_CNT,TOT_UNINJD_AGE00_04_CNT,TOT_UNINJD_PER_CNT,TOT_PED_CNT,TOT_PED_FATAL_CNT,TOT_PED_INJ_LVL_A_CNT,TOT_PED_INJ_CNT,TOT_PEDCYCL_CNT,TOT_PEDCYCL_FATAL_CNT,TOT_PEDCYCL_INJ_LVL_A_CNT,TOT_PEDCYCL_INJ_CNT,TOT_UNKNWN_CNT,TOT_UNKNWN_FATAL_CNT,TOT_UNKNWN_INJ_CNT,TOT_OCCUP_CNT,TOT_PER_INVLV_CNT,TOT_SFTY_EQUIP_USED_QTY,TOT_SFTY_EQUIP_UNUSED_QTY,TOT_SFTY_EQUIP_USE_UNKNWN_QTY,TOT_PSNGR_VHCL_OCC_UNRESTRND_FATAL_CNT,TOT_MCYCLST_FATAL_CNT,TOT_MCYCLST_INJ_LVL_A_CNT,TOT_MCYCLST_INJ_CNT,TOT_MCYCLST_UNHELMTD_FATAL_CNT,TOT_ALCHL_IMPAIRED_DRVR_INV_FATAL_CNT,TOT_DRVR_AGE_01_20_CNT,LANE_RDWY_DPRT_CRASH_FLG
1791016,06870,07/28/18 00:00:00,07,28,2018,7,13,1P ,26,Multnomah,245,Portland SE,57,PORTLAND UA    ,19,U LOCAL ,0,,,,,,,,,,,45,29,9.470000000000000,-122,35,3.640000000000000,45.485963888888333,-122.584344444444333,,,,,05077  ,SE 77TH AVE                 ,,01574  ,SE MITCHELL ST              ,,1,130,1,,20,3,STRGHT  ,0,,,0,0,0,2,,0,NONE ,08,6,BIKE      ,1,ANGL    ,4,INJ,1,CLR ,1,DRY ,1,DAY ,099,UNKNOWN   ,1,3,CITY  ,001,FEL/JUMP  ,,,,,28,NM INATT,18,IN RDWY ,,,0,0,0,0,0,0,0,9,"Over 200,000",1,PORTLAND CITY STREET,,,,1,02B,58_125601,,0,10/30/19 17:21:05,1,0,0,1,0,1,0,1,0,0,0,0,1,0,0,1,0,0,0,1,2,1,0,1,0,0,0,0,0,0,0,N
1791028,07067,08/10/18 00:00:00,08,10,2018,6,21,9P ,26,Multnomah,245,Portland SE,57,PORTLAND UA    ,14,U PR-ART,1,026,  ,MT. HOOD,1,0,MN,0,R,,002600100S00,45,29,50.520000000000000,-122,31,47.950000000000000,45.497366666666333,-122.529986111110667,,,,,01940  ,SE POWELL BLVD              ,,05130  ,SE 130TH AVE                ,,1,,7,7.57999992e+00,35,1,INTER   ,1,3,3-LEG  ,0,0,0,,0,,,05,8,FIX OBJ   ,9,FIX     ,4,INJ,1,CLR ,1,DRY ,2,DLIT,099,UNKNOWN   ,1,3,CITY  ,121,FENCE     ,,,,,10,OTHR-IMP,,,,,0,0,0,0,0,0,0,9,"Over 200,000",2,PORTLAND HWY SYSTEM,US,26   ,US 26     ,1,02B,293_18794,,0,10/30/19 17:21:05,1,0,0,0,1,1,0,0,0,0,0,0,0,0,0,0,0,0,0,1,1,0,1,0,0,0,0,0,0,0,0,N
1791040,07072,08/10/18 00:00:00,08,10,2018,6,10,10A,26,Multnomah,245,Portland SE,57,PORTLAND UA    ,17,U MJ-COL,0,,,,,,,,,,,45,30,59.270000000000000,-122,38,44.010000000000000,45.516463888888000,-122.645558333333333,,,,,00226  ,SE BELMONT ST               ,,05020  ,SE 20TH AVE                 ,,1,0,1,,,1,INTER   ,0,1,CROSS  ,0,0,0,,0,,,06,E,S-1STOP   ,3,REAR    ,4,INJ,1,CLR ,1,DRY ,1,DAY ,001,TRF SIGNAL,1,0,NONE  ,,,,,,,29,F AVOID ,,,,,,,0,0,0,0,0,9,"Over 200,000",1,PORTLAND CITY STREET,,,,1,02B,58_116219,,0,10/30/19 17:21:05,2,0,0,1,0,1,0,1,0,0,0,0,0,0,0,0,0,0,0,2,2,1,0,1,0,0,0,0,0,0,0,N
1791048,06873,07/30/18 00:00:00,07,30,2018,2,15,3P ,26,Multnomah,245,Portland SE,57,PORTLAND UA    ,14,U PR-ART,1,,,,,,,,,,,45,31,2.020000000000000,-122,39,38.700000000000000,45.517227777777667,-122.660750000000000,,,,,00929  ,SE GRAND AVE                ,,01591  ,SE MORRISON ST              ,,1,0,1,,,1,INTER   ,0,1,CROSS  ,0,0,0,,1,,,05,3,PED       ,0,PED     ,4,INJ,1,CLR ,1,DRY ,1,DAY ,001,TRF SIGNAL,1,3,CITY  ,,,,,,,02,NO-YIELD,04,DIS SIG ,,,0,0,0,0,0,0,0,9,"Over 200,000",1,PORTLAND CITY STREET,,,,1,02B,58_160712,,0,10/30/19 17:21:05,1,0,0,0,1,1,0,1,1,0,0,1,0,0,0,0,0,0,0,1,2,1,0,0,0,0,0,0,0,0,0,N
1791072,06949,07/31/18 00:00:00,07,31,2018,3,21,9P ,26,Multnomah,245,Portland SE,57,PORTLAND UA    ,19,U LOCAL ,0,,,,,,,,,,,45,29,4.370000000000000,-122,34,51.020000000000000,45.484547222221333,-122.580838888888667,,,,,02260  ,SE STEELE ST                ,,05080  ,SE 80TH AVE                 ,,1,0,1,,20,1,INTER   ,0,3,3-LEG  ,0,0,0,,0,,,05,3,PED       ,0,PED     ,4,INJ,1,CLR ,1,DRY ,3,DARK,000,NONE      ,1,3,CITY  ,,,,,,,18,IN RDWY ,,,,,0,0,1,0,0,0,0,9,"Over 200,000",1,PORTLAND CITY STREET,,,,1,02B,58_126071,,0,10/30/19 17:21:05,1,0,0,1,0,1,0,2,1,0,0,1,0,0,0,0,0,0,0,2,3,0,0,2,0,0,0,0,0,0,0,N
1791079,07088,08/10/18 00:00:00,08,10,2018,6,13,1P ,26,Multnomah,245,Portland SE,57,PORTLAND UA    ,17,U MJ-COL,0,,,,,,,,,,,45,28,52.760000000000000,-122,34,6.960000000000000,45.481322222221667,-122.568599999999667,,,,,02118  ,SE REEDWAY ST               ,,05092  ,SE 92ND AVE                 ,,1,0,5,,,1,INTER   ,0,3,3-LEG  ,0,0,0,,0,,,06,E,S-1STOP   ,3,REAR    ,4,INJ,0,UNK ,0,UNK ,1,DAY ,004,STOP SIGN ,1,0,NONE  ,,,,,,,29,F AVOID ,,,,,,,0,0,0,0,0,9,"Over 200,000",1,PORTLAND CITY STREET,,,,1,02B,58_141489,,0,10/30/19 17:21:05,2,0,0,0,1,1,0,1,0,0,0,0,0,0,0,0,0,0,0,2,2,0,0,2,0,0,0,0,0,0,1,N
1791081,07091,08/11/18 00:00:00,08,11,2018,7,12,12P,26,Multnomah,245,Portland SE,57,PORTLAND UA    ,16,U MN-ART,0,,,,,,,,,,,45,27,51.560000000000000,-122,39,10.790000000000000,45.464322222222000,-122.652997222222000,,,,,02301  ,SE TACOMA ST                ,,05013  ,SE 13TH AVE                 ,,1,0,3,,,1,INTER   ,0,1,CROSS  ,0,0,0,,0,,,06,E,S-1STOP   ,3,REAR    ,4,INJ,1,CLR ,1,DRY ,1,DAY ,001,TRF SIGNAL,1,0,NONE  ,,,,,,,07,TOO-CLOS,,,,,,,0,0,0,0,0,9,"Over 200,000",1,PORTLAND CITY STREET,,,,1,02B,58_130334,,0,10/30/19 17:21:05,2,0,0,0,2,2,0,0,0,0,0,0,0,0,0,0,0,0,0,2,2,1,0,1,0,0,0,0,0,0,0,N
1791084,06951,07/31/18 00:00:00,07,31,2018,3,19,7P ,26,Multnomah,245,Portland SE,57,PORTLAND UA    ,17,U MJ-COL,0,,,,,,,,,,,45,29,24.900000000000000,-122,34,55.340000000000000,45.490249999999333,-122.582038888888667,,,,,01055  ,SE HOLGATE BLVD             ,,05079  ,SE 79TH AVE                 ,,2,0,9,,25,1,INTER   ,0,3,3-LEG  ,0,0,0,,0,,,02,B,ANGL-OTH  ,1,ANGL    ,4,INJ,1,CLR ,1,DRY ,1,DAY ,004,STOP SIGN ,1,3,CITY  ,010,SUB OTRN  ,,,,,02,NO-YIELD,03,PAS-STOP,,,0,0,0,0,0,0,0,9,"Over 200,000",1,PORTLAND CITY STREET,,,,1,02B,58_124444,,0,10/30/19 17:21:05,2,0,0,3,1,4,2,1,0,0,0,0,0,0,0,0,0,0,0,5,5,5,0,0,0,0,0,0,0,0,0,N
1791085,07092,08/11/18 00:00:00,08,11,2018,7,08,8A ,26,Multnomah,245,Portland SE,57,PORTLAND UA    ,14,U PR-ART,1,,,,,,,,,,,45,30,15.200000000000000,-122,30,38.150000000000000,45.504222222222000,-122.510597222222000,,,,,00614  ,SE DIVISION ST              ,,05148  ,SE 148TH AVE                ,,1,0,3,,,1,INTER   ,0,1,CROSS  ,0,0,0,,0,,,06,E,S-1STOP   ,3,REAR    ,4,INJ,1,CLR ,1,DRY ,1,DAY ,001,TRF SIGNAL,1,0,NONE  ,,,,,,,29,F AVOID ,,,,,,,0,0,0,0,0,9,"Over 200,000",1,PORTLAND CITY STREET,,,,1,02B,58_120362,,0,10/30/19 17:21:05,2,0,0,0,1,1,0,1,0,0,0,0,0,0,0,0,0,0,0,2,2,1,0,1,0,0,0,0,0,0,0,N
1791091,06952,07/31/18 00:00:00,07,31,2018,3,15,3P ,26,Multnomah,245,Portland SE,57,PORTLAND UA    ,17,U MJ-COL,0,,,,,,,,,,,45,30,12.380000000000000,-122,38,22.760000000000000,45.503438888888000,-122.639655555555333,,,,,00464  ,SE CLINTON ST               ,,05026  ,SE 26TH AVE                 ,,1,0,5,,25,1,INTER   ,0,4,4-LEG  ,0,0,0,,0,,,06,E,S-1STOP   ,3,REAR    ,4,INJ,1,CLR ,1,DRY ,1,DAY ,002,FLASHBCN-R,1,3,CITY  ,,,,,,,29,F AVOID ,,,,,0,0,0,0,0,0,1,9,"Over 200,000",1,PORTLAND CITY STREET,,,,1,02B,58_120092,,0,10/30/19 17:21:05,2,0,0,0,1,1,0,1,0,0,0,0,0,0,0,0,0,0,0,2,2,1,0,1,0,0,0,0,0,0,0,N
1791099,07006,07/18/18 00:00:00,07,18,2018,4,12,12P,26,Multnomah,245,Portland SE,57,PORTLAND UA    ,14,U PR-ART,1,,,,,,,,,,,45,30,15.010000000000000,-122,30,50.060000000000000,45.504169444444000,-122.513905555555000,,,,,00614  ,SE DIVISION ST              ,,05145  ,SE 145TH AVE                ,,1,0,3,,,1,INTER   ,0,1,CROSS  ,0,0,0,,0,,,06,C,S-STRGHT  ,3,REAR    ,4,INJ,1,CLR ,1,DRY ,1,DAY ,001,TRF SIGNAL,1,0,NONE  ,,,,,,,29,F AVOID ,,,,,,,0,0,0,0,0,9,"Over 200,000",1,PORTLAND CITY STREET,,,,1,02B,58_120354,,0,10/30/19 17:21:05,2,0,0,0,1,1,0,1,0,0,0,0,0,0,0,0,0,0,0,2,2,2,0,0,0,0,0,0,0,0,0,N
1791103,07013,07/30/18 00:00:00,07,30,2018,2,17,5P ,26,Multnomah,245,Portland SE,57,PORTLAND UA    ,14,U PR-ART,1,068,  ,CASCADE HWY NORTH,1,0,MN,0,R,,006800100S00,45,29,24.940000000000000,-122,34,43.720000000000000,45.490261111110333,-122.578811111110667,,,,,01055  ,SE HOLGATE BLVD             ,,05082  ,SE 82ND AVE                 ,,1,,5,5.23999977e+00,35,1,INTER   ,0,1,CROSS  ,0,0,0,,0,,,06,E,S-1STOP   ,3,REAR    ,4,INJ,1,CLR ,1,DRY ,1,DAY ,001,TRF SIGNAL,1,5,NO RPT,,,,,,,29,F AVOID ,,,,,,,0,0,0,0,0,9,"Over 200,000",2,PORTLAND HWY SYSTEM,OR,213  ,OR 213    ,1,02B,293_19728,,0,10/30/19 17:21:05,2,0,0,0,2,2,0,1,0,0,0,0,0,0,0,0,0,0,0,3,3,2,0,1,0,0,0,0,0,0,0,N
1791104,07099,08/11/18 00:00:00,08,11,2018,7,11,11A,26,Multnomah,245,Portland SE,57,PORTLAND UA    ,14,U PR-ART,1,,,,,,,,,,,45,30,14.680000000000000,-122,31,22.030000000000000,45.504077777777000,-122.522786111110667,,,,,00614  ,SE DIVISION ST              ,,05137  ,SE 137TH AVE                ,,1,0,9,,,1,INTER   ,0,3,3-LEG  ,0,0,1,,0,,,04,B,ANGL-OTH  ,6,TURN    ,4,INJ,1,CLR ,1,DRY ,1,DAY ,004,STOP SIGN ,1,5,NO RPT,,,,,,,02,NO-YIELD,,,,,,,0,0,0,0,0,9,"Over 200,000",1,PORTLAND CITY STREET,,,,1,02B,58_120310,,0,10/30/19 17:21:05,2,0,0,0,1,1,0,1,0,0,0,0,0,0,0,0,0,0,0,2,2,0,0,2,0,0,0,0,0,0,0,N
1791143,07111,08/12/18 00:00:00,08,12,2018,1,14,2P ,26,Multnomah,245,Portland SE,57,PORTLAND UA    ,14,U PR-ART,1,068,  ,CASCADE HWY NORTH,1,0,MN,0,R,,006800100S00,45,28,46.110000000000000,-122,34,44.440000000000000,45.479474999999667,-122.579011111110667,,,,,02658  ,SE WOODSTOCK BLVD           ,,05082  ,SE 82ND AVE                 ,,1,,9,5.98000002e+00,35,1,INTER   ,0,1,CROSS  ,0,0,0,,0,,,02,H,O-1 L-TURN,6,TURN    ,4,INJ,1,CLR ,1,DRY ,1,DAY ,001,TRF SIGNAL,1,3,CITY  ,,,,,,,02,NO-YIELD,,,,,,,0,0,0,0,0,9,"Over 200,000",2,PORTLAND HWY SYSTEM,OR,213  ,OR 213    ,1,02B,293_21278,,0,10/30/19 17:21:05,2,0,0,0,1,1,0,1,0,0,0,0,0,0,0,0,0,0,0,2,2,1,0,1,0,0,0,0,0,0,1,N
1791150,07557,07/27/18 00:00:00,07,27,2018,6,09,9A ,26,Multnomah,245,Portland SE,57,PORTLAND UA    ,19,U LOCAL ,0,,,,,,,,,,,45,28,57.210000000000000,-122,35,39.860000000000000,45.482558333332667,-122.594405555555333,,,,,05067  ,SE 67TH AVE                 ,,01019  ,SE HAROLD ST                ,,1,170,5,,,2,ALLEY   ,0,,,0,0,0,2,,0,NONE ,07,B,ANGL-OTH  ,-,BACK    ,4,INJ,1,CLR ,1,DRY ,1,DAY ,099,UNKNOWN   ,1,0,NONE  ,,,,,,,02,NO-YIELD,,,,,,,0,0,0,0,0,9,"Over 200,000",1,PORTLAND CITY STREET,,,,1,02B,58_126555,,0,10/30/19 17:21:05,2,0,0,0,3,3,1,1,0,0,0,0,0,0,0,0,0,0,0,4,4,4,0,0,0,0,0,0,0,0,0,N
1791183,08602,07/29/18 00:00:00,07,29,2018,1,11,11A,26,Multnomah,245,Portland SE,57,PORTLAND UA    ,17,U MJ-COL,0,,,,,,,,,,,45,30,59.150000000000000,-122,38,9.910000000000000,45.516430555555000,-122.636086111110333,,,,,00226  ,SE BELMONT ST               ,,05029  ,SE 29TH AVE                 ,,1,0,1,,,1,INTER   ,0,1,CROSS  ,0,0,0,,0,,,06,6,BIKE      ,6,TURN    ,4,INJ,1,CLR ,1,DRY ,1,DAY ,004,STOP SIGN ,1,0,NONE  ,,,,,,,01,TOO-FAST,08,IMP-TURN,,,,,0,0,0,1,0,9,"Over 200,000",1,PORTLAND CITY STREET,,,,1,02B,58_116083,,0,10/30/19 17:21:05,1,0,0,1,0,1,0,2,0,0,0,0,1,0,0,1,0,0,0,2,3,2,0,1,0,0,0,0,0,0,0,N
1791186,08824,07/04/18 00:00:00,07,04,2018,4,08,8A ,26,Multnomah,245,Portland SE,57,PORTLAND UA    ,11,U INTRST,1,064,  ,EAST PORTLAND FREEWAY,1,0,MN,0,R,,006400100S00,45,31,7.900000000000000,-122,33,54.810000000000000,45.518861111110667,-122.565225000000000,,,,,00745  ,EAST PORTLAND FY            ,,09726  ,NB EX STARK-GLSN C1         ,,1,,5,2.06100006e+01,55,3,STRGHT  ,0,,,0,0,0,6,,2,DIVMD,05,C,S-STRGHT  ,5,SS-O    ,4,INJ,1,CLR ,1,DRY ,1,DAY ,017,MEDIAN BAR,1,0,NONE  ,,,,,,,13,IMP LN C,,,,,,,0,0,0,0,0,9,"Over 200,000",2,PORTLAND HWY SYSTEM,IS,205  ,I-205     ,1,02B,293_5710,,0,10/30/19 17:21:05,2,0,0,0,1,1,0,1,0,0,0,0,0,0,0,0,0,0,0,2,2,1,0,1,0,0,0,0,0,0,0,N
1791194,07136,08/13/18 00:00:00,08,13,2018,2,12,12P,26,Multnomah,245,Portland SE,57,PORTLAND UA    ,11,U INTRST,1,064,  ,EAST PORTLAND FREEWAY,1,6,CN,0,R,8,0064BZ100S00,45,29,50.600000000000000,-122,33,59.510000000000000,45.497388888888333,-122.566530555555000,,,,,01940  ,SE POWELL BLVD              ,,09719  ,SB EF DIV-POWELL C8         ,,1,,2,2.02299995e+01,,1,INTER   ,0,1,CROSS  ,0,0,0,,0,,,06,E,S-1STOP   ,3,REAR    ,4,INJ,1,CLR ,1,DRY ,1,DAY ,001,TRF SIGNAL,1,3,CITY  ,013,FORCED    ,,,,,01,TOO-FAST,,,,,0,0,0,0,0,1,1,9,"Over 200,000",2,PORTLAND HWY SYSTEM,IS,205  ,I-205     ,1,02B,293_6162,,0,10/30/19 17:21:05,4,0,0,1,3,4,0,1,0,0,0,0,0,0,0,0,0,0,0,5,5,3,0,2,0,0,0,0,0,0,0,N
1791217,09266,07/27/18 00:00:00,07,27,2018,6,08,8A ,26,Multnomah,245,Portland SE,57,PORTLAND UA    ,11,U INTRST,1,064,  ,EAST PORTLAND FREEWAY,1,0,MN,0,R,,006400100S00,45,30,49.540000000000000,-122,33,54.980000000000000,45.513761111111000,-122.565272222222000,,,,,00745  ,EAST PORTLAND FY            ,,09723  ,NB EX WASH-STARK C1         ,,1,,5,2.02600002e+01,55,3,STRGHT  ,0,,,0,0,0,6,,2,DIVMD,03,C,S-STRGHT  ,3,REAR    ,4,INJ,1,CLR ,1,DRY ,1,DAY ,017,MEDIAN BAR,1,5,NO RPT,,,,,,,29,F AVOID ,,,,,,,0,0,0,0,0,9,"Over 200,000",2,PORTLAND HWY SYSTEM,IS,205  ,I-205     ,1,02B,293_5709,,0,10/30/19 17:21:05,2,0,0,0,1,1,0,1,0,0,0,0,0,0,0,0,0,0,0,2,2,1,0,1,0,0,0,0,0,0,0,N
1791220,09360,07/09/18 00:00:00,07,09,2018,2,05,5A ,26,Multnomah,245,Portland SE,57,PORTLAND UA    ,14,U PR-ART,1,026,  ,MT. HOOD,1,0,MN,0,R,,002600100S00,45,29,50.740000000000000,-122,35,9.060000000000000,45.497427777777333,-122.585849999999333,,,,,01940  ,SE POWELL BLVD              ,,05075  ,SE 75TH AVE                 ,,1,,3,4.69000006e+00,35,1,INTER   ,0,3,3-LEG  ,0,0,0,,0,,,05,3,PED       ,0,PED     ,4,INJ,1,CLR ,1,DRY ,2,DLIT,099,UNKNOWN   ,1,3,CITY  ,,,,,,,02,NO-YIELD,,,,,0,0,0,0,0,0,0,9,"Over 200,000",2,PORTLAND HWY SYSTEM,US,26   ,US 26     ,1,02B,293_20037,,0,10/30/19 17:21:05,1,0,0,0,1,1,0,1,1,0,0,1,0,0,0,0,0,0,0,1,2,0,0,1,0,0,0,0,0,0,0,N
1791227,12273,07/18/18 00:00:00,07,18,2018,4,16,4P ,26,Multnomah,245,Portland SE,57,PORTLAND UA    ,16,U MN-ART,0,,,,,,,,,,,45,31,13.460000000000000,-122,32,15.990000000000000,45.520405555554667,-122.537774999999333,,,,,01928  ,SE PINE ST                  ,,05122  ,SE 122ND AVE                ,,1,0,1,,,1,INTER   ,0,3,3-LEG  ,0,0,0,,0,,,05,B,ANGL-OTH  ,6,TURN    ,4,INJ,1,CLR ,1,DRY ,1,DAY ,090,L-TURN REF,1,3,CITY  ,,,,,,,06,IMP-OVER,,,,,0,0,0,0,0,0,0,9,"Over 200,000",1,PORTLAND CITY STREET,,,,1,02B,58_138945,,0,10/30/19 17:21:05,2,0,1,0,0,1,0,1,0,0,0,0,0,0,0,0,0,0,0,2,2,1,0,1,0,0,0,0,0,0,0,N
1791249,07164,08/06/18 00:00:00,08,06,2018,2,20,8P ,26,Multnomah,245,Portland SE,57,PORTLAND UA    ,14,U PR-ART,1,026,  ,MT. HOOD,1,0,MN,0,R,,002600100S00,45,29,50.450000000000000,-122,31,51.360000000000000,45.497347222221333,-122.530933333332667,,,,,01940  ,SE POWELL BLVD              ,,05129  ,SE 129TH AVE                ,,1,,3,7.53999996e+00,35,2,ALLEY   ,0,,,0,0,0,2,,0,NONE ,03,6,BIKE      ,6,TURN    ,4,INJ,1,CLR ,1,DRY ,1,DAY ,099,UNKNOWN   ,1,3,CITY  ,,,,,,,02,NO-YIELD,,,,,0,0,0,0,0,0,0,9,"Over 200,000",2,PORTLAND HWY SYSTEM,US,26   ,US 26     ,1,02B,293_20866,,0,10/30/19 17:21:05,1,0,0,1,0,1,0,1,0,0,0,0,1,0,0,1,0,0,0,1,2,0,0,2,0,0,0,0,0,0,0,N
1791266,07172,08/14/18 00:00:00,08,14,2018,3,11,11A,26,Multnomah,245,Portland SE,57,PORTLAND UA    ,11,U INTRST,1,064,  ,EAST PORTLAND FREEWAY,2,0,MN,0,R,,006400200S00,45,28,46.890000000000000,-122,33,57.710000000000000,45.479691666666667,-122.566030555555000,,,,,00745  ,EAST PORTLAND FY            ,,09712  ,SB EX FOSTER RD C6          ,,1,,5,1.78899994e+01,55,3,STRGHT  ,0,,,0,0,0,6,,1,RSDMD,05,E,S-1STOP   ,3,REAR    ,4,INJ,8,SMOK,1,DRY ,1,DAY ,099,UNKNOWN   ,1,0,NONE  ,013,FORCED    ,,,,,01,TOO-FAST,,,,,,,0,0,0,1,0,9,"Over 200,000",2,PORTLAND HWY SYSTEM,IS,205  ,I-205     ,1,02B,293_5862,,0,10/30/19 17:21:05,3,0,0,0,1,1,0,5,0,0,0,0,0,0,0,0,0,0,0,6,6,5,0,1,0,0,0,0,0,0,1,N
1791270,07174,08/14/18 00:00:00,08,14,2018,3,12,12P,26,Multnomah,245,Portland SE,57,PORTLAND UA    ,19,U LOCAL ,0,,,,,,,,,,,45,27,52.960000000000000,-122,34,6.940000000000000,45.464711111111000,-122.568594444443667,,,,,00498  ,SE CRYSTAL SPRNGS BLVD      ,,05092  ,SE 92ND AVE                 ,,1,0,7,,,1,INTER   ,0,3,3-LEG  ,0,0,0,,0,,,06,E,S-1STOP   ,3,REAR    ,4,INJ,1,CLR ,1,DRY ,1,DAY ,004,STOP SIGN ,1,3,CITY  ,010,SUB OTRN  ,,,,,01,TOO-FAST,,,,,0,0,0,0,0,1,0,9,"Over 200,000",1,PORTLAND CITY STREET,,,,1,02B,58_184738,,0,10/30/19 17:21:05,2,0,1,0,0,1,0,1,0,0,0,0,0,0,0,0,0,0,0,2,2,2,0,0,0,0,1,1,0,0,0,N
1791284,83497,09/30/18 00:00:00,09,30,2018,1,12,12P,26,Multnomah,245,Portland SE,57,PORTLAND UA    ,14,U PR-ART,1,068,  ,CASCADE HWY NORTH,1,0,MN,0,R,,006800100S00,45,28,8.840000000000000,-122,34,44.550000000000000,45.469122222221667,-122.579041666666667,,,,,05082  ,SE 82ND AVE                 ,,00817  ,SE FLAVEL ST                ,,1,,1,6.69999981e+00,35,2,ALLEY   ,0,,,0,0,0,4,,0,NONE ,02,3,PED       ,0,PED     ,4,INJ,1,CLR ,1,DRY ,1,DAY ,099,UNKNOWN   ,1,5,NO RPT,110,N-MTR     ,,,,,02,NO-YIELD,,,,,,,0,0,0,0,0,9,"Over 200,000",2,PORTLAND HWY SYSTEM,OR,213  ,OR 213    ,1,02B,293_20879,,0,10/30/19 17:21:05,1,0,0,0,1,1,0,1,1,0,0,1,0,0,0,0,0,0,0,1,2,1,0,0,0,0,0,0,0,0,0,N
1791349,08149,09/09/18 00:00:00,09,09,2018,1,16,4P ,26,Multnomah,245,Portland SE,57,PORTLAND UA    ,16,U MN-ART,0,,,,,,,,,,,45,28,37.300000000000000,-122,33,31.030000000000000,45.477027777777667,-122.558619444444000,,,,,00824  ,SE FOSTER RD                ,,05102  ,SE 102ND AVE                ,,1,0,4,,,1,INTER   ,0,1,CROSS  ,0,0,0,,0,,,06,E,S-1STOP   ,3,REAR    ,4,INJ,1,CLR ,1,DRY ,1,DAY ,001,TRF SIGNAL,1,3,CITY  ,087,FIRE/EXP  ,,,,,29,F AVOID ,,,,,,,0,0,0,0,0,9,"Over 200,000",1,PORTLAND CITY STREET,,,,1,02B,58_128095,,0,10/30/19 17:21:05,2,0,0,0,3,3,0,0,0,0,0,0,0,0,0,0,0,0,0,3,3,0,0,3,0,0,0,0,0,0,0,N