CRASH_ID,SER_NO,CRASH_DT,CRASH_MO_NO,CRASH_DAY_NO,CRASH_YR_NO,CRASH_WK_DAY_CD,CRASH_HR_NO,CRASH_HR_SHORT_DESC,CNTY_ID,CNTY_NM,CITY_SECT_ID,CITY_SECT_NM,URB_AREA_CD,URB_AREA_SHORT_NM,FC_CD,FC_SHORT_DESC,NHS_FLG,HWY_NO,HWY_SFX_NO,HWY_MED_NM,RDWY_NO,HWY_COMPNT_CD,HWY_COMPNT_SHORT_DESC,MLGE_TYP_CD,MLGE_TYP_SHORT_DESC,RD_CON_NO,LRS_VAL,LAT_DEG_NO,LAT_MINUTE_NO,LAT_SEC_NO,LONGTD_DEG_NO,LONGTD_MINUTE_NO,LONGTD_SEC_NO,LAT_DD,LONGTD_DD,SPECL_JRSDCT_ID,SPECL_JRSDCT_SHORT_DESC,JRSDCT_GRP_CD,JRSDCT_GRP_LONG_DESC,AGY_ST_NO,ST_FULL_NM,RECRE_RD_NM,ISECT_AGY_ST_NO,ISECT_ST_FULL_NM,ISECT_RECRE_RD_NM,ISECT_SEQ_NO,FROM_ISECT_DSTNC_QTY,CMPSS_DIR_CD,MP_NO,POST_SPEED_LMT_VAL,RD_CHAR_CD,RD_CHAR_SHORT_DESC,OFF_RDWY_FLG,ISECT_TYP_CD,ISECT_TYP_SHORT_DESC,ISECT_REL_FLG,RNDABT_FLG,DRVWY_REL_FLG,LN_QTY,TURNG_LEG_QTY,MEDN_TYP_CD,MEDN_TYP_SHORT_DESC,IMPCT_LOC_CD,CRASH_TYP_CD,CRASH_TYP_SHORT_DESC,COLLIS_TYP_CD,COLLIS_TYP_SHORT_DESC,CRASH_SVRTY_CD,CRASH_SVRTY_SHORT_DESC,WTHR_COND_CD,WTHR_COND_SHORT_DESC,RD_SURF_COND_CD,RD_SURF_SHORT_DESC,LGT_COND_CD,LGT_COND_SHORT_DESC,TRAF_CNTL_DEVICE_CD,TRAF_CNTL_DEVICE_SHORT_DESC,TRAF_CNTL_FUNC_FLG,INVSTG_AGY_CD,INVSTG_AGY_SHORT_DESC,CRASH_EVNT_1_CD,CRASH_EVNT_1_SHORT_DESC,CRASH_EVNT_2_CD,CRASH_EVNT_2_SHORT_DESC,CRASH_EVNT_3_CD,CRASH_EVNT_3_SHORT_DESC,CRASH_CAUSE_1_CD,CRASH_CAUSE_1_SHORT_DESC,CRASH_CAUSE_2_CD,CRASH_CAUSE_2_SHORT_DESC,CRASH_CAUSE_3_CD,CRASH_CAUSE_3_SHORT_DESC,SCHL_ZONE_IND,WRK_ZONE_IND,ALCHL_INVLV_FLG,DRUG_INVLV_FLG,MJ_INVLV_FLG,CRASH_SPEED_INVLV_FLG,CRASH_HIT_RUN_FLG,POP_RNG_CD,POP_RNG_MED_DESC,RD_CNTL_CD,RD_CNTL_MED_DESC,RTE_TYP_CD,RTE_ID,RTE_NM,REG_ID,DIST_ID,SEG_MRK_ID,SEG_PT_LRS_MEAS,UNLOCT_FLG,CRASH_LAST_UD_DT,TOT_VHCL_CNT,TOT_FATAL_CNT,TOT_INJ_LVL_A_CNT,TOT_INJ_LVL_B_CNT,TOT_INJ_LVL_C_CNT,TOT_INJ_CNT,TOT_UNINJD_AGE00_04_CNT,TOT_UNINJD_PER_CNT,TOT_PED_CNT,TOT_PED_FATAL_CNT,TOT_PED_INJ_LVL_A_CNT,TOT_PED_INJ_CNT,TOT_PEDCYCL_CNT,TOT_PEDCYCL_FATAL_CNT,TOT_PEDCYCL_INJ_LVL_A_CNT,TOT_PEDCYCL_INJ_CNT,TOT_UNKNWN_CNT,TOT_UNKNWN_FATAL_CNT,TOT_UNKNWN_INJ_CNT,TOT_OCCUP_CNT,TOT_PER_INVLV_CNT,TOT_SFTY_EQUIP_USED_QTY,TOT_SFTY_EQUIP_UNUSED_QTY,TOT_SFTY_EQUIP_USE_UNKNWN_QTY,TOT_PSNGR_VHCL_OCC_UNRESTRND_FATAL_CNT,TOT_MCYCLST_FATAL_CNT,TOT_MCYCLST_INJ_LVL_A_CNT,TOT_MCYCLST_INJ_CNT,TOT_MCYCLST_UNHELMTD_FATAL_CNT,TOT_ALCHL_IMPAIRED_DRVR_INV_FATAL_CNT,TOT_DRVR_AGE_01_20_CNT,LANE_RDWY_DPRT_CRASH_FLG
1791392,08156,09/09/18 00:00:00,09,09,2018,1,21,9P ,26,Multnomah,245,Portland SE,57,PORTLAND UA    ,14,U PR-ART,1,026,  ,MT. HOOD,1,0,MN,0,R,,002600100S00,45,29,52.990000000000000,-122,30,38.240000000000000,45.498052777777333,-122.510622222222000,,,,,01940  ,SE POWELL BLVD              ,,05148  ,SE 148TH AVE                ,,1,,4,8.55000019e+00,35,1,INTER   ,0,1,CROSS  ,0,0,0,,0,,,06,E,S-1STOP   ,3,REAR    ,4,INJ,1,CLR ,1,DRY ,2,DLIT,001,TRF SIGNAL,1,0,NONE  ,,,,,,,29,F AVOID ,,,,,,,0,0,0,0,0,9,"Over 200,000",2,PORTLAND HWY SYSTEM,US,26   ,US 26     ,1,02B,293_18831,,0,10/30/19 17:21:05,2,0,0,0,1,1,0,1,0,0,0,0,0,0,0,0,0,0,0,2,2,1,0,1,0,0,0,0,0,0,0,N
1791393,08163,09/09/18 00:00:00,09,09,2018,1,10,10A,26,Multnomah,245,Portland SE,57,PORTLAND UA    ,16,U MN-ART,0,,,,,,,,,,,45,28,34.580000000000000,-122,32,50.560000000000000,45.476272222221667,-122.547377777777333,,,,,00824  ,SE FOSTER RD                ,,07110  ,SE 110TH DR                 ,,1,500,3,,,3,STRGHT  ,0,,,0,0,0,4,,0,NONE ,08,C,S-STRGHT  ,5,SS-O    ,4,INJ,1,CLR ,1,DRY ,1,DAY ,099,UNKNOWN   ,1,5,NO RPT,,,,,,,13,IMP LN C,,,,,,,0,0,0,0,0,9,"Over 200,000",1,PORTLAND CITY STREET,,,,1,02C,58_194396,,0,10/30/19 17:21:05,2,0,0,0,5,5,0,0,0,0,0,0,0,0,0,0,0,0,0,5,5,5,0,0,0,0,0,0,0,0,0,N
1791396,07179,08/14/18 00:00:00,08,14,2018,3,09,9A ,26,Multnomah,245,Portland SE,57,PORTLAND UA    ,16,U MN-ART,0,,,,,,,,,,,45,29,48.580000000000000,-122,36,38.600000000000000,45.496827777777333,-122.610722222222000,,,,,00824  ,SE FOSTER RD                ,,01403  ,SE LAFAYETTE ST             ,,1,0,9,,,1,INTER   ,0,3,3-LEG  ,0,0,0,,0,,,04,H,O-1 L-TURN,6,TURN    ,4,INJ,1,CLR ,1,DRY ,1,DAY ,004,STOP SIGN ,1,0,NONE  ,,,,,,,02,NO-YIELD,,,,,,,0,0,0,0,0,9,"Over 200,000",1,PORTLAND CITY STREET,,,,1,02B,58_122300,,0,10/30/19 17:21:05,2,0,0,0,1,1,0,2,0,0,0,0,0,0,0,0,0,0,0,3,3,3,0,0,0,0,0,0,0,0,0,N
1791398,08166,09/09/18 00:00:00,09,09,2018,1,05,5A ,26,Multnomah,245,Portland SE,57,PORTLAND UA    ,16,U MN-ART,0,,,,,,,,,,,45,28,36.910000000000000,-122,31,24.830000000000000,45.476919444443667,-122.523563888888667,,,,,00824  ,SE FOSTER RD                ,,05136  ,SE 136TH AVE                ,,1,0,9,,,1,INTER   ,0,3,3-LEG  ,0,0,0,,0,,,02,H,O-1 L-TURN,6,TURN    ,4,INJ,1,CLR ,1,DRY ,2,DLIT,001,TRF SIGNAL,1,5,NO RPT,,,,,,,02,NO-YIELD,04,DIS SIG ,,,,,0,0,0,0,0,9,"Over 200,000",1,PORTLAND CITY STREET,,,,1,02C,58_128227,,0,10/30/19 17:21:05,2,0,0,0,1,1,0,1,0,0,0,0,0,0,0,0,0,0,0,2,2,0,0,2,0,0,0,0,0,0,0,N
1791403,07186,08/14/18 00:00:00,08,14,2018,3,17,5P ,26,Multnomah,245,Portland SE,57,PORTLAND UA    ,16,U MN-ART,0,,,,,,,,,,,45,31,8.320000000000000,-122,32,49.050000000000000,45.518977777777667,-122.546958333333333,,,,,02259  ,SE STARK ST                 ,,05113  ,SE 113TH AVE                ,,1,0,3,,,1,INTER   ,0,4,4-LEG  ,0,0,0,,0,,,06,E,S-1STOP   ,3,REAR    ,4,INJ,1,CLR ,1,DRY ,1,DAY ,004,STOP SIGN ,1,5,NO RPT,,,,,,,29,F AVOID ,,,,,,,0,0,0,0,0,9,"Over 200,000",1,PORTLAND CITY STREET,,,,1,02B,58_115784,,0,10/30/19 17:21:05,2,0,0,0,1,1,0,1,0,0,0,0,0,0,0,0,0,0,0,2,2,1,0,1,0,0,0,0,0,0,0,N
1791425,08184,09/10/18 00:00:00,09,10,2018,2,10,10A,26,Multnomah,245,Portland SE,57,PORTLAND UA    ,14,U PR-ART,1,068,  ,CASCADE HWY NORTH,1,0,MN,0,R,,006800100S00,45,31,8.870000000000000,-122,34,44.570000000000000,45.519130555554667,-122.579047222221667,,,,,02259  ,SE STARK ST                 ,,05082  ,SE 82ND AVE                 ,,1,,9,3.25000000e+00,35,1,INTER   ,0,1,CROSS  ,0,0,0,,0,,,02,B,ANGL-OTH  ,1,ANGL    ,4,INJ,0,UNK ,0,UNK ,1,DAY ,001,TRF SIGNAL,1,5,NO RPT,,,,,,,02,NO-YIELD,04,DIS SIG ,,,,,0,0,0,0,0,9,"Over 200,000",2,PORTLAND HWY SYSTEM,OR,213  ,OR 213    ,1,02B,293_20452,,0,10/30/19 17:21:05,2,0,0,0,1,1,0,1,0,0,0,0,0,0,0,0,0,0,0,2,2,0,0,2,0,0,0,0,0,0,0,N
1791446,08204,09/12/18 00:00:00,09,12,2018,4,23,11P,26,Multnomah,245,Portland SE,57,PORTLAND UA    ,16,U MN-ART,0,,,,,,,,,,,45,28,33.760000000000000,-122,32,57.760000000000000,45.476044444443667,-122.549377777777333,,,,,00824  ,SE FOSTER RD                ,,05111  ,SE 111TH AVE                ,,1,0,9,,,1,INTER   ,0,1,CROSS  ,0,0,0,,0,,,01,B,ANGL-OTH  ,1,ANGL    ,4,INJ,1,CLR ,1,DRY ,2,DLIT,001,TRF SIGNAL,1,3,CITY  ,053,POLE UTL  ,121,FENCE     ,,,02,NO-YIELD,04,DIS SIG ,,,0,0,0,0,0,0,1,9,"Over 200,000",1,PORTLAND CITY STREET,,,,1,02C,58_128417,,0,10/30/19 17:21:05,3,0,0,0,1,1,0,2,0,0,0,0,0,0,0,0,0,0,0,3,3,0,0,3,0,0,0,0,0,0,0,N
1791449,08205,09/12/18 00:00:00,09,12,2018,4,10,10A,26,Multnomah,245,Portland SE,57,PORTLAND UA    ,14,U PR-ART,1,081,  ,PACIFIC HIGHWAY EAST,2,0,MN,0,R,,008100200S00,45,29,25.180000000000000,-122,39,14.630000000000000,45.490327777777333,-122.654063888888000,,,,,01055  ,SE HOLGATE BLVD             ,,01506  ,SE MCLOUGHLIN BLVD          ,,1,,3,2.32999992e+00,45,1,INTER   ,0,1,CROSS  ,0,0,0,,0,,,06,E,S-1STOP   ,3,REAR    ,4,INJ,1,CLR ,1,DRY ,1,DAY ,001,TRF SIGNAL,1,0,NONE  ,,,,,,,29,F AVOID ,,,,,,,0,0,0,0,0,9,"Over 200,000",2,PORTLAND HWY SYSTEM,OR,99E  ,OR 99E    ,1,02B,293_15281,,0,10/30/19 17:21:05,2,0,0,0,1,1,0,1,0,0,0,0,0,0,0,0,0,0,0,2,2,2,0,0,0,0,0,0,0,0,0,N
1791543,07218,08/15/18 00:00:00,08,15,2018,4,14,2P ,26,Multnomah,245,Portland SE,57,PORTLAND UA    ,19,U LOCAL ,0,,,,,,,,,,,45,30,12.160000000000000,-122,34,41.530000000000000,45.503377777777000,-122.578202777777667,,,,,00464  ,SE CLINTON ST               ,,05082  ,SE 82ND AVE                 ,,1,100,3,,,3,STRGHT  ,0,,,0,0,0,2,,0,NONE ,07,F,S-OTHER   ,7,PARK    ,4,INJ,1,CLR ,1,DRY ,1,DAY ,099,UNKNOWN   ,1,5,NO RPT,,,,,,,02,NO-YIELD,,,,,,,0,0,0,0,0,9,"Over 200,000",1,PORTLAND CITY STREET,,,,1,02B,58_120251,,0,10/30/19 17:21:05,2,0,0,0,1,1,0,1,0,0,0,0,0,0,0,0,0,0,0,2,2,1,0,1,0,0,0,0,0,0,0,N
1791548,08244,09/11/18 00:00:00,09,11,2018,3,12,12P,26,Multnomah,245,Portland SE,57,PORTLAND UA    ,16,U MN-ART,0,,,,,,,,,,,45,31,9.060000000000000,-122,35,6.890000000000000,45.519183333332667,-122.585247222221333,,,,,02259  ,SE STARK ST                 ,,05076  ,SE 76TH AVE                 ,,1,0,3,,,1,INTER   ,0,3,3-LEG  ,0,0,0,,0,,,06,E,S-1STOP   ,3,REAR    ,4,INJ,3,RAIN,2,WET ,1,DAY ,001,TRF SIGNAL,1,5,NO RPT,013,FORCED    ,,,,,27,INATTENT,29,F AVOID ,,,,,0,0,0,0,0,9,"Over 200,000",1,PORTLAND CITY STREET,,,,1,02B,58_115514,,0,10/30/19 17:21:05,3,0,0,0,1,1,0,2,0,0,0,0,0,0,0,0,0,0,0,3,3,1,0,2,0,0,0,0,0,0,0,N
1791558,07230,08/15/18 00:00:00,08,15,2018,4,15,3P ,26,Multnomah,245,Portland SE,57,PORTLAND UA    ,19,U LOCAL ,0,,,,,,,,,,,45,31,4.440000000000000,-122,38,55.930000000000000,45.517899999999667,-122.648869444444333,,,,,00113  ,SE ALDER ST                 ,,05017  ,SE 17TH AVE                 ,,1,54,7,,,3,STRGHT  ,0,,,0,0,0,2,,0,NONE ,07,F,S-OTHER   ,7,PARK    ,4,INJ,1,CLR ,1,DRY ,1,DAY ,099,UNKNOWN   ,1,0,NONE  ,,,,,,,02,NO-YIELD,,,,,,,0,0,0,0,0,9,"Over 200,000",1,PORTLAND CITY STREET,,,,1,02B,58_115573,,0,10/30/19 17:21:05,2,0,0,0,1,1,0,1,0,0,0,0,0,0,0,0,0,0,0,2,2,1,0,1,0,0,0,0,0,0,0,N
1791565,08256,09/11/18 00:00:00,09,11,2018,3,11,11A,26,Multnomah,245,Portland SE,57,PORTLAND UA    ,14,U PR-ART,1,,,,,,,,,,,45,31,17.430000000000000,-122,39,42.370000000000000,45.521508333332667,-122.661769444444000,,,,,00134  ,SE ASH ST                   ,,02402  ,SE MLK/UNION                ,,1,0,9,,,1,INTER   ,0,1,CROSS  ,0,0,0,,0,,,04,B,ANGL-OTH  ,6,TURN    ,4,INJ,3,RAIN,2,WET ,1,DAY ,004,STOP SIGN ,1,0,NONE  ,,,,,,,02,NO-YIELD,03,PAS-STOP,,,,,0,0,0,0,0,9,"Over 200,000",1,PORTLAND CITY STREET,,,,1,02B,58_138320,,0,10/30/19 17:21:05,2,0,0,0,1,1,0,1,0,0,0,0,0,0,0,0,0,0,0,2,2,1,0,1,0,0,0,0,0,0,0,N
1791566,07248,08/16/18 00:00:00,08,16,2018,5,05,5A ,26,Multnomah,245,Portland SE,57,PORTLAND UA    ,11,U INTRST,1,001,  ,PACIFIC,1,0,MN,0,R,,000100100S00,45,31,1.180000000000000,-122,40,2.050000000000000,45.516994444443667,-122.667236111110667,,,,,00302  ,PACIFIC HY I-5              ,,09439  ,SB ENFR BANFIELD C2         ,,1,,5,3.01049988e+02,50,3,STRGHT  ,0,,,0,0,0,6,,1,RSDMD,07,C,S-STRGHT  ,5,SS-O    ,4,INJ,1,CLR ,1,DRY ,4,DAWN,099,UNKNOWN   ,1,5,NO RPT,013,FORCED    ,,,,,13,IMP LN C,,,,,,,0,0,0,0,0,9,"Over 200,000",2,PORTLAND HWY SYSTEM,IS,5    ,I-5       ,1,02B,293_3645,,0,10/30/19 17:21:05,3,0,0,0,1,1,0,2,0,0,0,0,0,0,0,0,0,0,0,3,3,1,0,2,0,0,0,0,0,0,0,N
1791572,07254,08/16/18 00:00:00,08,16,2018,5,19,7P ,26,Multnomah,245,Portland SE,57,PORTLAND UA    ,17,U MJ-COL,0,,,,,,,,,,,45,30,59.330000000000000,-122,39,2.180000000000000,45.516480555555000,-122.650605555555000,,,,,00226  ,SE BELMONT ST               ,,05015  ,SE 15TH AVE                 ,,1,0,9,,,1,INTER   ,0,1,CROSS  ,0,0,0,,0,,,04,H,O-1 L-TURN,6,TURN    ,4,INJ,1,CLR ,1,DRY ,1,DAY ,004,STOP SIGN ,1,5,NO RPT,,,,,,,02,NO-YIELD,,,,,,,0,0,0,0,0,9,"Over 200,000",1,PORTLAND CITY STREET,,,,1,02B,58_115993,,0,10/30/19 17:21:05,2,0,0,0,1,1,0,1,0,0,0,0,0,0,0,0,0,0,0,2,2,2,0,0,0,0,0,0,0,0,0,N
1791574,07255,08/16/18 00:00:00,08,16,2018,5,19,7P ,26,Multnomah,245,Portland SE,57,PORTLAND UA    ,16,U MN-ART,0,,,,,,,,,,,45,30,41.560000000000000,-122,32,15.620000000000000,45.511544444444000,-122.537672222221333,,,,,01528  ,SE MARKET ST                ,,05122  ,SE 122ND AVE                ,,1,0,1,,,1,INTER   ,0,1,CROSS  ,0,0,0,,0,,,06,E,S-1STOP   ,3,REAR    ,4,INJ,1,CLR ,1,DRY ,1,DAY ,001,TRF SIGNAL,1,0,NONE  ,,,,,,,29,F AVOID ,,,,,,,0,0,0,0,0,9,"Over 200,000",1,PORTLAND CITY STREET,,,,1,02B,58_118123,,0,10/30/19 17:21:05,2,0,0,1,0,1,0,1,0,0,0,0,0,0,0,0,0,0,0,2,2,1,0,1,0,0,0,0,0,0,0,N
1791580,07258,08/16/18 00:00:00,08,16,2018,5,09,9A ,26,Multnomah,245,Portland SE,57,PORTLAND UA    ,16,U MN-ART,0,,,,,,,,,,,45,30,44.020000000000000,-122,39,31.360000000000000,45.512227777777000,-122.658711111111000,,,,,01028  ,SE HAWTHORNE BLVD           ,,05007  ,SE 7TH AVE                  ,,1,0,9,,,1,INTER   ,0,1,CROSS  ,0,0,0,,0,,,03,6,BIKE      ,6,TURN    ,4,INJ,1,CLR ,1,DRY ,1,DAY ,001,TRF SIGNAL,1,3,CITY  ,,,,,,,04,DIS SIG ,,,,,,,0,0,0,0,0,9,"Over 200,000",1,PORTLAND CITY STREET,,,,1,02B,58_139857,,0,10/30/19 17:21:05,1,0,0,0,1,1,0,1,0,0,0,0,1,0,0,1,0,0,0,1,2,2,0,0,0,0,0,0,0,0,0,N
1791620,07281,08/18/18 00:00:00,08,18,2018,7,12,12P,26,Multnomah,245,Portland SE,57,PORTLAND UA    ,17,U MJ-COL,0,,,,,,,,,,,45,29,25.090000000000000,-122,37,45.880000000000000,45.490302777777333,-122.629411111110667,,,,,01055  ,SE HOLGATE BLVD             ,,05034  ,SE 34TH AVE                 ,,2,0,3,,,1,INTER   ,0,3,3-LEG  ,0,0,0,,0,,,06,E,S-1STOP   ,3,REAR    ,4,INJ,1,CLR ,1,DRY ,1,DAY ,004,STOP SIGN ,1,5,NO RPT,013,FORCED    ,,,,,29,F AVOID ,,,,,,,0,0,0,0,0,9,"Over 200,000",1,PORTLAND CITY STREET,,,,1,02B,58_124077,,0,10/30/19 17:21:05,3,0,0,0,2,2,0,2,0,0,0,0,0,0,0,0,0,0,0,4,4,3,0,1,0,0,0,0,0,0,0,N
1791621,08269,09/13/18 00:00:00,09,13,2018,5,20,8P ,26,Multnomah,245,Portland SE,57,PORTLAND UA    ,11,U INTRST,1,001,  ,PACIFIC,2,0,MN,0,R,,000100200S00,45,30,39.210000000000000,-122,40,0.260000000000000,45.510891666666000,-122.666738888888667,,,,,00302  ,PACIFIC HY I-5              ,,09460  ,NB EXTO BANFIELD C1         ,,1,,5,3.00640015e+02,50,3,STRGHT  ,0,,,0,0,0,6,,1,RSDMD,04,E,S-1STOP   ,3,REAR    ,4,INJ,1,CLR ,1,DRY ,2,DLIT,017,MEDIAN BAR,1,0,NONE  ,,,,,,,29,F AVOID ,,,,,,,0,0,0,0,0,9,"Over 200,000",2,PORTLAND HWY SYSTEM,IS,5    ,I-5       ,1,02B,293_3024,,0,10/30/19 17:21:05,2,0,0,0,1,1,0,1,0,0,0,0,0,0,0,0,0,0,0,2,2,1,0,1,0,0,0,0,0,0,0,N
1791632,07282,08/18/18 00:00:00,08,18,2018,7,12,12P,26,Multnomah,245,Portland SE,57,PORTLAND UA    ,11,U INTRST,0,064,  ,EAST PORTLAND FREEWAY,1,6,CN,0,R,2,0064BL100S00,45,28,40.870000000000000,-122,33,53.110000000000000,45.478019444443667,-122.564752777777000,,,,,02658  ,SE WOODSTOCK BLVD           ,,05096  ,SE 96TH AVE                 ,,1,,9,1.77700005e+01,,1,INTER   ,0,1,CROSS  ,0,0,0,,0,,,02,B,ANGL-OTH  ,6,TURN    ,4,INJ,1,CLR ,1,DRY ,1,DAY ,001,TRF SIGNAL,1,5,NO RPT,,,,,,,02,NO-YIELD,,,,,,,0,0,0,0,0,9,"Over 200,000",2,PORTLAND HWY SYSTEM,IS,205  ,I-205     ,1,02B,293_6089,,0,10/30/19 17:21:05,2,0,0,0,2,2,0,0,0,0,0,0,0,0,0,0,0,0,0,2,2,0,0,2,0,0,0,0,0,0,0,N
1791647,08274,09/13/18 00:00:00,09,13,2018,5,17,5P ,26,Multnomah,245,Portland SE,57,PORTLAND UA    ,16,U MN-ART,0,,,,,,,,,,,45,27,51.570000000000000,-122,39,13.910000000000000,45.464325000000000,-122.653863888888000,,,,,02301  ,SE TACOMA ST                ,,05013  ,SE 13TH AVE                 ,,1,200,7,,,3,STRGHT  ,0,,,1,0,0,4,,0,NONE ,07,E,S-1STOP   ,3,REAR    ,4,INJ,1,CLR ,1,DRY ,1,DAY ,099,UNKNOWN   ,1,0,NONE  ,,,,,,,29,F AVOID ,,,,,,,0,0,0,0,0,9,"Over 200,000",1,PORTLAND CITY STREET,,,,1,02B,58_130334,,0,10/30/19 17:21:05,2,0,0,0,2,2,0,1,0,0,0,0,0,0,0,0,0,0,0,3,3,2,0,1,0,0,0,0,0,0,0,N
1791649,07285,08/18/18 00:00:00,08,18,2018,7,09,9A ,26,Multnomah,245,Portland SE,57,PORTLAND UA    ,16,U MN-ART,0,,,,,,,,,,,45,29,50.990000000000000,-122,32,15.580000000000000,45.497497222221333,-122.537661111110333,,,,,05122  ,SE 122ND AVE                ,,01940  ,SE POWELL BLVD              ,,1,121,1,,,2,ALLEY   ,0,,,0,0,0,4,,0,NONE ,07,B,ANGL-OTH  ,6,TURN    ,4,INJ,0,UNK ,0,UNK ,1,DAY ,099,UNKNOWN   ,1,5,NO RPT,,,,,,,02,NO-YIELD,,,,,,,0,0,0,0,0,9,"Over 200,000",1,PORTLAND CITY STREET,,,,1,02B,58_170678,,0,10/30/19 17:21:05,2,0,0,0,1,1,0,1,0,0,0,0,0,0,0,0,0,0,0,2,2,0,0,2,0,0,0,0,0,0,0,N
1791699,07295,08/18/18 00:00:00,08,18,2018,7,20,8P ,26,Multnomah,245,Portland SE,57,PORTLAND UA    ,16,U MN-ART,1,,,,,,,,,,,45,31,35.410000000000000,-122,40,59.760000000000000,45.526502777777667,-122.683266666666667,,,,,01021  ,SE HARRISON ST              ,,05039  ,SE 39TH AV/CESAR CHAVEZ     ,,1,0,9,,,1,INTER   ,0,1,CROSS  ,0,0,0,,0,,,04,H,O-1 L-TURN,6,TURN    ,4,INJ,1,CLR ,1,DRY ,5,DUSK,004,STOP SIGN ,1,5,NO RPT,010,SUB OTRN  ,,,,,02,NO-YIELD,,,,,,,0,0,0,0,0,9,"Over 200,000",1,PORTLAND CITY STREET,,,,1,02B,58_137556,,0,10/30/19 17:21:05,2,0,1,0,0,1,0,1,0,0,0,0,0,0,0,0,0,0,0,2,2,2,0,0,0,0,1,1,0,0,0,N
1791707,07303,08/18/18 00:00:00,08,18,2018,7,20,8P ,26,Multnomah,245,Portland SE,57,PORTLAND UA    ,16,U MN-ART,0,,,,,,,,,,,45,28,33.610000000000000,-122,32,59.280000000000000,45.476002777777667,-122.549799999999333,,,,,00824  ,SE FOSTER RD                ,,05111  ,SE 111TH AVE                ,,1,84,7,,,2,ALLEY   ,0,,,0,0,0,4,,0,NONE ,08,B,ANGL-OTH  ,6,TURN    ,4,INJ,1,CLR ,1,DRY ,5,DUSK,099,UNKNOWN   ,1,5,NO RPT,,,,,,,02,NO-YIELD,,,,,,,0,0,0,0,0,9,"Over 200,000",1,PORTLAND CITY STREET,,,,1,02C,58_128417,,0,10/30/19 17:21:05,2,0,0,0,1,1,0,1,0,0,0,0,0,0,0,0,0,0,0,2,2,2,0,0,0,0,0,0,0,0,0,N
1791710,07304,08/18/18 00:00:00,08,18,2018,7,18,6P ,26,Multnomah,245,Portland SE,57,PORTLAND UA    ,14,U PR-ART,1,026,  ,MT. HOOD,1,0,MN,0,R,,002600100S00,45,30,5.640000000000000,-122,39,33.260000000000000,45.501566666666000,-122.659238888888000,,,,,01940  ,SE POWELL BLVD              ,,01643  ,NB EX POWELL BVD C2         ,,1,,3,1.07000005e+00,35,3,STRGHT  ,0,,,0,0,0,4,,0,NONE ,03,C,S-STRGHT  ,5,SS-O    ,4,INJ,1,CLR ,1,DRY ,1,DAY ,099,UNKNOWN   ,1,3,CITY  ,,,,,,,13,IMP LN C,,,,,0,0,0,0,0,0,1,9,"Over 200,000",2,PORTLAND HWY SYSTEM,US,26   ,US 26     ,1,02B,293_6796,,0,10/30/19 17:21:05,2,0,0,0,1,1,0,2,0,0,0,0,0,0,0,0,0,0,0,3,3,0,0,3,0,0,0,0,0,0,0,N
1791728,07313,08/17/18 00:00:00,08,17,2018,6,20,8P ,26,Multnomah,245,Portland SE,57,PORTLAND UA    ,16,U MN-ART,0,,,,,,,,,,,45,31,16.200000000000000,-122,32,15.950000000000000,45.521166666666667,-122.537763888888333,,,,,00134  ,SE ASH ST                   ,,05122  ,SE 122ND AVE                ,,1,0,5,,,1,INTER   ,0,4,4-LEG  ,0,0,0,,0,,,06,E,S-1STOP   ,3,REAR    ,4,INJ,1,CLR ,1,DRY ,5,DUSK,001,TRF SIGNAL,1,5,NO RPT,,,,,,,29,F AVOID ,,,,,,,0,0,0,0,0,9,"Over 200,000",1,PORTLAND CITY STREET,,,,1,02B,58_138791,,0,10/30/19 17:21:05,2,0,0,0,1,1,0,1,0,0,0,0,0,0,0,0,0,0,0,2,2,1,0,1,0,0,0,0,0,0,0,N
1791731,07315,08/17/18 00:00:00,08,17,2018,6,19,7P ,26,Multnomah,245,Portland SE,57,PORTLAND UA    ,14,U PR-ART,1,,,,,,,,,,,45,30,14.840000000000000,-122,32,27.230000000000000,45.504122222222000,-122.540897222221333,,,,,00614  ,SE DIVISION ST              ,,05119  ,SE 119TH AVE                ,,1,0,0,,,1,INTER   ,0,3,3-LEG  ,0,0,0,,0,,,06,E,S-1STOP   ,3,REAR    ,4,INJ,0,UNK ,0,UNK ,1,DAY ,001,TRF SIGNAL,1,5,NO RPT,,,,,,,29,F AVOID ,,,,,,,0,0,0,0,0,9,"Over 200,000",1,PORTLAND CITY STREET,,,,1,02B,58_120213,,0,10/30/19 17:21:05,2,0,0,0,1,1,0,1,0,0,0,0,0,0,0,0,0,0,0,2,2,0,0,2,0,0,0,0,0,0,0,N
1791732,07317,08/17/18 00:00:00,08,17,2018,6,15,3P ,26,Multnomah,245,Portland SE,57,PORTLAND UA    ,11,U INTRST,1,064,  ,EAST PORTLAND FREEWAY,2,0,MN,0,R,,006400200S00,45,31,0.820000000000000,-122,33,56.090000000000000,45.516894444443667,-122.565580555555000,,,,,00745  ,EAST PORTLAND FY            ,,09724  ,SB EF WASH-STARK C4         ,,1,,1,2.05000000e+01,55,3,STRGHT  ,0,,,0,0,0,6,,2,DIVMD,03,C,S-STRGHT  ,5,SS-O    ,4,INJ,1,CLR ,1,DRY ,1,DAY ,099,UNKNOWN   ,1,5,NO RPT,,,,,,,13,IMP LN C,,,,,,,0,0,0,0,0,9,"Over 200,000",2,PORTLAND HWY SYSTEM,IS,205  ,I-205     ,1,02B,293_5895,,0,10/30/19 17:21:05,2,0,0,0,2,2,0,1,0,0,0,0,0,0,0,0,0,0,0,3,3,3,0,0,0,0,0,0,0,0,0,N