CRASH_ID,SER_NO,CRASH_DT,CRASH_MO_NO,CRASH_DAY_NO,CRASH_YR_NO,CRASH_WK_DAY_CD,CRASH_HR_NO,CRASH_HR_SHORT_DESC,CNTY_ID,CNTY_NM,CITY_SECT_ID,CITY_SECT_NM,URB_AREA_CD,URB_AREA_SHORT_NM,FC_CD,FC_SHORT_DESC,NHS_FLG,HWY_NO,HWY_SFX_NO,HWY_MED_NM,RDWY_NO,HWY_COMPNT_CD,HWY_COMPNT_SHORT_DESC,MLGE_TYP_CD,MLGE_TYP_SHORT_DESC,RD_CON_NO,LRS_VAL,LAT_DEG_NO,LAT_MINUTE_NO,LAT_SEC_NO,LONGTD_DEG_NO,LONGTD_MINUTE_NO,LONGTD_SEC_NO,LAT_DD,LONGTD_DD,SPECL_JRSDCT_ID,SPECL_JRSDCT_SHORT_DESC,JRSDCT_GRP_CD,JRSDCT_GRP_LONG_DESC,AGY_ST_NO,ST_FULL_NM,RECRE_RD_NM,ISECT_AGY_ST_NO,ISECT_ST_FULL_NM,ISECT_RECRE_RD_NM,ISECT_SEQ_NO,FROM_ISECT_DSTNC_QTY,CMPSS_DIR_CD,MP_NO,POST_SPEED_LMT_VAL,RD_CHAR_CD,RD_CHAR_SHORT_DESC,OFF_RDWY_FLG,ISECT_TYP_CD,ISECT_TYP_SHORT_DESC,ISECT_REL_FLG,RNDABT_FLG,DRVWY_REL_FLG,LN_QTY,TURNG_LEG_QTY,MEDN_TYP_CD,MEDN_TYP_SHORT_DESC,IMPCT_LOC_CD,CRASH_TYP_CD,CRASH_TYP_SHORT_DESC,COLLIS_TYP_CD,COLLIS_TYP_SHORT_DESC,CRASH_SVRTY_CD,CRASH_SVRTY_SHORT_DESC,WTHR_COND_CD,WTHR_COND_SHORT_DESC,RD_SURF_COND_CD,RD_SURF_SHORT_DESC,LGT_COND_CD,LGT_COND_SHORT_DESC,TRAF_CNTL_DEVICE_CD,TRAF_CNTL_DEVICE_SHORT_DESC,TRAF_CNTL_FUNC_FLG,INVSTG_AGY_CD,INVSTG_AGY_SHORT_DESC,CRASH_EVNT_1_CD,CRASH_EVNT_1_SHORT_DESC,CRASH_EVNT_2_CD,CRASH_EVNT_2_SHORT_DESC,CRASH_EVNT_3_CD,CRASH_EVNT_3_SHORT_DESC,CRASH_CAUSE_1_CD,CRASH_CAUSE_1_SHORT_DESC,CRASH_CAUSE_2_CD,CRASH_CAUSE_2_SHORT_DESC,CRASH_CAUSE_3_CD,CRASH_CAUSE_3_SHORT_DESC,SCHL_ZONE_IND,WRK_ZONE_IND,ALCHL_INVLV_FLG,DRUG_INVLV_FLG,MJ_INVLV_FLG,CRASH_SPEED_INVLV_FLG,CRASH_HIT_RUN_FLG,POP_RNG_CD,POP_RNG_MED_DESC,RD_CNTL_CD,RD_CNTL_MED_DESC,RTE_TYP_CD,RTE_ID,RTE_NM,REG_ID,DIST_ID,SEG_MRK_ID,SEG_PT_LRS_MEAS,UNLOCT_FLG,CRASH_LAST_UD_DT,TOT_VHCL_CNT,TOT_FATAL_CNT,TOT_INJ_LVL_A_CNT,TOT_INJ_LVL_B_CNT,TOT_INJ_LVL_C_CNT,TOT_INJ_CNT,TOT_UNINJD_AGE00_04_CNT,TOT_UNINJD_PER_CNT,TOT_PED_CNT,TOT_PED_FATAL_CNT,TOT_PED_INJ_LVL_A_CNT,TOT_PED_INJ_CNT,TOT_PEDCYCL_CNT,TOT_PEDCYCL_FATAL_CNT,TOT_PEDCYCL_INJ_LVL_A_CNT,TOT_PEDCYCL_INJ_CNT,TOT_UNKNWN_CNT,TOT_UNKNWN_FATAL_CNT,TOT_UNKNWN_INJ_CNT,TOT_OCCUP_CNT,TOT_PER_INVLV_CNT,TOT_SFTY_EQUIP_USED_QTY,TOT_SFTY_EQUIP_UNUSED_QTY,TOT_SFTY_EQUIP_USE_UNKNWN_QTY,TOT_PSNGR_VHCL_OCC_UNRESTRND_FATAL_CNT,TOT_MCYCLST_FATAL_CNT,TOT_MCYCLST_INJ_LVL_A_CNT,TOT_MCYCLST_INJ_CNT,TOT_MCYCLST_UNHELMTD_FATAL_CNT,TOT_ALCHL_IMPAIRED_DRVR_INV_FATAL_CNT,TOT_DRVR_AGE_01_20_CNT,LANE_RDWY_DPRT_CRASH_FLG
1791748,07318,08/17/18 00:00:00,08,17,2018,6,14,2P ,26,Multnomah,245,Portland SE,57,PORTLAND UA    ,14,U PR-ART,1,,,,,,,,,,,45,30,14.670000000000000,-122,31,59.810000000000000,45.504075000000000,-122.533280555554667,,,,,00614  ,SE DIVISION ST              ,,05125  ,SE 125TH AVE                ,,1,364,3,,,2,ALLEY   ,0,,,0,0,0,4,,0,NONE ,08,H,O-1 L-TURN,6,TURN    ,4,INJ,1,CLR ,1,DRY ,1,DAY ,004,STOP SIGN ,1,5,NO RPT,,,,,,,02,NO-YIELD,,,,,,,0,0,0,0,0,9,"Over 200,000",1,PORTLAND CITY STREET,,,,1,02B,58_185859,,0,10/30/19 17:21:05,2,0,0,1,0,1,0,1,0,0,0,0,0,0,0,0,0,0,0,2,2,1,0,1,0,0,0,0,0,0,0,N
1791791,07344,08/19/18 00:00:00,08,19,2018,1,16,4P ,26,Multnomah,245,Portland SE,57,PORTLAND UA    ,17,U MJ-COL,0,,,,,,,,,,,45,29,25.130000000000000,-122,38,33.370000000000000,45.490313888888333,-122.642602777777333,,,,,01055  ,SE HOLGATE BLVD             ,,05025  ,SE 25TH AVE                 ,,1,500,7,,,3,STRGHT  ,0,,,0,0,0,4,,0,NONE ,07,G,O-STRGHT  ,2,HEAD    ,4,INJ,1,CLR ,1,DRY ,1,DAY ,099,UNKNOWN   ,1,5,NO RPT,,,,,,,05,LEFT-CTR,,,,,,,0,0,0,0,0,9,"Over 200,000",1,PORTLAND CITY STREET,,,,1,02B,58_124005,,0,10/30/19 17:21:05,3,0,0,1,1,2,1,6,0,0,0,0,0,0,0,0,0,0,0,8,8,3,0,5,0,0,0,0,0,0,0,N
1791798,07347,08/19/18 00:00:00,08,19,2018,1,19,7P ,26,Multnomah,245,Portland SE,57,PORTLAND UA    ,19,U LOCAL ,0,,,,,,,,,,,45,30,5.180000000000000,-122,35,47.640000000000000,45.501438888888000,-122.596566666666333,,,,,02659  ,SE WOODWARD ST              ,,05065  ,SE 65TH AVE                 ,,1,0,9,,,1,INTER   ,0,1,CROSS  ,0,0,0,,0,,,03,B,ANGL-OTH  ,1,ANGL    ,4,INJ,1,CLR ,1,DRY ,1,DAY ,004,STOP SIGN ,1,0,NONE  ,,,,,,,02,NO-YIELD,,,,,,,0,0,0,0,0,9,"Over 200,000",1,PORTLAND CITY STREET,,,,1,02B,58_120752,,0,10/30/19 17:21:05,2,0,0,1,0,1,0,3,0,0,0,0,0,0,0,0,0,0,0,4,4,4,0,0,0,0,0,0,0,0,0,N
1791831,83511,10/02/18 00:00:00,10,02,2018,3,18,6P ,26,Multnomah,245,Portland SE,57,PORTLAND UA    ,17,U MJ-COL,0,,,,,,,,,,,45,28,6.070000000000000,-122,33,58.380000000000000,45.468352777777667,-122.566216666666000,,,,,00817  ,SE FLAVEL ST                ,,01623  ,SE MT SCOTT BLVD            ,,1,175,7,,,3,STRGHT  ,0,,,0,0,0,2,,0,NONE ,07,E,S-1STOP   ,3,REAR    ,4,INJ,1,CLR ,1,DRY ,1,DAY ,026,WW W/ GATE,1,0,NONE  ,116,DSTRCT OTH,,,,,27,INATTENT,29,F AVOID ,,,,,0,0,0,0,0,9,"Over 200,000",1,PORTLAND CITY STREET,,,,1,02B,58_184733,,0,10/30/19 17:21:05,2,0,0,0,2,2,0,1,0,0,0,0,0,0,0,0,0,0,0,3,3,2,0,1,0,0,0,0,0,0,0,N
1791832,83546,10/04/18 00:00:00,10,04,2018,5,11,11A,26,Multnomah,245,Portland SE,57,PORTLAND UA    ,14,U PR-ART,1,068,  ,CASCADE HWY NORTH,1,0,MN,0,R,,006800100S00,45,28,15.650000000000000,-122,34,44.640000000000000,45.471013888888667,-122.579066666666667,,,,,01807  ,SE OGDEN ST                 ,,05082  ,SE 82ND AVE                 ,,1,,9,6.57999992e+00,35,1,INTER   ,0,3,3-LEG  ,0,0,0,,0,,,03,E,S-1STOP   ,3,REAR    ,4,INJ,0,UNK ,1,DRY ,1,DAY ,099,UNKNOWN   ,1,0,NONE  ,,,,,,,29,F AVOID ,,,,,,,0,0,0,0,0,9,"Over 200,000",2,PORTLAND HWY SYSTEM,OR,213  ,OR 213    ,1,02B,293_18737,,0,10/30/19 17:21:05,2,0,0,0,1,1,0,1,0,0,0,0,0,0,0,0,0,0,0,2,2,1,0,1,0,0,0,0,0,0,1,N
1791871,08310,09/14/18 00:00:00,09,14,2018,6,17,5P ,26,Multnomah,245,Portland SE,57,PORTLAND UA    ,16,U MN-ART,0,,,,,,,,,,,45,31,8.600000000000000,-122,33,44.280000000000000,45.519055555554667,-122.562300000000000,,,,,02259  ,SE STARK ST                 ,,05099  ,SE 99TH AVE                 ,,1,0,7,,,1,INTER   ,0,1,CROSS  ,0,0,0,,0,,,06,E,S-1STOP   ,3,REAR    ,4,INJ,1,CLR ,1,DRY ,1,DAY ,001,TRF SIGNAL,1,0,NONE  ,,,,,,,29,F AVOID ,,,,,,,0,0,0,0,0,9,"Over 200,000",1,PORTLAND CITY STREET,,,,1,02B,58_139139,,0,10/30/19 17:21:05,2,0,0,0,2,2,1,1,0,0,0,0,0,0,0,0,0,0,0,3,3,1,0,2,0,0,0,0,0,0,0,N
1791892,08320,09/14/18 00:00:00,09,14,2018,6,11,11A,26,Multnomah,245,Portland SE,57,PORTLAND UA    ,14,U PR-ART,1,068,  ,CASCADE HWY NORTH,1,0,MN,0,R,,006800100S00,45,28,58.110000000000000,-122,34,44.220000000000000,45.482808333332667,-122.578949999999667,,,,,00824  ,SE FOSTER RD                ,,05082  ,SE 82ND AVE                 ,,1,,5,5.76000023e+00,35,1,INTER   ,0,1,CROSS  ,0,0,0,,1,,,06,E,S-1STOP   ,3,REAR    ,4,INJ,1,CLR ,1,DRY ,1,DAY ,022,L-GRN-SIG ,1,0,NONE  ,,,,,,,29,F AVOID ,,,,,,,0,0,0,0,0,9,"Over 200,000",2,PORTLAND HWY SYSTEM,OR,213  ,OR 213    ,1,02B,293_1290,,0,10/30/19 17:21:05,2,0,0,0,1,1,0,1,0,0,0,0,0,0,0,0,0,0,0,2,2,1,0,1,0,0,0,0,0,0,0,N
1791942,08342,09/15/18 00:00:00,09,15,2018,7,13,1P ,26,Multnomah,245,Portland SE,57,PORTLAND UA    ,14,U PR-ART,1,026,  ,MT. HOOD,1,0,MN,0,R,,002600100S00,45,29,50.570000000000000,-122,37,19.180000000000000,45.497380555555333,-122.621994444443667,,,,,01940  ,SE POWELL BLVD              ,,05039  ,SE 39TH AV/CESAR CHAVEZ     ,,1,,3,2.94000006e+00,35,3,STRGHT  ,0,,,1,0,0,4,,0,NONE ,05,E,S-1STOP   ,3,REAR    ,4,INJ,1,CLR ,1,DRY ,1,DAY ,099,UNKNOWN   ,1,0,NONE  ,,,,,,,29,F AVOID ,,,,,,,0,0,0,0,0,9,"Over 200,000",2,PORTLAND HWY SYSTEM,US,26   ,US 26     ,1,02B,293_19721,,0,10/30/19 17:21:05,2,0,0,0,1,1,0,1,0,0,0,0,0,0,0,0,0,0,0,2,2,1,0,1,0,0,0,0,0,0,0,N
1791971,08357,09/15/18 00:00:00,09,15,2018,7,19,7P ,26,Multnomah,245,Portland SE,57,PORTLAND UA    ,14,U PR-ART,1,026,  ,MT. HOOD,1,0,MN,0,R,,002600100S00,45,30,2.960000000000000,-122,39,9.730000000000000,45.500822222222000,-122.652702777777000,,,,,01940  ,SE POWELL BLVD              ,,06013  ,SE 13TH PL                  ,,1,,4,1.39999998e+00,35,1,INTER   ,0,3,3-LEG  ,0,0,0,,0,,,06,3,PED       ,0,PED     ,4,INJ,1,CLR ,1,DRY ,1,DAY ,001,TRF SIGNAL,1,3,CITY  ,,,,,,,04,DIS SIG ,18,IN RDWY ,,,0,0,0,0,0,0,0,9,"Over 200,000",2,PORTLAND HWY SYSTEM,US,26   ,US 26     ,1,02B,293_10832,,0,10/30/19 17:21:05,1,0,0,1,0,1,0,1,1,0,0,1,0,0,0,0,0,0,0,1,2,1,0,0,0,0,0,0,0,0,0,N
1792005,08381,09/16/18 00:00:00,09,16,2018,1,15,3P ,26,Multnomah,245,Portland SE,57,PORTLAND UA    ,17,U MJ-COL,0,,,,,,,,,,,45,29,24.880000000000000,-122,35,20.350000000000000,45.490244444444333,-122.588986111110333,,,,,01055  ,SE HOLGATE BLVD             ,,05072  ,SE 72ND AVE                 ,,1,0,3,,,1,INTER   ,0,1,CROSS  ,0,0,0,,0,,,06,E,S-1STOP   ,3,REAR    ,4,INJ,1,CLR ,1,DRY ,1,DAY ,001,TRF SIGNAL,1,0,NONE  ,,,,,,,29,F AVOID ,,,,,,,0,0,0,0,0,9,"Over 200,000",1,PORTLAND CITY STREET,,,,1,02B,58_124916,,0,10/30/19 17:21:05,2,0,0,0,1,1,0,1,0,0,0,0,0,0,0,0,0,0,0,2,2,1,0,1,0,0,0,0,0,0,0,N
1792008,08392,09/16/18 00:00:00,09,16,2018,1,12,12P,26,Multnomah,245,Portland SE,57,PORTLAND UA    ,16,U MN-ART,0,,,,,,,,,,,45,29,22.660000000000000,-122,32,15.760000000000000,45.489627777777333,-122.537711111110333,,,,,01055  ,SE HOLGATE BLVD             ,,05122  ,SE 122ND AVE                ,,1,0,3,,30,1,INTER   ,0,1,CROSS  ,0,0,0,,0,,,05,E,S-1STOP   ,3,REAR    ,4,INJ,1,CLR ,1,DRY ,1,DAY ,001,TRF SIGNAL,1,3,CITY  ,,,,,,,29,F AVOID ,,,,,0,0,0,0,0,0,1,9,"Over 200,000",1,PORTLAND CITY STREET,,,,1,02C,58_125135,,0,10/30/19 17:21:05,2,0,0,2,0,2,0,2,0,0,0,0,0,0,0,0,0,0,0,4,4,2,0,2,0,0,0,0,0,0,0,N
1792013,08398,09/16/18 00:00:00,09,16,2018,1,08,8A ,26,Multnomah,245,Portland SE,57,PORTLAND UA    ,14,U PR-ART,1,,,,,,,,,,,45,30,38.910000000000000,-122,39,38.840000000000000,45.510808333333000,-122.660788888888000,,,,,00929  ,SE GRAND AVE                ,,01528  ,SE MARKET ST                ,,1,0,9,,,1,INTER   ,0,1,CROSS  ,0,0,0,,0,,,03,D,S-1TURN   ,6,TURN    ,4,INJ,3,RAIN,2,WET ,1,DAY ,015,ONE-WAY   ,1,5,NO RPT,,,,,,,08,IMP-TURN,,,,,,,0,0,0,0,0,9,"Over 200,000",1,PORTLAND CITY STREET,,,,1,02B,58_140013,,0,10/30/19 17:21:05,2,0,0,0,1,1,0,1,0,0,0,0,0,0,0,0,0,0,0,2,2,2,0,0,0,0,0,0,0,0,1,N
1792017,08406,09/09/18 00:00:00,09,09,2018,1,01,1A ,26,Multnomah,245,Portland SE,57,PORTLAND UA    ,16,U MN-ART,0,,,,,,,,,,,45,31,7.130000000000000,-122,39,31.140000000000000,45.518647222221667,-122.658650000000000,,,,,02210  ,SE SANDY BLVD               ,,05007  ,SE 7TH AVE                  ,,1,0,2,,,1,INTER   ,1,5,5-LEG  ,0,0,0,,0,,,05,2,PRKD MV   ,3,REAR    ,4,INJ,1,CLR ,1,DRY ,2,DLIT,099,UNKNOWN   ,1,3,CITY  ,128,CURVE INV ,,,,,01,TOO-FAST,29,F AVOID ,,,,,0,0,0,1,0,9,"Over 200,000",1,PORTLAND CITY STREET,,,,1,02B,58_115332,,0,10/30/19 17:21:05,2,0,0,0,1,1,0,2,0,0,0,0,0,0,0,0,0,0,0,3,3,2,0,1,0,0,0,0,0,0,0,N
1792042,07358,08/19/18 00:00:00,08,19,2018,1,19,7P ,26,Multnomah,245,Portland SE,57,PORTLAND UA    ,14,U PR-ART,1,026,  ,MT. HOOD,1,0,MN,0,R,,002600100S00,45,29,50.570000000000000,-122,34,6.560000000000000,45.497380555555333,-122.568488888888667,,,,,01940  ,SE POWELL BLVD              ,,05092  ,SE 92ND AVE                 ,,1,,7,5.59000015e+00,35,1,INTER   ,0,1,CROSS  ,0,0,0,,0,,,06,E,S-1STOP   ,3,REAR    ,4,INJ,1,CLR ,1,DRY ,1,DAY ,001,TRF SIGNAL,1,5,NO RPT,013,FORCED    ,,,,,29,F AVOID ,,,,,,,0,0,0,0,0,9,"Over 200,000",2,PORTLAND HWY SYSTEM,US,26   ,US 26     ,1,02B,293_10834,,0,10/30/19 17:21:05,3,0,0,2,2,4,0,1,0,0,0,0,0,0,0,0,0,0,0,5,5,4,0,1,0,0,0,0,0,0,1,N
1792072,07377,08/17/18 00:00:00,08,17,2018,6,12,12P,26,Multnomah,245,Portland SE,57,PORTLAND UA    ,11,U INTRST,1,064,  ,EAST PORTLAND FREEWAY,2,0,MN,0,R,,006400200S00,45,29,51.140000000000000,-122,33,56.180000000000000,45.497538888888333,-122.565605555555000,,,,,00745  ,EAST PORTLAND FY            ,,09718  ,SB EF DIV-POWELL C9         ,,1,,5,1.91200008e+01,55,3,STRGHT  ,0,,,0,0,0,6,,2,DIVMD,03,E,S-1STOP   ,3,REAR    ,4,INJ,1,CLR ,1,DRY ,1,DAY ,099,UNKNOWN   ,1,0,NONE  ,,,,,,,01,TOO-FAST,,,,,,,0,0,0,1,0,9,"Over 200,000",2,PORTLAND HWY SYSTEM,IS,205  ,I-205     ,1,02B,293_5864,,0,10/30/19 17:21:05,2,0,0,0,1,1,0,1,0,0,0,0,0,0,0,0,0,0,0,2,2,1,0,1,0,0,0,0,0,0,0,N
1792079,07383,08/20/18 00:00:00,08,20,2018,2,13,1P ,26,Multnomah,245,Portland SE,57,PORTLAND UA    ,14,U PR-ART,1,026,  ,MT. HOOD,1,0,MN,0,R,,002600100S00,45,30,4.170000000000000,-122,39,15.170000000000000,45.501158333333000,-122.654213888888000,,,,,01567  ,SE MILWAUKIE AVE            ,,01940  ,SE POWELL BLVD              ,,1,,9,1.32000005e+00,35,1,INTER   ,0,1,CROSS  ,0,0,0,,0,,,01,B,ANGL-OTH  ,1,ANGL    ,4,INJ,1,CLR ,1,DRY ,1,DAY ,001,TRF SIGNAL,1,5,NO RPT,013,FORCED    ,,,,,04,DIS SIG ,,,,,,,0,0,0,0,0,9,"Over 200,000",2,PORTLAND HWY SYSTEM,US,26   ,US 26     ,1,02B,293_12192,,0,10/30/19 17:21:05,3,0,0,1,0,1,0,2,0,0,0,0,0,0,0,0,0,0,0,3,3,3,0,0,0,0,0,0,0,0,0,N
1792091,07386,08/20/18 00:00:00,08,20,2018,2,20,8P ,26,Multnomah,245,Portland SE,57,PORTLAND UA    ,14,U PR-ART,1,,,,,,,,,,,45,30,31.590000000000000,-122,37,21.850000000000000,45.508775000000000,-122.622736111110667,,,,,01021  ,SE HARRISON ST              ,,05039  ,SE 39TH AV/CESAR CHAVEZ     ,,1,0,1,,,1,INTER   ,0,1,CROSS  ,0,0,0,,0,,,06,E,S-1STOP   ,3,REAR    ,4,INJ,1,CLR ,1,DRY ,5,DUSK,004,STOP SIGN ,1,0,NONE  ,,,,,,,29,F AVOID ,,,,,,,0,0,0,0,0,9,"Over 200,000",1,PORTLAND CITY STREET,,,,1,02B,58_118669,,0,10/30/19 17:21:05,2,0,0,0,2,2,0,0,0,0,0,0,0,0,0,0,0,0,0,2,2,2,0,0,0,0,0,0,0,0,0,N
1792106,07390,08/20/18 00:00:00,08,20,2018,2,17,5P ,26,Multnomah,245,Portland SE,57,PORTLAND UA    ,14,U PR-ART,1,026,  ,MT. HOOD,1,0,MN,0,R,,002600100S00,45,29,49.220000000000000,-122,32,24.520000000000000,45.497005555555333,-122.540144444444333,,,,,01940  ,SE POWELL BLVD              ,,05119  ,SE 119TH AVE                ,,2,,3,7.09000015e+00,35,3,STRGHT  ,0,,,0,0,0,2,,0,NONE ,04,C,S-STRGHT  ,3,REAR    ,4,INJ,1,CLR ,1,DRY ,1,DAY ,099,UNKNOWN   ,1,5,NO RPT,,,,,,,29,F AVOID ,,,,,,,0,0,0,0,0,9,"Over 200,000",2,PORTLAND HWY SYSTEM,US,26   ,US 26     ,1,02B,293_16246,,0,10/30/19 17:21:05,2,0,0,0,1,1,0,1,0,0,0,0,0,0,0,0,0,0,0,2,2,1,0,1,0,0,0,0,0,0,0,N
1792125,07405,08/20/18 00:00:00,08,20,2018,2,14,2P ,26,Multnomah,245,Portland SE,57,PORTLAND UA    ,19,U LOCAL ,0,,,,,,,,,,,45,30,12.710000000000000,-122,37,46.390000000000000,45.503530555555000,-122.629552777777667,,,,,00464  ,SE CLINTON ST               ,,05034  ,SE 34TH AVE                 ,,1,0,3,,,1,INTER   ,0,1,CROSS  ,0,0,0,,0,,,06,3,PED       ,0,PED     ,4,INJ,1,CLR ,1,DRY ,1,DAY ,002,FLASHBCN-R,1,5,NO RPT,,,,,,,02,NO-YIELD,,,,,,,0,0,0,0,0,9,"Over 200,000",1,PORTLAND CITY STREET,,,,1,02B,58_119908,,0,10/30/19 17:21:05,1,0,0,0,1,1,0,1,1,0,0,1,0,0,0,0,0,0,0,1,2,1,0,0,0,0,0,0,0,0,0,N
1792127,07407,08/20/18 00:00:00,08,20,2018,2,12,12P,26,Multnomah,245,Portland SE,57,PORTLAND UA    ,17,U MJ-COL,0,,,,,,,,,,,45,29,25.080000000000000,-122,36,35.970000000000000,45.490299999999333,-122.609991666666000,,,,,01055  ,SE HOLGATE BLVD             ,,05051  ,SE 51ST AVE                 ,,1,0,9,,,1,INTER   ,0,1,CROSS  ,0,0,0,,0,,,02,B,ANGL-OTH  ,6,TURN    ,4,INJ,1,CLR ,1,DRY ,1,DAY ,004,STOP SIGN ,1,3,CITY  ,010,SUB OTRN  ,,,,,02,NO-YIELD,,,,,0,0,0,0,0,0,0,9,"Over 200,000",1,PORTLAND CITY STREET,,,,1,02B,58_124283,,0,10/30/19 17:21:05,2,0,0,1,0,1,0,1,0,0,0,0,0,0,0,0,0,0,0,2,2,2,0,0,0,0,0,1,0,0,0,N
1792154,07412,08/21/18 00:00:00,08,21,2018,3,17,5P ,26,Multnomah,245,Portland SE,57,PORTLAND UA    ,17,U MJ-COL,0,,,,,,,,,,,45,29,24.380000000000000,-122,34,20.420000000000000,45.490105555555333,-122.572338888888667,,,,,01055  ,SE HOLGATE BLVD             ,,05088  ,SE 88TH AVE                 ,,1,0,7,,,1,INTER   ,0,1,CROSS  ,0,0,0,,0,,,06,E,S-1STOP   ,3,REAR    ,4,INJ,1,CLR ,1,DRY ,1,DAY ,001,TRF SIGNAL,1,0,NONE  ,,,,,,,07,TOO-CLOS,,,,,,,0,0,0,0,0,9,"Over 200,000",1,PORTLAND CITY STREET,,,,1,02B,58_124537,,0,10/30/19 17:21:05,2,0,0,0,1,1,0,1,0,0,0,0,0,0,0,0,0,0,0,2,2,2,0,0,0,0,0,0,0,0,1,N
1792164,07414,08/21/18 00:00:00,08,21,2018,3,19,7P ,26,Multnomah,245,Portland SE,57,PORTLAND UA    ,19,U LOCAL ,0,,,,,,,,,,,45,30,12.740000000000000,-122,38,4.510000000000000,45.503538888888000,-122.634586111110333,,,,,00464  ,SE CLINTON ST               ,,05030  ,SE 30TH AVE                 ,,1,0,9,,,1,INTER   ,0,1,CROSS  ,0,0,0,,0,,,01,B,ANGL-OTH  ,1,ANGL    ,4,INJ,1,CLR ,1,DRY ,1,DAY ,004,STOP SIGN ,1,5,NO RPT,,,,,,,02,NO-YIELD,,,,,,,0,0,0,0,0,9,"Over 200,000",1,PORTLAND CITY STREET,,,,1,02B,58_120195,,0,10/30/19 17:21:05,2,0,0,1,0,1,0,2,0,0,0,0,0,0,0,0,0,0,0,3,3,3,0,0,0,0,0,1,0,0,0,N
1792172,07417,08/21/18 00:00:00,08,21,2018,3,16,4P ,26,Multnomah,245,Portland SE,57,PORTLAND UA    ,17,U MJ-COL,0,,,,,,,,,,,45,31,9.520000000000000,-122,38,5.370000000000000,45.519311111110667,-122.634824999999333,,,,,02259  ,SE STARK ST                 ,,05030  ,SE 30TH AVE                 ,,1,0,3,,,1,INTER   ,0,1,CROSS  ,0,0,0,,0,,,06,E,S-1STOP   ,5,SS-O    ,4,INJ,1,CLR ,1,DRY ,1,DAY ,001,TRF SIGNAL,1,3,CITY  ,,,,,,,06,IMP-OVER,01,TOO-FAST,27,INATTENT,0,0,0,0,0,1,1,9,"Over 200,000",1,PORTLAND CITY STREET,,,,1,02B,58_115299,,0,10/30/19 17:21:05,2,0,0,0,1,1,0,1,0,0,0,0,0,0,0,0,0,0,0,2,2,1,0,1,0,0,0,0,0,0,0,N
1792177,08421,09/17/18 00:00:00,09,17,2018,2,11,11A,26,Multnomah,245,Portland SE,57,PORTLAND UA    ,11,U INTRST,1,064,  ,EAST PORTLAND FREEWAY,1,0,MN,0,R,,006400100S00,45,31,0.110000000000000,-122,33,54.840000000000000,45.516697222221667,-122.565233333333000,,,,,00745  ,EAST PORTLAND FY            ,,09723  ,NB EX WASH-STARK C1         ,,1,,1,2.04599991e+01,55,3,STRGHT  ,0,,,0,0,0,6,,2,DIVMD,04,E,S-1STOP   ,3,REAR    ,4,INJ,1,CLR ,1,DRY ,1,DAY ,017,MEDIAN BAR,1,0,NONE  ,,,,,,,29,F AVOID ,,,,,,,0,0,0,0,0,9,"Over 200,000",2,PORTLAND HWY SYSTEM,IS,205  ,I-205     ,1,02B,293_5710,,0,10/30/19 17:21:05,2,0,0,0,1,1,0,1,0,0,0,0,0,0,0,0,0,0,0,2,2,1,0,1,0,0,0,0,0,0,0,N
1792182,07422,08/21/18 00:00:00,08,21,2018,3,09,9A ,26,Multnomah,245,Portland SE,57,PORTLAND UA    ,17,U MJ-COL,0,,,,,,,,,,,45,30,59.610000000000000,-122,36,45.240000000000000,45.516558333333000,-122.612566666666000,,,,,00226  ,SE BELMONT ST               ,,05049  ,SE 49TH AVE                 ,,1,0,9,,,1,INTER   ,0,1,CROSS  ,0,0,0,,0,,,02,B,ANGL-OTH  ,1,ANGL    ,4,INJ,1,CLR ,1,DRY ,1,DAY ,002,FLASHBCN-R,1,5,NO RPT,,,,,,,02,NO-YIELD,,,,,,,0,0,0,0,0,9,"Over 200,000",1,PORTLAND CITY STREET,,,,1,02B,58_116173,,0,10/30/19 17:21:05,2,0,0,0,1,1,0,1,0,0,0,0,0,0,0,0,0,0,0,2,2,2,0,0,0,0,0,0,0,0,0,N
1792208,08429,09/17/18 00:00:00,09,17,2018,2,20,8P ,26,Multnomah,245,Portland SE,57,PORTLAND UA    ,11,U INTRST,1,064,  ,EAST PORTLAND FREEWAY,2,0,MN,0,R,,006400200S00,45,30,31.390000000000000,-122,33,56.070000000000000,45.508719444444000,-122.565575000000000,,,,,00745  ,EAST PORTLAND FY            ,,09722  ,SB EX DIVISION C6           ,,1,,5,1.99200001e+01,55,3,STRGHT  ,0,,,0,0,0,6,,2,DIVMD,03,C,S-STRGHT  ,3,REAR    ,4,INJ,1,CLR ,1,DRY ,2,DLIT,017,MEDIAN BAR,1,0,NONE  ,,,,,,,29,F AVOID ,,,,,,,0,0,0,0,0,9,"Over 200,000",2,PORTLAND HWY SYSTEM,IS,205  ,I-205     ,1,02B,293_5865,,0,10/30/19 17:21:05,2,0,0,0,1,1,0,1,0,0,0,0,0,0,0,0,0,0,0,2,2,2,0,0,0,0,0,0,0,0,1,N