CRASH_ID,SER_NO,CRASH_DT,CRASH_MO_NO,CRASH_DAY_NO,CRASH_YR_NO,CRASH_WK_DAY_CD,CRASH_HR_NO,CRASH_HR_SHORT_DESC,CNTY_ID,CNTY_NM,CITY_SECT_ID,CITY_SECT_NM,URB_AREA_CD,URB_AREA_SHORT_NM,FC_CD,FC_SHORT_DESC,NHS_FLG,HWY_NO,HWY_SFX_NO,HWY_MED_NM,RDWY_NO,HWY_COMPNT_CD,HWY_COMPNT_SHORT_DESC,MLGE_TYP_CD,MLGE_TYP_SHORT_DESC,RD_CON_NO,LRS_VAL,LAT_DEG_NO,LAT_MINUTE_NO,LAT_SEC_NO,LONGTD_DEG_NO,LONGTD_MINUTE_NO,LONGTD_SEC_NO,LAT_DD,LONGTD_DD,SPECL_JRSDCT_ID,SPECL_JRSDCT_SHORT_DESC,JRSDCT_GRP_CD,JRSDCT_GRP_LONG_DESC,AGY_ST_NO,ST_FULL_NM,RECRE_RD_NM,ISECT_AGY_ST_NO,ISECT_ST_FULL_NM,ISECT_RECRE_RD_NM,ISECT_SEQ_NO,FROM_ISECT_DSTNC_QTY,CMPSS_DIR_CD,MP_NO,POST_SPEED_LMT_VAL,RD_CHAR_CD,RD_CHAR_SHORT_DESC,OFF_RDWY_FLG,ISECT_TYP_CD,ISECT_TYP_SHORT_DESC,ISECT_REL_FLG,RNDABT_FLG,DRVWY_REL_FLG,LN_QTY,TURNG_LEG_QTY,MEDN_TYP_CD,MEDN_TYP_SHORT_DESC,IMPCT_LOC_CD,CRASH_TYP_CD,CRASH_TYP_SHORT_DESC,COLLIS_TYP_CD,COLLIS_TYP_SHORT_DESC,CRASH_SVRTY_CD,CRASH_SVRTY_SHORT_DESC,WTHR_COND_CD,WTHR_COND_SHORT_DESC,RD_SURF_COND_CD,RD_SURF_SHORT_DESC,LGT_COND_CD,LGT_COND_SHORT_DESC,TRAF_CNTL_DEVICE_CD,TRAF_CNTL_DEVICE_SHORT_DESC,TRAF_CNTL_FUNC_FLG,INVSTG_AGY_CD,INVSTG_AGY_SHORT_DESC,CRASH_EVNT_1_CD,CRASH_EVNT_1_SHORT_DESC,CRASH_EVNT_2_CD,CRASH_EVNT_2_SHORT_DESC,CRASH_EVNT_3_CD,CRASH_EVNT_3_SHORT_DESC,CRASH_CAUSE_1_CD,CRASH_CAUSE_1_SHORT_DESC,CRASH_CAUSE_2_CD,CRASH_CAUSE_2_SHORT_DESC,CRASH_CAUSE_3_CD,CRASH_CAUSE_3_SHORT_DESC,SCHL_ZONE_IND,WRK_ZONE_IND,ALCHL_INVLV_FLG,DRUG_INVLV_FLG,MJ_INVLV_FLG,CRASH_SPEED_INVLV_FLG,CRASH_HIT_RUN_FLG,POP_RNG_CD,POP_RNG_MED_DESC,RD_CNTL_CD,RD_CNTL_MED_DESC,RTE_TYP_CD,RTE_ID,RTE_NM,REG_ID,DIST_ID,SEG_MRK_ID,SEG_PT_LRS_MEAS,UNLOCT_FLG,CRASH_LAST_UD_DT,TOT_VHCL_CNT,TOT_FATAL_CNT,TOT_INJ_LVL_A_CNT,TOT_INJ_LVL_B_CNT,TOT_INJ_LVL_C_CNT,TOT_INJ_CNT,TOT_UNINJD_AGE00_04_CNT,TOT_UNINJD_PER_CNT,TOT_PED_CNT,TOT_PED_FATAL_CNT,TOT_PED_INJ_LVL_A_CNT,TOT_PED_INJ_CNT,TOT_PEDCYCL_CNT,TOT_PEDCYCL_FATAL_CNT,TOT_PEDCYCL_INJ_LVL_A_CNT,TOT_PEDCYCL_INJ_CNT,TOT_UNKNWN_CNT,TOT_UNKNWN_FATAL_CNT,TOT_UNKNWN_INJ_CNT,TOT_OCCUP_CNT,TOT_PER_INVLV_CNT,TOT_SFTY_EQUIP_USED_QTY,TOT_SFTY_EQUIP_UNUSED_QTY,TOT_SFTY_EQUIP_USE_UNKNWN_QTY,TOT_PSNGR_VHCL_OCC_UNRESTRND_FATAL_CNT,TOT_MCYCLST_FATAL_CNT,TOT_MCYCLST_INJ_LVL_A_CNT,TOT_MCYCLST_INJ_CNT,TOT_MCYCLST_UNHELMTD_FATAL_CNT,TOT_ALCHL_IMPAIRED_DRVR_INV_FATAL_CNT,TOT_DRVR_AGE_01_20_CNT,LANE_RDWY_DPRT_CRASH_FLG
1792814,08661,09/24/18 00:00:00,09,24,2018,2,20,8P ,26,Multnomah,245,Portland SE,57,PORTLAND UA    ,14,U PR-ART,1,026,  ,MT. HOOD,1,0,MN,0,R,,002600100S00,45,29,39.970000000000000,-122,29,41.940000000000000,45.494436111110333,-122.494983333333333,,,,,01940  ,SE POWELL BLVD              ,,05164  ,SE 164TH AVE                ,,1,,8,9.35000038e+00,35,1,INTER   ,0,3,3-LEG  ,0,0,0,,0,,,05,E,S-1STOP   ,3,REAR    ,4,INJ,1,CLR ,1,DRY ,2,DLIT,099,UNKNOWN   ,1,5,NO RPT,,,,,,,29,F AVOID ,,,,,,,0,0,0,0,0,9,"Over 200,000",2,PORTLAND HWY SYSTEM,US,26   ,US 26     ,1,02B,293_17374,,0,10/30/19 17:21:05,2,0,0,0,2,2,0,1,0,0,0,0,0,0,0,0,0,0,0,3,3,2,0,1,0,0,0,0,0,0,0,N
1792819,07673,08/28/18 00:00:00,08,28,2018,3,08,8A ,26,Multnomah,245,Portland SE,57,PORTLAND UA    ,14,U PR-ART,1,026,  ,MT. HOOD,1,0,MN,0,R,,002600100S00,45,29,51.030000000000000,-122,36,40.870000000000000,45.497508333333333,-122.611352777777000,,,,,00824  ,SE FOSTER RD                ,,01940  ,SE POWELL BLVD              ,,1,,9,3.46000004e+00,35,1,INTER   ,0,1,CROSS  ,0,0,0,,0,,,04,B,ANGL-OTH  ,1,ANGL    ,4,INJ,1,CLR ,1,DRY ,1,DAY ,001,TRF SIGNAL,1,0,NONE  ,,,,,,,04,DIS SIG ,,,,,,,0,0,0,0,0,9,"Over 200,000",2,PORTLAND HWY SYSTEM,US,26   ,US 26     ,1,02B,293_20035,,0,10/30/19 17:21:05,2,0,0,0,2,2,0,0,0,0,0,0,0,0,0,0,0,0,0,2,2,2,0,0,0,0,0,0,0,0,0,N
1792822,07674,08/28/18 00:00:00,08,28,2018,3,15,3P ,26,Multnomah,245,Portland SE,57,PORTLAND UA    ,11,U INTRST,1,064,  ,EAST PORTLAND FREEWAY,2,0,MN,0,R,,006400200S00,45,30,55.440000000000000,-122,33,56.210000000000000,45.515400000000000,-122.565613888888000,,,,,00745  ,EAST PORTLAND FY            ,,09724  ,SB EF WASH-STARK C4         ,,1,,1,2.03899994e+01,55,3,STRGHT  ,0,,,0,0,0,6,,2,DIVMD,04,E,S-1STOP   ,3,REAR    ,4,INJ,1,CLR ,1,DRY ,1,DAY ,099,UNKNOWN   ,1,0,NONE  ,013,FORCED    ,,,,,29,F AVOID ,,,,,,,0,0,0,0,0,9,"Over 200,000",2,PORTLAND HWY SYSTEM,IS,205  ,I-205     ,1,02B,293_5895,,0,10/30/19 17:21:05,3,0,0,0,1,1,0,2,0,0,0,0,0,0,0,0,0,0,0,3,3,2,0,1,0,0,0,0,0,0,0,N
1792827,07675,08/28/18 00:00:00,08,28,2018,3,16,4P ,26,Multnomah,245,Portland SE,57,PORTLAND UA    ,11,U INTRST,1,064,  ,EAST PORTLAND FREEWAY,1,0,MN,0,R,,006400100S00,45,31,5.300000000000000,-122,33,54.840000000000000,45.518138888888667,-122.565233333333000,,,,,00745  ,EAST PORTLAND FY            ,,09726  ,NB EX STARK-GLSN C1         ,,1,,5,2.05599995e+01,55,3,STRGHT  ,0,,,0,0,0,6,,2,DIVMD,03,C,S-STRGHT  ,5,SS-O    ,4,INJ,1,CLR ,1,DRY ,1,DAY ,099,UNKNOWN   ,1,5,NO RPT,,,,,,,13,IMP LN C,,,,,,,0,0,0,0,0,9,"Over 200,000",2,PORTLAND HWY SYSTEM,IS,205  ,I-205     ,1,02B,293_5710,,0,10/30/19 17:21:05,2,0,0,0,1,1,0,1,0,0,0,0,0,0,0,0,0,0,0,2,2,0,0,2,0,0,0,0,0,0,0,N
1792840,07677,08/28/18 00:00:00,08,28,2018,3,15,3P ,26,Multnomah,245,Portland SE,57,PORTLAND UA    ,19,U LOCAL ,0,,,,,,,,,,,45,28,17.600000000000000,-122,37,49.270000000000000,45.471555555554667,-122.630352777777667,,,,,01319  ,SE KNAPP ST                 ,,05032  ,SE 32ND AVE                 ,,1,0,9,,,1,INTER   ,0,1,CROSS  ,0,0,0,,0,,,03,B,ANGL-OTH  ,1,ANGL    ,4,INJ,1,CLR ,1,DRY ,1,DAY ,004,STOP SIGN ,1,0,NONE  ,,,,,,,02,NO-YIELD,,,,,,,0,0,0,0,0,9,"Over 200,000",1,PORTLAND CITY STREET,,,,1,02B,58_129489,,0,10/30/19 17:21:05,2,0,0,0,1,1,0,1,0,0,0,0,0,0,0,0,0,0,0,2,2,1,0,1,0,0,0,0,0,0,1,N
1792857,07681,08/28/18 00:00:00,08,28,2018,3,07,7A ,26,Multnomah,245,Portland SE,57,PORTLAND UA    ,14,U PR-ART,1,068,  ,CASCADE HWY NORTH,1,0,MN,0,R,,006800100S00,45,29,0.730000000000000,-122,34,44.170000000000000,45.483536111110333,-122.578936111110667,,,,,01107  ,SE INSLEY ST                ,,05082  ,SE 82ND AVE                 ,,1,,9,5.71999979e+00,35,1,INTER   ,0,3,3-LEG  ,0,0,0,,0,,,04,H,O-1 L-TURN,6,TURN    ,4,INJ,1,CLR ,1,DRY ,1,DAY ,004,STOP SIGN ,1,0,NONE  ,,,,,,,02,NO-YIELD,,,,,,,0,0,0,0,0,9,"Over 200,000",2,PORTLAND HWY SYSTEM,OR,213  ,OR 213    ,1,02B,293_1289,,0,10/30/19 17:21:05,2,0,1,0,0,1,0,1,0,0,0,0,0,0,0,0,0,0,0,2,2,0,0,2,0,0,0,0,0,0,0,N
1792868,07684,08/28/18 00:00:00,08,28,2018,3,18,6P ,26,Multnomah,245,Portland SE,57,PORTLAND UA    ,14,U PR-ART,1,081,  ,PACIFIC HIGHWAY EAST,1,0,MN,0,R,,008100100S00,45,29,23.610000000000000,-122,39,12.950000000000000,45.489891666666333,-122.653597222222000,,,,,01055  ,SE HOLGATE BLVD             ,,01506  ,SE MCLOUGHLIN BLVD          ,,1,,4,2.38000011e+00,45,3,STRGHT  ,0,,,0,0,0,6,,1,RSDMD,03,E,S-1STOP   ,3,REAR    ,4,INJ,1,CLR ,1,DRY ,1,DAY ,099,UNKNOWN   ,1,0,NONE  ,013,FORCED    ,,,,,29,F AVOID ,,,,,,,0,0,0,0,0,9,"Over 200,000",2,PORTLAND HWY SYSTEM,OR,99E  ,OR 99E    ,1,02B,293_8095,,0,10/30/19 17:21:05,3,0,0,0,1,1,0,3,0,0,0,0,0,0,0,0,0,0,0,4,4,3,0,1,0,0,0,0,0,0,0,N
1792872,08675,09/24/18 00:00:00,09,24,2018,2,13,1P ,26,Multnomah,245,Portland SE,57,PORTLAND UA    ,16,U MN-ART,0,,,,,,,,,,,45,28,44.990000000000000,-122,36,31.420000000000000,45.479163888888667,-122.608727777777000,,,,,02658  ,SE WOODSTOCK BLVD           ,,05052  ,SE 52ND AVE                 ,,1,0,1,,,1,INTER   ,0,1,CROSS  ,0,0,0,,0,,,06,E,S-1STOP   ,3,REAR    ,4,INJ,1,CLR ,1,DRY ,1,DAY ,001,TRF SIGNAL,1,5,NO RPT,,,,,,,29,F AVOID ,,,,,,,0,0,0,0,0,9,"Over 200,000",1,PORTLAND CITY STREET,,,,1,02B,58_127186,,0,10/30/19 17:21:05,2,0,0,0,2,2,0,1,0,0,0,0,0,0,0,0,0,0,0,3,3,2,0,1,0,0,0,0,0,0,0,N
1792874,08676,09/24/18 00:00:00,09,24,2018,2,09,9A ,26,Multnomah,245,Portland SE,57,PORTLAND UA    ,16,U MN-ART,0,,,,,,,,,,,45,31,8.770000000000000,-122,31,15.680000000000000,45.519102777777667,-122.521022222221667,,,,,02259  ,SE STARK ST                 ,,05139  ,SE 139TH AVE                ,,1,0,9,,,1,INTER   ,0,1,CROSS  ,0,0,0,,0,,,04,B,ANGL-OTH  ,6,TURN    ,4,INJ,1,CLR ,1,DRY ,1,DAY ,001,TRF SIGNAL,1,3,CITY  ,,,,,,,02,NO-YIELD,04,DIS SIG ,,,0,0,0,0,0,0,0,9,"Over 200,000",1,PORTLAND CITY STREET,,,,1,02B,58_192290,,0,10/30/19 17:21:05,2,0,0,0,1,1,0,1,0,0,0,0,0,0,0,0,0,0,0,2,2,2,0,0,0,0,0,0,0,0,0,N
1792890,08677,09/24/18 00:00:00,09,24,2018,2,18,6P ,26,Multnomah,245,Portland SE,57,PORTLAND UA    ,14,U PR-ART,1,,,,,,,,,,,45,30,14.740000000000000,-122,32,10.930000000000000,45.504094444444000,-122.536369444444333,,,,,00614  ,SE DIVISION ST              ,,05122  ,SE 122ND AVE                ,,1,300,3,,30,3,STRGHT  ,0,,,0,0,0,5,,0,NONE ,08,6,BIKE      ,1,ANGL    ,4,INJ,1,CLR ,1,DRY ,1,DAY ,090,L-TURN REF,1,3,CITY  ,,,,,,,18,IN RDWY ,,,,,,,0,0,0,0,0,9,"Over 200,000",1,PORTLAND CITY STREET,,,,1,02B,58_120255,,0,10/30/19 17:21:05,1,0,0,1,0,1,0,2,0,0,0,0,1,0,0,1,0,0,0,2,3,3,0,0,0,0,0,0,0,0,0,N
1792895,08686,09/24/18 00:00:00,09,24,2018,2,11,11A,26,Multnomah,245,Portland SE,57,PORTLAND UA    ,16,U MN-ART,0,,,,,,,,,,,45,30,28.570000000000000,-122,39,16.990000000000000,45.507936111111000,-122.654719444444000,,,,,01426  ,SE LINCOLN ST               ,,05011  ,SE 11TH AVE                 ,,1,0,9,,,1,INTER   ,0,1,CROSS  ,0,0,0,,0,,,01,B,ANGL-OTH  ,1,ANGL    ,4,INJ,1,CLR ,1,DRY ,1,DAY ,004,STOP SIGN ,1,0,NONE  ,,,,,,,02,NO-YIELD,03,PAS-STOP,,,,,0,0,0,0,0,9,"Over 200,000",1,PORTLAND CITY STREET,,,,1,02B,58_118512,,0,10/30/19 17:21:05,2,0,0,0,1,1,0,1,0,0,0,0,0,0,0,0,0,0,0,2,2,2,0,0,0,0,0,0,0,0,0,N
1792908,08693,09/24/18 00:00:00,09,24,2018,2,19,7P ,26,Multnomah,245,Portland SE,57,PORTLAND UA    ,14,U PR-ART,1,026,  ,MT. HOOD,1,0,MN,0,R,,002600100S00,45,29,49.490000000000000,-122,32,15.580000000000000,45.497080555555333,-122.537661111110333,,,,,01940  ,SE POWELL BLVD              ,,05122  ,SE 122ND AVE                ,,1,,3,7.21000004e+00,35,1,INTER   ,0,1,CROSS  ,0,0,0,,0,,,06,E,S-1STOP   ,3,REAR    ,4,INJ,1,CLR ,1,DRY ,1,DAY ,001,TRF SIGNAL,1,0,NONE  ,,,,,,,29,F AVOID ,,,,,,,0,0,0,0,0,9,"Over 200,000",2,PORTLAND HWY SYSTEM,US,26   ,US 26     ,1,02B,293_18791,,0,10/30/19 17:21:05,2,0,0,0,1,1,0,1,0,0,0,0,0,0,0,0,0,0,0,2,2,0,0,2,0,0,0,0,0,0,0,N
1792969,07711,08/29/18 00:00:00,08,29,2018,4,15,3P ,26,Multnomah,245,Portland SE,57,PORTLAND UA    ,17,U MJ-COL,0,,,,,,,,,,,45,28,6.350000000000000,-122,34,6.840000000000000,45.468430555554667,-122.568566666666667,,,,,00817  ,SE FLAVEL ST                ,,05092  ,SE 92ND AVE                 ,,1,0,7,,,1,INTER   ,0,1,CROSS  ,0,0,0,,0,,,06,E,S-1STOP   ,3,REAR    ,4,INJ,1,CLR ,1,DRY ,1,DAY ,001,TRF SIGNAL,1,0,NONE  ,,,,,,,29,F AVOID ,,,,,,,0,0,0,0,0,9,"Over 200,000",1,PORTLAND CITY STREET,,,,1,02B,58_193198,,0,10/30/19 17:21:05,2,0,0,0,1,1,0,1,0,0,0,0,0,0,0,0,0,0,0,2,2,1,0,1,0,0,0,0,0,0,0,N
1792974,07714,08/29/18 00:00:00,08,29,2018,4,17,5P ,26,Multnomah,245,Portland SE,57,PORTLAND UA    ,17,U MJ-COL,0,,,,,,,,,,,45,30,59.260000000000000,-122,38,40.980000000000000,45.516461111111000,-122.644716666666333,,,,,00226  ,SE BELMONT ST               ,,05020  ,SE 20TH AVE                 ,,1,205,3,,,3,STRGHT  ,0,,,0,0,0,2,,0,NONE ,07,E,S-1STOP   ,3,REAR    ,4,INJ,1,CLR ,1,DRY ,1,DAY ,099,UNKNOWN   ,1,0,NONE  ,,,,,,,01,TOO-FAST,,,,,,,0,0,0,1,0,9,"Over 200,000",1,PORTLAND CITY STREET,,,,1,02B,58_116043,,0,10/30/19 17:21:05,2,0,0,0,1,1,0,1,0,0,0,0,0,0,0,0,0,0,0,2,2,2,0,0,0,0,0,0,0,0,0,N
1792983,07721,08/29/18 00:00:00,08,29,2018,4,15,3P ,26,Multnomah,245,Portland SE,57,PORTLAND UA    ,19,U LOCAL ,0,,,,,,,,,,,45,28,27.840000000000000,-122,39,6.230000000000000,45.474399999999667,-122.651730555555000,,,,,00921  ,SE GLENWOOD ST              ,,05014  ,SE 14TH AVE                 ,,1,0,5,,,1,INTER   ,0,3,3-LEG  ,0,0,0,,0,,,05,3,PED       ,0,PED     ,4,INJ,1,CLR ,1,DRY ,1,DAY ,004,STOP SIGN ,1,5,NO RPT,,,,,,,02,NO-YIELD,,,,,,,0,0,0,0,0,9,"Over 200,000",1,PORTLAND CITY STREET,,,,1,02B,58_128474,,0,10/30/19 17:21:05,1,0,0,1,0,1,0,1,1,0,0,1,0,0,0,0,0,0,0,1,2,1,0,0,0,0,0,0,0,0,0,N
1793015,07725,08/29/18 00:00:00,08,29,2018,4,06,6A ,26,Multnomah,245,Portland SE,57,PORTLAND UA    ,11,U INTRST,1,064,  ,EAST PORTLAND FREEWAY,1,0,MN,0,R,,006400100S00,45,29,25.020000000000000,-122,33,56.390000000000000,45.490283333333333,-122.565663888888000,,,,,00745  ,EAST PORTLAND FY            ,,09714  ,NB EX POWELL BVD C1         ,,1,,5,1.86399994e+01,55,3,STRGHT  ,0,,,0,0,0,6,,2,DIVMD,03,E,S-1STOP   ,3,REAR    ,4,INJ,1,CLR ,1,DRY ,4,DAWN,099,UNKNOWN   ,1,0,NONE  ,,,,,,,01,TOO-FAST,,,,,,,0,0,0,1,0,9,"Over 200,000",2,PORTLAND HWY SYSTEM,IS,205  ,I-205     ,1,02B,293_5706,,0,10/30/19 17:21:05,2,0,0,0,1,1,0,1,0,0,0,0,0,0,0,0,0,0,0,2,2,1,0,1,0,0,0,0,0,0,0,N
1793028,07732,08/29/18 00:00:00,08,29,2018,4,07,7A ,26,Multnomah,245,Portland SE,57,PORTLAND UA    ,19,U LOCAL ,0,,,,,,,,,,,45,31,14.640000000000000,-122,38,36.540000000000000,45.520733333332667,-122.643483333333333,,,,,01928  ,SE PINE ST                  ,,05022  ,SE 22ND AVE                 ,,1,0,9,,,1,INTER   ,0,1,CROSS  ,0,0,0,,0,,,02,6,BIKE      ,6,TURN    ,4,INJ,1,CLR ,1,DRY ,1,DAY ,004,STOP SIGN ,1,3,CITY  ,,,,,,,02,NO-YIELD,27,INATTENT,40,VIEW OBS,,,0,0,0,0,0,9,"Over 200,000",1,PORTLAND CITY STREET,,,,1,02B,58_114943,,0,10/30/19 17:21:05,1,0,0,1,0,1,0,1,0,0,0,0,1,0,0,1,0,0,0,1,2,2,0,0,0,0,0,0,0,0,1,N
1793029,83720,10/11/18 00:00:00,10,11,2018,5,16,4P ,26,Multnomah,245,Portland SE,57,PORTLAND UA    ,14,U PR-ART,1,081,  ,PACIFIC HIGHWAY EAST,1,6,CN,0,R,2,0081BQ100S00,45,27,55.130000000000000,-122,38,17.870000000000000,45.465313888888000,-122.638297222221333,,,,,01506  ,SE MCLOUGHLIN BLVD          ,,09730  ,NB EX-ENFR TACOMA           ,,1,,3,4.32999992e+00,,1,INTER   ,0,3,3-LEG  ,0,0,0,,0,,,06,E,S-1STOP   ,3,REAR    ,4,INJ,1,CLR ,1,DRY ,1,DAY ,004,STOP SIGN ,1,0,NONE  ,,,,,,,29,F AVOID ,,,,,,,0,0,0,0,0,9,"Over 200,000",2,PORTLAND HWY SYSTEM,OR,99E  ,OR 99E    ,1,02B,293_1898,,0,10/30/19 17:21:05,2,0,0,0,1,1,0,2,0,0,0,0,0,0,0,0,0,0,0,3,3,0,0,3,0,0,0,0,0,0,0,N
1793040,07740,08/30/18 00:00:00,08,30,2018,5,13,1P ,26,Multnomah,245,Portland SE,57,PORTLAND UA    ,14,U PR-ART,1,068,  ,CASCADE HWY NORTH,1,0,MN,0,R,,006800100S00,45,29,50.670000000000000,-122,34,43.340000000000000,45.497408333333333,-122.578705555554667,,,,,01940  ,SE POWELL BLVD              ,,05082  ,SE 82ND AVE                 ,,1,,5,4.75000000e+00,35,1,INTER   ,0,1,CROSS  ,0,0,0,,0,,,06,E,S-1STOP   ,3,REAR    ,4,INJ,1,CLR ,1,DRY ,1,DAY ,001,TRF SIGNAL,1,5,NO RPT,013,FORCED    ,,,,,29,F AVOID ,,,,,,,0,0,0,0,0,9,"Over 200,000",2,PORTLAND HWY SYSTEM,OR,213  ,OR 213    ,1,02B,293_18733,,0,10/30/19 17:21:05,4,0,0,0,3,3,0,4,0,0,0,0,0,0,0,0,0,0,0,7,7,5,0,2,0,0,0,0,0,0,0,N
1793048,83871,10/25/18 00:00:00,10,25,2018,5,17,5P ,26,Multnomah,245,Portland SE,57,PORTLAND UA    ,14,U PR-ART,1,081,  ,PACIFIC HIGHWAY EAST,1,6,CN,0,R,1,0081AF100S00,45,29,11.220000000000000,-122,39,0.240000000000000,45.486449999999333,-122.650066666666000,,,,,01567  ,SE MILWAUKIE AVE            ,,01610  ,MILWAUKIE AVE RP            ,,1,,8,2.67000008e+00,,1,INTER   ,0,3,3-LEG  ,0,0,0,,0,,,06,E,S-1STOP   ,3,REAR    ,4,INJ,0,UNK ,2,WET ,1,DAY ,004,STOP SIGN ,1,0,NONE  ,,,,,,,29,F AVOID ,,,,,,,0,0,0,0,0,9,"Over 200,000",2,PORTLAND HWY SYSTEM,OR,99E  ,OR 99E    ,1,02B,293_7611,,0,10/30/19 17:21:05,2,0,0,0,2,2,0,1,0,0,0,0,0,0,0,0,0,0,0,3,3,2,0,1,0,0,0,0,0,0,0,N
1793054,83928,10/28/18 00:00:00,10,28,2018,1,17,5P ,26,Multnomah,245,Portland SE,57,PORTLAND UA    ,11,U INTRST,1,064,  ,EAST PORTLAND FREEWAY,1,0,MN,0,R,,006400100S00,45,28,24.530000000000000,-122,33,55.170000000000000,45.473480555554667,-122.565325000000000,,,,,00745  ,EAST PORTLAND FY            ,,09710  ,NB EX WOODSTOCK C1          ,,1,,5,1.74699993e+01,55,3,STRGHT  ,0,,,0,0,0,6,,2,DIVMD,05,C,S-STRGHT  ,3,REAR    ,4,INJ,1,CLR ,1,DRY ,1,DAY ,099,UNKNOWN   ,1,5,NO RPT,,,,,,,29,F AVOID ,,,,,,,0,0,0,0,0,9,"Over 200,000",2,PORTLAND HWY SYSTEM,IS,205  ,I-205     ,1,02B,293_5703,,0,10/30/19 17:21:05,2,0,0,0,1,1,0,1,0,0,0,0,0,0,0,0,0,0,0,2,2,1,0,1,0,0,0,0,0,0,0,N
1793071,83823,10/22/18 00:00:00,10,22,2018,2,16,4P ,26,Multnomah,245,Portland SE,57,PORTLAND UA    ,16,U MN-ART,0,,,,,,,,,,,45,31,8.950000000000000,-122,30,39.750000000000000,45.519152777777667,-122.511041666666000,,,,,02259  ,SE STARK ST                 ,,05148  ,SE 148TH AVE                ,,1,85,7,,,2,ALLEY   ,0,,,0,0,0,4,,0,NONE ,03,B,ANGL-OTH  ,6,TURN    ,4,INJ,1,CLR ,1,DRY ,1,DAY ,099,UNKNOWN   ,1,0,NONE  ,,,,,,,02,NO-YIELD,,,,,,,0,0,0,0,0,9,"Over 200,000",1,PORTLAND CITY STREET,,,,1,02B,58_115919,,0,10/30/19 17:21:05,2,0,0,0,3,3,1,1,0,0,0,0,0,0,0,0,0,0,0,4,4,4,0,0,0,0,0,0,0,0,0,N
1793088,07754,08/30/18 00:00:00,08,30,2018,5,20,8P ,26,Multnomah,245,Portland SE,57,PORTLAND UA    ,16,U MN-ART,0,,,,,,,,,,,45,30,9.640000000000000,-122,30,37.560000000000000,45.502677777777000,-122.510433333333000,,,,,05148  ,SE 148TH AVE                ,,00464  ,SE CLINTON ST               ,,1,72,1,,,2,ALLEY   ,0,,,0,0,0,2,,0,NONE ,08,6,BIKE      ,6,TURN    ,4,INJ,1,CLR ,1,DRY ,5,DUSK,004,STOP SIGN ,1,3,CITY  ,,,,,,,02,NO-YIELD,,,,,0,0,0,0,0,0,0,9,"Over 200,000",1,PORTLAND CITY STREET,,,,1,02B,58_120911,,0,10/30/19 17:21:05,1,0,0,1,0,1,0,1,0,0,0,0,1,0,0,1,0,0,0,1,2,2,0,0,0,0,0,0,0,0,0,N
1793102,07771,08/31/18 00:00:00,08,31,2018,6,17,5P ,26,Multnomah,245,Portland SE,57,PORTLAND UA    ,17,U MJ-COL,0,,,,,,,,,,,45,30,59.230000000000000,-122,37,51.390000000000000,45.516452777777000,-122.630941666666667,,,,,00226  ,SE BELMONT ST               ,,05033  ,SE 33RD AVE                 ,,1,0,3,,,1,INTER   ,0,1,CROSS  ,0,0,0,,0,,,05,E,S-1STOP   ,3,REAR    ,4,INJ,1,CLR ,1,DRY ,1,DAY ,004,STOP SIGN ,1,5,NO RPT,013,FORCED    ,,,,,29,F AVOID ,,,,,,,0,0,0,0,0,9,"Over 200,000",1,PORTLAND CITY STREET,,,,1,02B,58_116096,,0,10/30/19 17:21:05,3,0,0,0,2,2,0,2,0,0,0,0,0,0,0,0,0,0,0,4,4,2,0,2,0,0,0,0,0,0,0,N
1793114,08713,09/25/18 00:00:00,09,25,2018,3,16,4P ,26,Multnomah,245,Portland SE,57,PORTLAND UA    ,16,U MN-ART,0,,,,,,,,,,,45,31,8.960000000000000,-122,34,56.780000000000000,45.519155555554667,-122.582438888888667,,,,,02259  ,SE STARK ST                 ,,05079  ,SE 79TH AVE                 ,,1,0,7,,,1,INTER   ,0,3,3-LEG  ,0,0,0,,0,,,06,E,S-1STOP   ,3,REAR    ,4,INJ,1,CLR ,1,DRY ,1,DAY ,099,UNKNOWN   ,1,0,NONE  ,,,,,,,29,F AVOID ,,,,,,,0,0,0,0,0,9,"Over 200,000",1,PORTLAND CITY STREET,,,,1,02B,58_115562,,0,10/30/19 17:21:05,2,0,0,0,1,1,0,1,0,0,0,0,0,0,0,0,0,0,0,2,2,1,0,1,0,0,0,0,0,0,1,N
1793115,07776,08/31/18 00:00:00,08,31,2018,6,16,4P ,26,Multnomah,245,Portland SE,57,PORTLAND UA    ,11,U INTRST,1,001,  ,PACIFIC,1,0,MN,0,R,,000100100S00,45,31,22.690000000000000,-122,39,56.010000000000000,45.522969444443667,-122.665558333333000,,,,,00302  ,PACIFIC HY I-5              ,,09439  ,SB ENFR BANFIELD C2         ,,1,,1,3.01489990e+02,50,3,STRGHT  ,0,,,0,0,0,6,,1,RSDMD,08,E,S-1STOP   ,3,REAR    ,4,INJ,1,CLR ,1,DRY ,1,DAY ,099,UNKNOWN   ,1,0,NONE  ,013,FORCED    ,,,,,07,TOO-CLOS,,,,,,,0,0,0,0,0,9,"Over 200,000",2,PORTLAND HWY SYSTEM,IS,5    ,I-5       ,1,02B,293_2853,,0,10/30/19 17:21:05,4,0,0,2,0,2,0,2,0,0,0,0,0,0,0,0,0,0,0,4,4,3,0,1,0,0,0,0,0,0,0,N