CRASH_ID,SER_NO,CRASH_DT,CRASH_MO_NO,CRASH_DAY_NO,CRASH_YR_NO,CRASH_WK_DAY_CD,CRASH_HR_NO,CRASH_HR_SHORT_DESC,CNTY_ID,CNTY_NM,CITY_SECT_ID,CITY_SECT_NM,URB_AREA_CD,URB_AREA_SHORT_NM,FC_CD,FC_SHORT_DESC,NHS_FLG,HWY_NO,HWY_SFX_NO,HWY_MED_NM,RDWY_NO,HWY_COMPNT_CD,HWY_COMPNT_SHORT_DESC,MLGE_TYP_CD,MLGE_TYP_SHORT_DESC,RD_CON_NO,LRS_VAL,LAT_DEG_NO,LAT_MINUTE_NO,LAT_SEC_NO,LONGTD_DEG_NO,LONGTD_MINUTE_NO,LONGTD_SEC_NO,LAT_DD,LONGTD_DD,SPECL_JRSDCT_ID,SPECL_JRSDCT_SHORT_DESC,JRSDCT_GRP_CD,JRSDCT_GRP_LONG_DESC,AGY_ST_NO,ST_FULL_NM,RECRE_RD_NM,ISECT_AGY_ST_NO,ISECT_ST_FULL_NM,ISECT_RECRE_RD_NM,ISECT_SEQ_NO,FROM_ISECT_DSTNC_QTY,CMPSS_DIR_CD,MP_NO,POST_SPEED_LMT_VAL,RD_CHAR_CD,RD_CHAR_SHORT_DESC,OFF_RDWY_FLG,ISECT_TYP_CD,ISECT_TYP_SHORT_DESC,ISECT_REL_FLG,RNDABT_FLG,DRVWY_REL_FLG,LN_QTY,TURNG_LEG_QTY,MEDN_TYP_CD,MEDN_TYP_SHORT_DESC,IMPCT_LOC_CD,CRASH_TYP_CD,CRASH_TYP_SHORT_DESC,COLLIS_TYP_CD,COLLIS_TYP_SHORT_DESC,CRASH_SVRTY_CD,CRASH_SVRTY_SHORT_DESC,WTHR_COND_CD,WTHR_COND_SHORT_DESC,RD_SURF_COND_CD,RD_SURF_SHORT_DESC,LGT_COND_CD,LGT_COND_SHORT_DESC,TRAF_CNTL_DEVICE_CD,TRAF_CNTL_DEVICE_SHORT_DESC,TRAF_CNTL_FUNC_FLG,INVSTG_AGY_CD,INVSTG_AGY_SHORT_DESC,CRASH_EVNT_1_CD,CRASH_EVNT_1_SHORT_DESC,CRASH_EVNT_2_CD,CRASH_EVNT_2_SHORT_DESC,CRASH_EVNT_3_CD,CRASH_EVNT_3_SHORT_DESC,CRASH_CAUSE_1_CD,CRASH_CAUSE_1_SHORT_DESC,CRASH_CAUSE_2_CD,CRASH_CAUSE_2_SHORT_DESC,CRASH_CAUSE_3_CD,CRASH_CAUSE_3_SHORT_DESC,SCHL_ZONE_IND,WRK_ZONE_IND,ALCHL_INVLV_FLG,DRUG_INVLV_FLG,MJ_INVLV_FLG,CRASH_SPEED_INVLV_FLG,CRASH_HIT_RUN_FLG,POP_RNG_CD,POP_RNG_MED_DESC,RD_CNTL_CD,RD_CNTL_MED_DESC,RTE_TYP_CD,RTE_ID,RTE_NM,REG_ID,DIST_ID,SEG_MRK_ID,SEG_PT_LRS_MEAS,UNLOCT_FLG,CRASH_LAST_UD_DT,TOT_VHCL_CNT,TOT_FATAL_CNT,TOT_INJ_LVL_A_CNT,TOT_INJ_LVL_B_CNT,TOT_INJ_LVL_C_CNT,TOT_INJ_CNT,TOT_UNINJD_AGE00_04_CNT,TOT_UNINJD_PER_CNT,TOT_PED_CNT,TOT_PED_FATAL_CNT,TOT_PED_INJ_LVL_A_CNT,TOT_PED_INJ_CNT,TOT_PEDCYCL_CNT,TOT_PEDCYCL_FATAL_CNT,TOT_PEDCYCL_INJ_LVL_A_CNT,TOT_PEDCYCL_INJ_CNT,TOT_UNKNWN_CNT,TOT_UNKNWN_FATAL_CNT,TOT_UNKNWN_INJ_CNT,TOT_OCCUP_CNT,TOT_PER_INVLV_CNT,TOT_SFTY_EQUIP_USED_QTY,TOT_SFTY_EQUIP_UNUSED_QTY,TOT_SFTY_EQUIP_USE_UNKNWN_QTY,TOT_PSNGR_VHCL_OCC_UNRESTRND_FATAL_CNT,TOT_MCYCLST_FATAL_CNT,TOT_MCYCLST_INJ_LVL_A_CNT,TOT_MCYCLST_INJ_CNT,TOT_MCYCLST_UNHELMTD_FATAL_CNT,TOT_ALCHL_IMPAIRED_DRVR_INV_FATAL_CNT,TOT_DRVR_AGE_01_20_CNT,LANE_RDWY_DPRT_CRASH_FLG
1795297,09340,10/13/18 00:00:00,10,13,2018,7,16,4P ,26,Multnomah,245,Portland SE,57,PORTLAND UA    ,14,U PR-ART,1,026,  ,MT. HOOD,1,0,MN,0,R,,002600100S00,45,29,50.210000000000000,-122,37,23.720000000000000,45.497280555555333,-122.623255555554667,,,,,01940  ,SE POWELL BLVD              ,,05039  ,SE 39TH AV/CESAR CHAVEZ     ,,1,,7,2.88000011e+00,35,3,STRGHT  ,0,,,0,0,0,5,,0,NONE ,03,E,S-1STOP   ,3,REAR    ,4,INJ,1,CLR ,1,DRY ,1,DAY ,023,R-GRN-SIG ,1,0,NONE  ,013,FORCED    ,,,,,29,F AVOID ,,,,,,,0,0,0,0,0,9,"Over 200,000",2,PORTLAND HWY SYSTEM,US,26   ,US 26     ,1,02B,293_20721,,0,10/30/19 17:21:05,3,0,0,0,1,1,0,3,0,0,0,0,0,0,0,0,0,0,0,4,4,3,0,1,0,0,0,0,0,0,0,N
1795300,09341,10/13/18 00:00:00,10,13,2018,7,09,9A ,26,Multnomah,245,Portland SE,57,PORTLAND UA    ,16,U MN-ART,0,,,,,,,,,,,45,29,2.780000000000000,-122,34,56.380000000000000,45.484105555555333,-122.582327777777667,,,,,00824  ,SE FOSTER RD                ,,05079  ,SE 79TH AVE                 ,,1,0,9,,,1,INTER   ,0,1,CROSS  ,0,0,0,,0,,,03,H,O-1 L-TURN,6,TURN    ,4,INJ,1,CLR ,1,DRY ,1,DAY ,004,STOP SIGN ,1,5,NO RPT,,,,,,,02,NO-YIELD,,,,,,,0,0,0,0,0,9,"Over 200,000",1,PORTLAND CITY STREET,,,,1,02B,58_126072,,0,10/30/19 17:21:05,2,0,0,0,2,2,1,1,0,0,0,0,0,0,0,0,0,0,0,3,3,2,0,1,0,0,0,0,0,0,0,N
1795314,10284,11/06/18 00:00:00,11,06,2018,3,17,5P ,26,Multnomah,245,Portland SE,57,PORTLAND UA    ,11,U INTRST,1,064,  ,EAST PORTLAND FREEWAY,1,6,CN,0,R,2,0064BT100S00,45,30,15.760000000000000,-122,33,47.650000000000000,45.504377777777000,-122.563236111111000,,,,,00614  ,SE DIVISION ST              ,,09716  ,NB POWELL-DIV C2            ,,1,,5,1.96200008e+01,,1,INTER   ,0,1,CROSS  ,0,0,0,,0,,,06,E,S-1STOP   ,3,REAR    ,4,INJ,3,RAIN,2,WET ,2,DLIT,001,TRF SIGNAL,1,0,NONE  ,,,,,,,29,F AVOID ,,,,,,,0,0,0,0,0,9,"Over 200,000",2,PORTLAND HWY SYSTEM,IS,205  ,I-205     ,1,02B,293_6125,,0,10/30/19 17:21:05,2,0,0,0,1,1,0,1,0,0,0,0,0,0,0,0,0,0,0,2,2,1,0,1,0,0,0,0,0,0,0,N
1795324,10288,11/06/18 00:00:00,11,06,2018,3,18,6P ,26,Multnomah,245,Portland SE,57,PORTLAND UA    ,14,U PR-ART,1,,,,,,,,,,,45,30,46.590000000000000,-122,39,38.770000000000000,45.512941666666000,-122.660769444444000,,,,,00929  ,SE GRAND AVE                ,,01513  ,SE MADISON ST               ,,1,0,9,,,1,INTER   ,0,1,CROSS  ,0,0,0,,0,,,02,B,ANGL-OTH  ,1,ANGL    ,4,INJ,3,RAIN,2,WET ,5,DUSK,001,TRF SIGNAL,1,5,NO RPT,013,FORCED    ,,,,,04,DIS SIG ,,,,,,,0,0,0,0,0,9,"Over 200,000",1,PORTLAND CITY STREET,,,,1,02B,58_117079,,0,10/30/19 17:21:05,3,0,0,0,1,1,0,3,0,0,0,0,0,0,0,0,0,0,0,4,4,3,0,1,0,0,0,0,0,0,1,N
1795340,09348,10/13/18 00:00:00,10,13,2018,7,15,3P ,26,Multnomah,245,Portland SE,57,PORTLAND UA    ,14,U PR-ART,1,026,  ,MT. HOOD,1,0,MN,0,R,,002600100S00,45,29,50.800000000000000,-122,37,14.730000000000000,45.497444444444333,-122.620758333332667,,,,,01940  ,SE POWELL BLVD              ,,05040  ,SE 40TH AVE                 ,,1,,9,3.00000000e+00,35,1,INTER   ,0,3,3-LEG  ,0,0,1,,0,,,03,B,ANGL-OTH  ,6,TURN    ,4,INJ,1,CLR ,1,DRY ,1,DAY ,004,STOP SIGN ,1,0,NONE  ,,,,,,,02,NO-YIELD,,,,,,,0,0,0,0,0,9,"Over 200,000",2,PORTLAND HWY SYSTEM,US,26   ,US 26     ,1,02B,293_19721,,0,10/30/19 17:21:05,2,0,0,0,1,1,0,3,0,0,0,0,0,0,0,0,0,0,0,4,4,4,0,0,0,0,0,0,0,0,0,N
1795343,09353,10/14/18 00:00:00,10,14,2018,1,13,1P ,26,Multnomah,245,Portland SE,57,PORTLAND UA    ,17,U MJ-COL,0,,,,,,,,,,,45,31,8.770000000000000,-122,31,15.680000000000000,45.519102777777667,-122.521022222221667,,,,,02259  ,SE STARK ST                 ,,05139  ,SE 139TH AVE                ,,1,0,1,,,1,INTER   ,0,1,CROSS  ,0,0,0,,0,,,06,E,S-1STOP   ,3,REAR    ,4,INJ,1,CLR ,1,DRY ,1,DAY ,001,TRF SIGNAL,1,0,NONE  ,,,,,,,29,F AVOID ,,,,,,,0,0,0,0,0,9,"Over 200,000",1,PORTLAND CITY STREET,,,,1,02B,58_191747,,0,10/30/19 17:21:05,2,0,0,0,1,1,0,1,0,0,0,0,0,0,0,0,0,0,0,2,2,1,0,1,0,0,0,0,0,0,0,N
1795356,09365,10/03/18 00:00:00,10,03,2018,4,14,2P ,26,Multnomah,245,Portland SE,57,PORTLAND UA    ,14,U PR-ART,1,026,  ,MT. HOOD,1,0,MN,0,R,,002600100S00,45,29,50.630000000000000,-122,34,29.840000000000000,45.497397222221333,-122.574955555554667,,,,,01940  ,SE POWELL BLVD              ,,05085  ,SE 85TH AVE                 ,,1,,9,5.26999998e+00,35,1,INTER   ,0,3,3-LEG  ,0,0,0,,0,,,03,B,ANGL-OTH  ,6,TURN    ,4,INJ,1,CLR ,1,DRY ,1,DAY ,004,STOP SIGN ,1,0,NONE  ,,,,,,,02,NO-YIELD,,,,,,,0,0,0,0,0,9,"Over 200,000",2,PORTLAND HWY SYSTEM,US,26   ,US 26     ,1,02B,293_12193,,0,10/30/19 17:21:05,2,0,0,0,1,1,0,2,0,0,0,0,0,0,0,0,0,0,0,3,3,2,0,1,0,0,0,0,0,0,0,N
1795377,10305,11/06/18 00:00:00,11,06,2018,3,07,7A ,26,Multnomah,245,Portland SE,57,PORTLAND UA    ,16,U MN-ART,0,,,,,,,,,,,45,31,3.470000000000000,-122,30,38.620000000000000,45.517630555554667,-122.510727777777000,,,,,05148  ,SE 148TH AVE                ,,02259  ,SE STARK ST                 ,,1,525,5,,,2,ALLEY   ,0,,,0,0,0,2,,0,NONE ,00,B,ANGL-OTH  ,6,TURN    ,4,INJ,0,UNK ,0,UNK ,4,DAWN,099,UNKNOWN   ,1,5,NO RPT,013,FORCED    ,,,,,02,NO-YIELD,,,,,,,0,0,0,0,0,9,"Over 200,000",1,PORTLAND CITY STREET,,,,1,02B,58_183001,,0,10/30/19 17:21:05,3,0,0,0,1,1,0,1,0,0,0,0,0,0,0,0,0,0,0,2,2,0,0,2,0,0,0,0,0,0,0,N
1795380,10309,11/06/18 00:00:00,11,06,2018,3,14,2P ,26,Multnomah,245,Portland SE,57,PORTLAND UA    ,16,U MN-ART,0,,,,,,,,,,,45,30,16.670000000000000,-122,32,15.640000000000000,45.504630555555000,-122.537677777777333,,,,,05122  ,SE 122ND AVE                ,,00614  ,SE DIVISION ST              ,,1,160,1,,,3,STRGHT  ,0,,,1,0,0,4,,0,NONE ,08,E,S-1STOP   ,3,REAR    ,4,INJ,1,CLR ,1,DRY ,1,DAY ,099,UNKNOWN   ,1,0,NONE  ,,,,,,,29,F AVOID ,,,,,,,0,0,0,0,0,9,"Over 200,000",1,PORTLAND CITY STREET,,,,1,02B,58_185865,,0,10/30/19 17:21:05,2,0,0,0,1,1,0,1,0,0,0,0,0,0,0,0,0,0,0,2,2,1,0,1,0,0,0,0,0,0,0,N
1795387,10312,11/05/18 00:00:00,11,05,2018,2,16,4P ,26,Multnomah,245,Portland SE,57,PORTLAND UA    ,14,U PR-ART,1,026,  ,MT. HOOD,1,0,MN,0,R,,002600100S00,45,29,54.830000000000000,-122,31,9.540000000000000,45.498563888888333,-122.519316666666667,,,,,01940  ,SE POWELL BLVD              ,,05140  ,SE 140TH AVE                ,,1,,6,8.10999966e+00,35,1,INTER   ,0,3,3-LEG  ,0,0,0,,0,,,06,E,S-1STOP   ,3,REAR    ,4,INJ,2,CLD ,2,WET ,5,DUSK,099,UNKNOWN   ,1,3,CITY  ,013,FORCED    ,,,,,29,F AVOID ,,,,,,,0,0,0,0,1,9,"Over 200,000",2,PORTLAND HWY SYSTEM,US,26   ,US 26     ,1,02B,293_17371,,0,10/30/19 17:21:05,3,0,0,0,2,2,1,2,0,0,0,0,0,0,0,0,0,0,0,4,4,0,0,4,0,0,0,0,0,0,0,N
1795391,10313,11/02/18 00:00:00,11,02,2018,6,13,1P ,26,Multnomah,245,Portland SE,57,PORTLAND UA    ,14,U PR-ART,1,,,,,,,,,,,45,30,41.470000000000000,-122,39,42.610000000000000,45.511519444444000,-122.661836111111000,,,,,00169  ,SE HAW/BRG MLK OFF RAMP     ,,02402  ,SE MLK/UNION                ,,1,0,9,,,1,INTER   ,0,5,5-LEG  ,0,0,0,,0,,,01,B,ANGL-OTH  ,6,TURN    ,4,INJ,1,CLR ,1,DRY ,1,DAY ,001,TRF SIGNAL,1,0,NONE  ,,,,,,,08,IMP-TURN,14,DIS TCD ,,,,,0,0,0,0,0,9,"Over 200,000",1,PORTLAND CITY STREET,,,,1,02B,58_140009,,0,10/30/19 17:21:05,2,0,0,0,1,1,0,1,0,0,0,0,0,0,0,0,0,0,0,2,2,1,0,1,0,0,0,0,0,0,0,N
1795395,09378,10/14/18 00:00:00,10,14,2018,1,02,2A ,26,Multnomah,245,Portland SE,57,PORTLAND UA    ,17,U MJ-COL,0,,,,,,,,,,,45,30,39.410000000000000,-122,38,42.450000000000000,45.510947222222000,-122.645124999999333,,,,,01528  ,SE MARKET ST                ,,05020  ,SE 20TH AVE                 ,,1,0,9,,,1,INTER   ,0,3,3-LEG  ,0,0,0,,0,,,02,B,ANGL-OTH  ,6,TURN    ,4,INJ,1,CLR ,1,DRY ,2,DLIT,004,STOP SIGN ,1,3,CITY  ,,,,,,,02,NO-YIELD,,,,,0,0,0,0,0,0,1,9,"Over 200,000",1,PORTLAND CITY STREET,,,,1,02B,58_117860,,0,10/30/19 17:21:05,2,0,0,0,1,1,0,1,0,0,0,0,0,0,0,0,0,0,0,2,2,1,0,1,0,0,0,0,0,0,1,N
1795402,10318,11/08/18 00:00:00,11,08,2018,5,17,5P ,26,Multnomah,245,Portland SE,57,PORTLAND UA    ,14,U PR-ART,1,068,  ,CASCADE HWY NORTH,1,0,MN,0,R,,006800100S00,45,29,50.670000000000000,-122,34,43.340000000000000,45.497408333333333,-122.578705555554667,,,,,01940  ,SE POWELL BLVD              ,,05082  ,SE 82ND AVE                 ,,1,,1,4.75000000e+00,35,1,INTER   ,0,1,CROSS  ,0,0,0,,0,,,06,E,S-1STOP   ,3,REAR    ,4,INJ,1,CLR ,1,DRY ,2,DLIT,090,L-TURN REF,1,3,CITY  ,013,FORCED    ,,,,,14,DIS TCD ,29,F AVOID ,,,0,0,0,0,0,0,0,9,"Over 200,000",2,PORTLAND HWY SYSTEM,OR,213  ,OR 213    ,1,02B,293_18733,,0,10/30/19 17:21:05,4,0,0,1,4,5,0,1,0,0,0,0,0,0,0,0,0,0,0,6,6,6,0,0,0,0,0,0,0,0,0,N
1795435,09391,10/14/18 00:00:00,10,14,2018,1,17,5P ,26,Multnomah,245,Portland SE,57,PORTLAND UA    ,17,U MJ-COL,0,,,,,,,,,,,45,30,59.200000000000000,-122,37,33.070000000000000,45.516444444444000,-122.625852777777667,,,,,00226  ,SE BELMONT ST               ,,05037  ,SE 37TH AVE                 ,,1,0,9,,,1,INTER   ,0,1,CROSS  ,0,0,0,,0,,,03,B,ANGL-OTH  ,1,ANGL    ,4,INJ,1,CLR ,1,DRY ,1,DAY ,004,STOP SIGN ,1,5,NO RPT,,,,,,,02,NO-YIELD,,,,,,,0,0,0,0,0,9,"Over 200,000",1,PORTLAND CITY STREET,,,,1,02B,58_116129,,0,10/30/19 17:21:05,2,0,0,0,1,1,0,1,0,0,0,0,0,0,0,0,0,0,0,2,2,2,0,0,0,0,0,1,0,0,0,N
1795438,09397,10/14/18 00:00:00,10,14,2018,1,19,7P ,26,Multnomah,245,Portland SE,57,PORTLAND UA    ,16,U MN-ART,0,,,,,,,,,,,45,28,3.390000000000000,-122,36,36.060000000000000,45.467608333332667,-122.610016666666000,,,,,00852  ,SE FLAVEL DR                ,,05052  ,SE 52ND AVE                 ,,1,0,9,,,1,INTER   ,0,1,CROSS  ,0,0,0,,0,,,04,H,O-1 L-TURN,6,TURN    ,4,INJ,1,CLR ,1,DRY ,2,DLIT,004,STOP SIGN ,1,5,NO RPT,,,,,,,02,NO-YIELD,,,,,,,0,0,0,0,0,9,"Over 200,000",1,PORTLAND CITY STREET,,,,1,02B,58_130003,,0,10/30/19 17:21:05,2,0,0,0,1,1,0,1,0,0,0,0,0,0,0,0,0,0,0,2,2,0,0,2,0,0,0,0,0,0,1,N
1795484,09401,10/14/18 00:00:00,10,14,2018,1,17,5P ,26,Multnomah,245,Portland SE,57,PORTLAND UA    ,16,U MN-ART,0,,,,,,,,,,,45,29,22.660000000000000,-122,32,15.760000000000000,45.489627777777333,-122.537711111110333,,,,,01055  ,SE HOLGATE BLVD             ,,05122  ,SE 122ND AVE                ,,1,0,1,,,1,INTER   ,1,1,CROSS  ,0,0,0,,0,,,06,8,FIX OBJ   ,9,FIX     ,4,INJ,1,CLR ,2,WET ,1,DAY ,001,TRF SIGNAL,1,3,CITY  ,053,POLE UTL  ,,,,,33,RECKLESS,06,IMP-OVER,01,TOO-FAST,0,0,1,0,0,1,0,9,"Over 200,000",1,PORTLAND CITY STREET,,,,1,02C,58_125135,,0,10/30/19 17:21:05,1,0,0,1,0,1,0,0,0,0,0,0,0,0,0,0,0,0,0,1,1,0,0,1,0,0,0,0,0,0,0,N
1795499,10330,11/08/18 00:00:00,11,08,2018,5,18,6P ,26,Multnomah,245,Portland SE,57,PORTLAND UA    ,14,U PR-ART,1,081,  ,PACIFIC HIGHWAY EAST,1,0,MN,0,R,,008100100S00,45,29,25.250000000000000,-122,39,15.750000000000000,45.490347222221333,-122.654375000000000,,,,,01055  ,SE HOLGATE BLVD             ,,01506  ,SE MCLOUGHLIN BLVD          ,,1,,8,2.32999992e+00,45,1,INTER   ,0,1,CROSS  ,0,0,0,,0,,,06,E,S-1STOP   ,3,REAR    ,4,INJ,1,CLR ,1,DRY ,5,DUSK,001,TRF SIGNAL,1,3,CITY  ,,,,,,,29,F AVOID ,,,,,0,0,0,0,0,0,1,9,"Over 200,000",2,PORTLAND HWY SYSTEM,OR,99E  ,OR 99E    ,1,02B,293_8094,,0,10/30/19 17:21:05,2,0,0,0,1,1,0,2,0,0,0,0,0,0,0,0,0,0,0,3,3,2,0,1,0,0,0,0,0,0,0,N
1795513,10333,11/08/18 00:00:00,11,08,2018,5,16,4P ,26,Multnomah,245,Portland SE,57,PORTLAND UA    ,16,U MN-ART,0,,,,,,,,,,,45,30,43.450000000000000,-122,38,5.180000000000000,45.512069444444000,-122.634772222221333,,,,,01028  ,SE HAWTHORNE BLVD           ,,05030  ,SE 30TH AVE                 ,,1,0,9,,30,1,INTER   ,0,1,CROSS  ,0,0,0,,0,,,02,B,ANGL-OTH  ,1,ANGL    ,4,INJ,1,CLR ,1,DRY ,1,DAY ,001,TRF SIGNAL,1,3,CITY  ,010,SUB OTRN  ,087,FIRE/EXP  ,,,02,NO-YIELD,04,DIS SIG ,,,0,0,0,0,0,0,0,9,"Over 200,000",1,PORTLAND CITY STREET,,,,1,02B,58_117508,,0,10/30/19 17:21:05,3,0,0,1,1,2,0,1,0,0,0,0,0,0,0,0,0,0,0,3,3,2,0,1,0,0,0,0,0,0,0,N
1795536,09414,10/15/18 00:00:00,10,15,2018,2,14,2P ,26,Multnomah,245,Portland SE,57,PORTLAND UA    ,11,U INTRST,1,064,  ,EAST PORTLAND FREEWAY,1,6,CN,0,R,7,0064CN100S00,45,31,8.570000000000000,-122,33,57.820000000000000,45.519047222221667,-122.566061111111000,,,,,02259  ,SE STARK ST                 ,,09728  ,SB GLISAN-STARK C7          ,,1,,9,2.07999992e+01,,1,INTER   ,0,1,CROSS  ,0,0,0,,1,,,01,B,ANGL-OTH  ,6,TURN    ,4,INJ,1,CLR ,1,DRY ,1,DAY ,001,TRF SIGNAL,1,0,NONE  ,,,,,,,04,DIS SIG ,,,,,,,0,0,0,0,0,9,"Over 200,000",2,PORTLAND HWY SYSTEM,IS,205  ,I-205     ,1,02B,293_5678,,0,10/30/19 17:21:05,2,0,0,0,1,1,0,1,0,0,0,0,0,0,0,0,0,0,0,2,2,1,0,1,0,0,0,0,0,0,0,N
1795540,09415,10/15/18 00:00:00,10,15,2018,2,17,5P ,26,Multnomah,245,Portland SE,57,PORTLAND UA    ,16,U MN-ART,0,,,,,,,,,,,45,29,22.930000000000000,-122,35,48.920000000000000,45.489702777777333,-122.596922222221333,,,,,00824  ,SE FOSTER RD                ,,05064  ,SE 64TH AVE                 ,,1,0,4,,,1,INTER   ,0,3,3-LEG  ,0,0,0,,0,,,06,E,S-1STOP   ,3,REAR    ,4,INJ,1,CLR ,1,DRY ,5,DUSK,001,TRF SIGNAL,1,0,NONE  ,013,FORCED    ,,,,,01,TOO-FAST,,,,,,,0,0,0,1,0,9,"Over 200,000",1,PORTLAND CITY STREET,,,,1,02B,58_124566,,0,10/30/19 17:21:05,3,0,0,0,2,2,0,1,0,0,0,0,0,0,0,0,0,0,0,3,3,2,0,1,0,0,0,0,0,0,0,N
1795546,09416,10/15/18 00:00:00,10,15,2018,2,15,3P ,26,Multnomah,245,Portland SE,57,PORTLAND UA    ,17,U MJ-COL,0,,,,,,,,,,,45,29,11.390000000000000,-122,35,21.060000000000000,45.486497222221333,-122.589183333333333,,,,,00824  ,SE FOSTER RD                ,,05072  ,SE 72ND AVE                 ,,1,0,5,,,1,INTER   ,0,6,6-LEG  ,0,0,0,,0,,,06,E,S-1STOP   ,3,REAR    ,4,INJ,1,CLR ,1,DRY ,1,DAY ,001,TRF SIGNAL,1,0,NONE  ,,,,,,,29,F AVOID ,,,,,,,0,0,0,0,0,9,"Over 200,000",1,PORTLAND CITY STREET,,,,1,02B,58_125574,,0,10/30/19 17:21:05,2,0,0,0,1,1,0,1,0,0,0,0,0,0,0,0,0,0,0,2,2,2,0,0,0,0,0,0,0,0,0,N
1795552,09417,10/15/18 00:00:00,10,15,2018,2,08,8A ,26,Multnomah,245,Portland SE,57,PORTLAND UA    ,16,U MN-ART,0,064,  ,EAST PORTLAND FREEWAY,1,6,CN,0,R,2,0064BL100S00,45,28,40.870000000000000,-122,33,53.110000000000000,45.478019444443667,-122.564752777777000,,,,,02658  ,SE WOODSTOCK BLVD           ,,05096  ,SE 96TH AVE                 ,,1,,9,1.77700005e+01,,1,INTER   ,0,1,CROSS  ,0,0,0,,0,,,01,F,S-OTHER   ,6,TURN    ,4,INJ,1,CLR ,1,DRY ,1,DAY ,001,TRF SIGNAL,1,0,NONE  ,,,,,,,08,IMP-TURN,,,,,,,0,0,0,0,0,9,"Over 200,000",2,PORTLAND HWY SYSTEM,IS,205  ,I-205     ,1,02B,293_26099,,0,10/30/19 17:21:05,2,0,0,0,1,1,0,1,0,0,0,0,0,0,0,0,0,0,0,2,2,2,0,0,0,0,0,0,0,0,0,N
1795575,10351,11/09/18 00:00:00,11,09,2018,6,16,4P ,26,Multnomah,245,Portland SE,57,PORTLAND UA    ,14,U PR-ART,1,026,  ,MT. HOOD,1,0,MN,0,R,,002600100S00,45,29,51.840000000000000,-122,31,27.450000000000000,45.497733333333333,-122.524291666666667,,,,,01940  ,SE POWELL BLVD              ,,05136  ,SE 136TH AVE                ,,1,,6,7.86000013e+00,35,3,STRGHT  ,0,,,0,0,1,3,,0,NONE ,08,B,ANGL-OTH  ,6,TURN    ,4,INJ,1,CLR ,1,DRY ,1,DAY ,022,L-GRN-SIG ,1,5,NO RPT,,,,,,,02,NO-YIELD,,,,,,,0,0,0,0,0,9,"Over 200,000",2,PORTLAND HWY SYSTEM,US,26   ,US 26     ,1,02B,293_20834,,0,10/30/19 17:21:05,2,0,0,0,2,2,0,0,0,0,0,0,0,0,0,0,0,0,0,2,2,2,0,0,0,0,0,0,0,0,0,N
1795576,09423,10/15/18 00:00:00,10,15,2018,2,19,7P ,26,Multnomah,245,Portland SE,57,PORTLAND UA    ,17,U MJ-COL,0,,,,,,,,,,,45,28,7.080000000000000,-122,36,17.220000000000000,45.468633333332667,-122.604783333333000,,,,,00817  ,SE FLAVEL ST                ,,05057  ,SE 57TH AVE                 ,,1,0,7,,,1,INTER   ,1,1,CROSS  ,0,0,0,,0,,,06,8,FIX OBJ   ,9,FIX     ,4,INJ,1,CLR ,1,DRY ,2,DLIT,099,UNKNOWN   ,1,5,NO RPT,062,TREE      ,,,,,17,ILLNESS ,,,,,,,0,0,0,0,0,9,"Over 200,000",1,PORTLAND CITY STREET,,,,1,02B,58_129644,,0,10/30/19 17:21:05,1,0,0,1,0,1,0,0,0,0,0,0,0,0,0,0,0,0,0,1,1,1,0,0,0,0,0,0,0,0,0,N
1795580,10352,11/09/18 00:00:00,11,09,2018,6,10,10A,26,Multnomah,245,Portland SE,57,PORTLAND UA    ,14,U PR-ART,1,026,  ,MT. HOOD,1,0,MN,0,R,,002600100S00,45,29,49.940000000000000,-122,32,3.020000000000000,45.497205555555333,-122.534172222221333,,,,,01940  ,SE POWELL BLVD              ,,06125  ,SE 125TH PL                 ,,1,,7,7.38000011e+00,35,1,INTER   ,0,3,3-LEG  ,0,0,0,,0,,,06,E,S-1STOP   ,3,REAR    ,4,INJ,1,CLR ,1,DRY ,1,DAY ,099,UNKNOWN   ,1,0,NONE  ,,,,,,,29,F AVOID ,,,,,,,0,0,0,0,0,9,"Over 200,000",2,PORTLAND HWY SYSTEM,US,26   ,US 26     ,1,02B,293_17370,,0,10/30/19 17:21:05,2,0,0,0,1,1,0,1,0,0,0,0,0,0,0,0,0,0,0,2,2,1,0,1,0,0,0,0,0,0,0,N
1795585,10353,11/09/18 00:00:00,11,09,2018,6,11,11A,26,Multnomah,245,Portland SE,57,PORTLAND UA    ,16,U MN-ART,0,,,,,,,,,,,45,31,8.490000000000000,-122,32,16.000000000000000,45.519024999999667,-122.537777777777333,,,,,02259  ,SE STARK ST                 ,,05122  ,SE 122ND AVE                ,,1,0,3,,,1,INTER   ,0,1,CROSS  ,0,0,0,,0,,,05,B,ANGL-OTH  ,6,TURN    ,4,INJ,1,CLR ,1,DRY ,1,DAY ,001,TRF SIGNAL,1,0,NONE  ,,,,,,,02,NO-YIELD,04,DIS SIG ,,,,,0,0,0,0,0,9,"Over 200,000",1,PORTLAND CITY STREET,,,,1,02B,58_115806,,0,10/30/19 17:21:05,2,0,0,0,2,2,0,1,0,0,0,0,0,0,0,0,0,0,0,3,3,1,0,2,0,0,0,0,0,0,0,N