CRASH_ID,SER_NO,CRASH_DT,CRASH_MO_NO,CRASH_DAY_NO,CRASH_YR_NO,CRASH_WK_DAY_CD,CRASH_HR_NO,CRASH_HR_SHORT_DESC,CNTY_ID,CNTY_NM,CITY_SECT_ID,CITY_SECT_NM,URB_AREA_CD,URB_AREA_SHORT_NM,FC_CD,FC_SHORT_DESC,NHS_FLG,HWY_NO,HWY_SFX_NO,HWY_MED_NM,RDWY_NO,HWY_COMPNT_CD,HWY_COMPNT_SHORT_DESC,MLGE_TYP_CD,MLGE_TYP_SHORT_DESC,RD_CON_NO,LRS_VAL,LAT_DEG_NO,LAT_MINUTE_NO,LAT_SEC_NO,LONGTD_DEG_NO,LONGTD_MINUTE_NO,LONGTD_SEC_NO,LAT_DD,LONGTD_DD,SPECL_JRSDCT_ID,SPECL_JRSDCT_SHORT_DESC,JRSDCT_GRP_CD,JRSDCT_GRP_LONG_DESC,AGY_ST_NO,ST_FULL_NM,RECRE_RD_NM,ISECT_AGY_ST_NO,ISECT_ST_FULL_NM,ISECT_RECRE_RD_NM,ISECT_SEQ_NO,FROM_ISECT_DSTNC_QTY,CMPSS_DIR_CD,MP_NO,POST_SPEED_LMT_VAL,RD_CHAR_CD,RD_CHAR_SHORT_DESC,OFF_RDWY_FLG,ISECT_TYP_CD,ISECT_TYP_SHORT_DESC,ISECT_REL_FLG,RNDABT_FLG,DRVWY_REL_FLG,LN_QTY,TURNG_LEG_QTY,MEDN_TYP_CD,MEDN_TYP_SHORT_DESC,IMPCT_LOC_CD,CRASH_TYP_CD,CRASH_TYP_SHORT_DESC,COLLIS_TYP_CD,COLLIS_TYP_SHORT_DESC,CRASH_SVRTY_CD,CRASH_SVRTY_SHORT_DESC,WTHR_COND_CD,WTHR_COND_SHORT_DESC,RD_SURF_COND_CD,RD_SURF_SHORT_DESC,LGT_COND_CD,LGT_COND_SHORT_DESC,TRAF_CNTL_DEVICE_CD,TRAF_CNTL_DEVICE_SHORT_DESC,TRAF_CNTL_FUNC_FLG,INVSTG_AGY_CD,INVSTG_AGY_SHORT_DESC,CRASH_EVNT_1_CD,CRASH_EVNT_1_SHORT_DESC,CRASH_EVNT_2_CD,CRASH_EVNT_2_SHORT_DESC,CRASH_EVNT_3_CD,CRASH_EVNT_3_SHORT_DESC,CRASH_CAUSE_1_CD,CRASH_CAUSE_1_SHORT_DESC,CRASH_CAUSE_2_CD,CRASH_CAUSE_2_SHORT_DESC,CRASH_CAUSE_3_CD,CRASH_CAUSE_3_SHORT_DESC,SCHL_ZONE_IND,WRK_ZONE_IND,ALCHL_INVLV_FLG,DRUG_INVLV_FLG,MJ_INVLV_FLG,CRASH_SPEED_INVLV_FLG,CRASH_HIT_RUN_FLG,POP_RNG_CD,POP_RNG_MED_DESC,RD_CNTL_CD,RD_CNTL_MED_DESC,RTE_TYP_CD,RTE_ID,RTE_NM,REG_ID,DIST_ID,SEG_MRK_ID,SEG_PT_LRS_MEAS,UNLOCT_FLG,CRASH_LAST_UD_DT,TOT_VHCL_CNT,TOT_FATAL_CNT,TOT_INJ_LVL_A_CNT,TOT_INJ_LVL_B_CNT,TOT_INJ_LVL_C_CNT,TOT_INJ_CNT,TOT_UNINJD_AGE00_04_CNT,TOT_UNINJD_PER_CNT,TOT_PED_CNT,TOT_PED_FATAL_CNT,TOT_PED_INJ_LVL_A_CNT,TOT_PED_INJ_CNT,TOT_PEDCYCL_CNT,TOT_PEDCYCL_FATAL_CNT,TOT_PEDCYCL_INJ_LVL_A_CNT,TOT_PEDCYCL_INJ_CNT,TOT_UNKNWN_CNT,TOT_UNKNWN_FATAL_CNT,TOT_UNKNWN_INJ_CNT,TOT_OCCUP_CNT,TOT_PER_INVLV_CNT,TOT_SFTY_EQUIP_USED_QTY,TOT_SFTY_EQUIP_UNUSED_QTY,TOT_SFTY_EQUIP_USE_UNKNWN_QTY,TOT_PSNGR_VHCL_OCC_UNRESTRND_FATAL_CNT,TOT_MCYCLST_FATAL_CNT,TOT_MCYCLST_INJ_LVL_A_CNT,TOT_MCYCLST_INJ_CNT,TOT_MCYCLST_UNHELMTD_FATAL_CNT,TOT_ALCHL_IMPAIRED_DRVR_INV_FATAL_CNT,TOT_DRVR_AGE_01_20_CNT,LANE_RDWY_DPRT_CRASH_FLG
1795601,10357,11/09/18 00:00:00,11,09,2018,6,08,8A ,26,Multnomah,245,Portland SE,57,PORTLAND UA    ,14,U PR-ART,1,026,  ,MT. HOOD,1,0,MN,0,R,,002600100S00,45,29,48.290000000000000,-122,32,43.490000000000000,45.496747222221333,-122.545413888888333,,,,,01940  ,SE POWELL BLVD              ,,05115  ,SE 115TH AVE                ,,1,,9,6.82999992e+00,35,1,INTER   ,0,1,CROSS  ,0,0,0,,0,,,02,B,ANGL-OTH  ,1,ANGL    ,4,INJ,1,CLR ,1,DRY ,4,DAWN,004,STOP SIGN ,1,5,NO RPT,,,,,,,02,NO-YIELD,03,PAS-STOP,,,,,0,0,0,0,0,9,"Over 200,000",2,PORTLAND HWY SYSTEM,US,26   ,US 26     ,1,02B,293_13269,,0,10/30/19 17:21:05,2,0,0,0,1,1,0,1,0,0,0,0,0,0,0,0,0,0,0,2,2,1,0,1,0,0,0,0,0,0,2,N
1795605,10358,11/09/18 00:00:00,11,09,2018,6,19,7P ,26,Multnomah,245,Portland SE,57,PORTLAND UA    ,19,U LOCAL ,0,,,,,,,,,,,45,30,16.940000000000000,-122,36,58.130000000000000,45.504705555555000,-122.616147222222000,,,,,02649  ,SE WINDSOR CT               ,,05045  ,SE 45TH AVE                 ,,1,0,9,,,1,INTER   ,0,1,CROSS  ,0,0,0,,0,,,04,B,ANGL-OTH  ,1,ANGL    ,4,INJ,1,CLR ,1,DRY ,2,DLIT,000,NONE      ,1,0,NONE  ,,,,,,,02,NO-YIELD,,,,,,,0,0,0,0,0,9,"Over 200,000",1,PORTLAND CITY STREET,,,,1,02B,58_119656,,0,10/30/19 17:21:05,2,0,0,0,1,1,0,2,0,0,0,0,0,0,0,0,0,0,0,3,3,2,0,1,0,0,0,0,0,0,0,N
1795607,09429,10/15/18 00:00:00,10,15,2018,2,17,5P ,26,Multnomah,245,Portland SE,57,PORTLAND UA    ,17,U MJ-COL,0,,,,,,,,,,,45,30,1.890000000000000,-122,38,22.680000000000000,45.500525000000000,-122.639633333333333,,,,,02326  ,SE TIBBETTS ST              ,,05026  ,SE 26TH AVE                 ,,1,0,9,,,1,INTER   ,0,1,CROSS  ,0,0,0,,0,,,04,B,ANGL-OTH  ,1,ANGL    ,4,INJ,1,CLR ,1,DRY ,1,DAY ,004,STOP SIGN ,1,3,CITY  ,,,,,,,02,NO-YIELD,,,,,,,0,0,0,0,0,9,"Over 200,000",1,PORTLAND CITY STREET,,,,1,02B,58_120962,,0,10/30/19 17:21:05,2,0,1,0,0,1,0,1,0,0,0,0,0,0,0,0,0,0,0,2,2,2,0,0,0,0,0,0,0,0,0,N
1795617,10365,11/09/18 00:00:00,11,09,2018,6,09,9A ,26,Multnomah,245,Portland SE,57,PORTLAND UA    ,17,U MJ-COL,0,,,,,,,,,,,45,28,25.440000000000000,-122,38,55.420000000000000,45.473733333332667,-122.648727777777333,,,,,00290  ,SE BYBEE BLVD               ,,01567  ,SE MILWAUKIE AVE            ,,1,0,9,,20,1,INTER   ,0,1,CROSS  ,0,0,0,,0,,,02,B,ANGL-OTH  ,1,ANGL    ,4,INJ,1,CLR ,1,DRY ,1,DAY ,001,TRF SIGNAL,1,3,CITY  ,010,SUB OTRN  ,,,,,04,DIS SIG ,27,INATTENT,32,CARELESS,0,0,0,0,0,0,0,9,"Over 200,000",1,PORTLAND CITY STREET,,,,1,02B,58_128624,,0,10/30/19 17:21:05,2,0,0,1,0,1,0,1,0,0,0,0,0,0,0,0,0,0,0,2,2,1,0,1,0,0,0,0,0,0,0,N
1795621,09430,10/15/18 00:00:00,10,15,2018,2,19,7P ,26,Multnomah,245,Portland SE,57,PORTLAND UA    ,14,U PR-ART,1,,,,,,,,,,,45,30,14.730000000000000,-122,32,15.660000000000000,45.504091666666000,-122.537683333333333,,,,,00614  ,SE DIVISION ST              ,,05122  ,SE 122ND AVE                ,,1,0,7,,,1,INTER   ,0,1,CROSS  ,0,0,0,,0,,,05,3,PED       ,0,PED     ,4,INJ,1,CLR ,1,DRY ,2,DLIT,001,TRF SIGNAL,1,3,CITY  ,,,,,,,02,NO-YIELD,19,NT VISBL,,,0,0,0,0,0,0,0,9,"Over 200,000",1,PORTLAND CITY STREET,,,,1,02B,58_120255,,0,10/30/19 17:21:05,1,0,0,0,1,1,0,1,1,0,0,1,0,0,0,0,0,0,0,1,2,0,0,1,0,0,0,0,0,0,0,N
1795627,09432,10/15/18 00:00:00,10,15,2018,2,02,2A ,26,Multnomah,245,Portland SE,57,PORTLAND UA    ,16,U MN-ART,0,,,,,,,,,,,45,31,6.250000000000000,-122,34,49.050000000000000,45.518402777777667,-122.580291666666667,,,,,02612  ,SE WASHINGTON ST            ,,05081  ,SE 81ST AVE                 ,,1,0,7,,,1,INTER   ,0,1,CROSS  ,0,0,0,,0,,,06,&,OVERTURN  ,8,NCOL    ,4,INJ,2,CLD ,1,DRY ,2,DLIT,004,STOP SIGN ,1,3,CITY  ,,,,,,,10,OTHR-IMP,,,,,0,0,0,0,0,0,0,9,"Over 200,000",1,PORTLAND CITY STREET,,,,1,02B,58_115786,,0,10/30/19 17:21:05,1,0,1,0,0,1,0,0,0,0,0,0,0,0,0,0,0,0,0,1,1,1,0,0,0,0,1,1,0,0,0,N
1795636,10367,11/09/18 00:00:00,11,09,2018,6,06,6A ,26,Multnomah,245,Portland SE,57,PORTLAND UA    ,16,U MN-ART,0,,,,,,,,,,,45,28,3.400000000000000,-122,36,36.060000000000000,45.467611111110667,-122.610016666666000,,,,,00852  ,SE FLAVEL DR                ,,05052  ,SE 52ND AVE                 ,,1,0,9,,,1,INTER   ,0,1,CROSS  ,0,0,0,,0,,,01,6,BIKE      ,1,ANGL    ,4,INJ,5,FOG ,2,WET ,4,DAWN,004,STOP SIGN ,1,3,CITY  ,,,,,,,02,NO-YIELD,03,PAS-STOP,,,0,0,0,0,0,0,0,9,"Over 200,000",1,PORTLAND CITY STREET,,,,1,02B,58_130003,,0,10/30/19 17:21:05,1,0,0,1,0,1,0,1,0,0,0,0,1,0,0,1,0,0,0,1,2,2,0,0,0,0,0,0,0,0,0,N
1795650,10370,11/09/18 00:00:00,11,09,2018,6,08,8A ,26,Multnomah,245,Portland SE,57,PORTLAND UA    ,16,U MN-ART,0,,,,,,,,,,,45,28,51.430000000000000,-122,36,31.420000000000000,45.480952777777667,-122.608727777777000,,,,,02107  ,SE RAMONA ST                ,,05052  ,SE 52ND AVE                 ,,1,0,9,,,1,INTER   ,0,1,CROSS  ,0,0,0,,0,,,04,6,BIKE      ,6,TURN    ,4,INJ,1,CLR ,1,DRY ,4,DAWN,099,UNKNOWN   ,1,0,NONE  ,,,,,,,02,NO-YIELD,,,,,,,0,0,0,0,0,9,"Over 200,000",1,PORTLAND CITY STREET,,,,1,02B,58_126821,,0,10/30/19 17:21:05,1,0,0,1,0,1,0,1,0,0,0,0,1,0,0,1,0,0,0,1,2,2,0,0,0,0,0,0,0,0,0,N
1795659,09438,10/15/18 00:00:00,10,15,2018,2,17,5P ,26,Multnomah,245,Portland SE,57,PORTLAND UA    ,14,U PR-ART,1,026,  ,MT. HOOD,1,0,MN,0,R,,002600100S00,45,29,50.110000000000000,-122,31,56.600000000000000,45.497252777777333,-122.532388888888667,,,,,01940  ,SE POWELL BLVD              ,,05128  ,SE 128TH AVE                ,,1,,7,7.46999979e+00,35,2,ALLEY   ,0,,,0,0,0,2,,0,NONE ,03,B,ANGL-OTH  ,6,TURN    ,4,INJ,1,CLR ,1,DRY ,1,DAY ,099,UNKNOWN   ,1,5,NO RPT,,,,,,,02,NO-YIELD,,,,,,,0,0,0,0,0,9,"Over 200,000",2,PORTLAND HWY SYSTEM,US,26   ,US 26     ,1,02B,293_18793,,0,10/30/19 17:21:05,2,0,0,0,1,1,0,1,0,0,0,0,0,0,0,0,0,0,0,2,2,1,0,1,0,0,0,0,0,0,0,N
1795680,10389,11/10/18 00:00:00,11,10,2018,7,11,11A,26,Multnomah,245,Portland SE,57,PORTLAND UA    ,14,U PR-ART,1,026,  ,MT. HOOD,1,0,MN,0,R,,002600100S00,45,29,50.580000000000000,-122,34,6.570000000000000,45.497383333333333,-122.568491666666667,,,,,01940  ,SE POWELL BLVD              ,,05092  ,SE 92ND AVE                 ,,1,,1,5.59000015e+00,35,1,INTER   ,0,1,CROSS  ,0,0,0,,0,,,06,E,S-1STOP   ,3,REAR    ,4,INJ,1,CLR ,1,DRY ,1,DAY ,001,TRF SIGNAL,1,3,CITY  ,,,,,,,01,TOO-FAST,16,FATIGUE ,29,F AVOID ,0,0,0,0,0,1,1,9,"Over 200,000",2,PORTLAND HWY SYSTEM,US,26   ,US 26     ,1,02B,293_10834,,0,10/30/19 17:21:05,2,0,0,1,2,3,0,1,0,0,0,0,0,0,0,0,0,0,0,4,4,3,0,1,0,0,0,0,0,0,0,N
1795691,09448,10/15/18 00:00:00,10,15,2018,2,17,5P ,26,Multnomah,245,Portland SE,57,PORTLAND UA    ,16,U MN-ART,0,,,,,,,,,,,45,31,8.590000000000000,-122,33,30.310000000000000,45.519052777777667,-122.558419444444000,,,,,02259  ,SE STARK ST                 ,,05102  ,SE 102ND AVE                ,,1,0,5,,,1,INTER   ,0,1,CROSS  ,0,0,0,,0,,,05,3,PED       ,0,PED     ,4,INJ,1,CLR ,1,DRY ,5,DUSK,001,TRF SIGNAL,1,3,CITY  ,,,,,,,02,NO-YIELD,40,VIEW OBS,,,0,0,0,0,0,0,0,9,"Over 200,000",1,PORTLAND CITY STREET,,,,1,02B,58_193288,,0,10/30/19 17:21:05,1,0,0,0,1,1,0,1,1,0,0,1,0,0,0,0,0,0,0,1,2,1,0,0,0,0,0,0,0,0,0,N
1795701,10393,11/10/18 00:00:00,11,10,2018,7,12,12P,26,Multnomah,245,Portland SE,57,PORTLAND UA    ,17,U MJ-COL,0,,,,,,,,,,,45,29,26.150000000000000,-122,37,57.690000000000000,45.490597222221333,-122.632691666666667,,,,,01055  ,SE HOLGATE BLVD             ,,05032  ,SE 32ND AVE                 ,,1,0,3,,,1,INTER   ,0,3,3-LEG  ,0,0,0,,0,,,05,3,PED       ,0,PED     ,4,INJ,1,CLR ,1,DRY ,1,DAY ,001,TRF SIGNAL,1,3,CITY  ,,,,,,,02,NO-YIELD,18,IN RDWY ,,,0,0,0,0,0,0,0,9,"Over 200,000",1,PORTLAND CITY STREET,,,,1,02B,58_183600,,0,10/30/19 17:21:05,1,0,0,0,2,2,0,1,2,0,0,2,0,0,0,0,0,0,0,1,3,1,0,0,0,0,0,0,0,0,0,N
1795703,10397,11/10/18 00:00:00,11,10,2018,7,00,12A,26,Multnomah,245,Portland SE,57,PORTLAND UA    ,11,U INTRST,1,064,  ,EAST PORTLAND FREEWAY,2,0,MN,0,R,,006400200S00,45,30,39.490000000000000,-122,33,56.480000000000000,45.510969444444000,-122.565688888888000,,,,,00745  ,EAST PORTLAND FY            ,,09722  ,SB EX DIVISION C6           ,,1,,1,2.00799999e+01,55,3,STRGHT  ,0,,,0,0,0,6,,2,DIVMD,05,E,S-1STOP   ,3,REAR    ,4,INJ,1,CLR ,1,DRY ,3,DARK,017,MEDIAN BAR,1,3,CITY  ,,,,,,,29,F AVOID ,,,,,0,1,0,0,0,0,1,9,"Over 200,000",2,PORTLAND HWY SYSTEM,IS,205  ,I-205     ,1,02B,293_5894,,0,10/30/19 17:21:05,2,0,0,0,2,2,0,1,0,0,0,0,0,0,0,0,0,0,0,3,3,0,0,3,0,0,0,0,0,0,0,N
1795710,10399,11/10/18 00:00:00,11,10,2018,7,12,12P,26,Multnomah,245,Portland SE,57,PORTLAND UA    ,11,U INTRST,1,001,  ,PACIFIC,2,0,MN,0,R,,000100200S00,45,30,39.210000000000000,-122,40,0.230000000000000,45.510891666666000,-122.666730555554667,,,,,00302  ,PACIFIC HY I-5              ,,09452  ,SB EX MARQUAM BR            ,,1,,1,3.00640015e+02,50,3,STRGHT  ,0,,,0,0,0,6,,1,RSDMD,03,C,S-STRGHT  ,3,REAR    ,4,INJ,1,CLR ,1,DRY ,1,DAY ,017,MEDIAN BAR,1,0,NONE  ,,,,,,,29,F AVOID ,,,,,,,0,0,0,0,0,9,"Over 200,000",2,PORTLAND HWY SYSTEM,IS,5    ,I-5       ,1,02B,293_3024,,0,10/30/19 17:21:05,2,0,0,1,2,3,1,4,0,0,0,0,0,0,0,0,0,0,0,7,7,7,0,0,0,0,0,0,0,0,0,N
1795724,10404,11/10/18 00:00:00,11,10,2018,7,21,9P ,26,Multnomah,245,Portland SE,57,PORTLAND UA    ,16,U MN-ART,0,,,,,,,,,,,45,30,34.040000000000000,-122,29,47.630000000000000,45.509455555555000,-122.496563888888333,,,,,05162  ,SE 162ND AVE                ,,02261  ,SE STEPHENS ST              ,,1,100,1,,,3,STRGHT  ,0,,,0,0,0,4,,0,NONE ,08,C,S-STRGHT  ,3,REAR    ,4,INJ,1,CLR ,1,DRY ,2,DLIT,099,UNKNOWN   ,1,5,NO RPT,,,,,,,29,F AVOID ,,,,,,,0,0,0,0,0,9,"Over 200,000",1,PORTLAND CITY STREET,,,,1,02B,58_118979,,0,10/30/19 17:21:05,2,0,0,0,1,1,0,1,0,0,0,0,0,0,0,0,0,0,0,2,2,0,0,2,0,0,0,0,0,0,0,N
1795728,10406,11/07/18 00:00:00,11,07,2018,4,09,9A ,26,Multnomah,245,Portland SE,57,PORTLAND UA    ,14,U PR-ART,1,026,  ,MT. HOOD,1,0,MN,0,R,,002600100S00,45,30,4.550000000000000,-122,39,17.220000000000000,45.501263888888000,-122.654783333333000,,,,,01940  ,SE POWELL BLVD              ,,05011  ,SE 11TH AVE                 ,,1,,8,1.29999995e+00,35,1,INTER   ,0,3,3-LEG  ,0,0,0,,0,,,06,E,S-1STOP   ,3,REAR    ,4,INJ,1,CLR ,1,DRY ,1,DAY ,099,UNKNOWN   ,1,0,NONE  ,,,,,,,29,F AVOID ,,,,,,,0,0,0,0,0,9,"Over 200,000",2,PORTLAND HWY SYSTEM,US,26   ,US 26     ,1,02B,293_15034,,0,10/30/19 17:21:05,2,0,0,0,2,2,0,1,0,0,0,0,0,0,0,0,0,0,0,3,3,2,0,1,0,0,0,0,0,0,0,N
1795751,10417,11/12/18 00:00:00,11,12,2018,2,14,2P ,26,Multnomah,245,Portland SE,57,PORTLAND UA    ,14,U PR-ART,1,,,,,,,,,,,45,30,14.730000000000000,-122,32,15.660000000000000,45.504091666666000,-122.537683333333333,,,,,00614  ,SE DIVISION ST              ,,05122  ,SE 122ND AVE                ,,1,0,7,,,1,INTER   ,0,1,CROSS  ,0,0,0,,0,,,06,I,O-1STOP   ,4,SS-M    ,4,INJ,1,CLR ,1,DRY ,1,DAY ,022,L-GRN-SIG ,1,3,CITY  ,,,,,,,05,LEFT-CTR,,,,,0,0,0,0,0,0,0,9,"Over 200,000",1,PORTLAND CITY STREET,,,,1,02B,58_120255,,0,10/30/19 17:21:05,4,0,0,0,1,1,0,3,0,0,0,0,0,0,0,0,0,0,0,4,4,0,1,3,0,0,0,0,0,0,0,N
1795752,10418,11/12/18 00:00:00,11,12,2018,2,17,5P ,26,Multnomah,245,Portland SE,57,PORTLAND UA    ,19,U LOCAL ,0,,,,,,,,,,,45,28,9.860000000000000,-122,36,56.310000000000000,45.469405555554667,-122.615641666666000,,,,,00817  ,SE FLAVEL ST                ,,05045  ,SE 45TH AVE                 ,,1,75,3,,,3,STRGHT  ,0,,,0,0,0,2,,0,NONE ,07,G,O-STRGHT  ,2,HEAD    ,4,INJ,1,CLR ,1,DRY ,5,DUSK,099,UNKNOWN   ,1,5,NO RPT,,,,,,,15,WRNG WAY,,,,,,,0,0,0,0,0,9,"Over 200,000",1,PORTLAND CITY STREET,,,,1,02B,58_129496,,0,10/30/19 17:21:05,2,0,1,0,0,1,0,1,0,0,0,0,0,0,0,0,0,0,0,2,2,1,0,1,0,0,0,0,0,0,0,N
1795778,10424,11/12/18 00:00:00,11,12,2018,2,12,12P,26,Multnomah,245,Portland SE,57,PORTLAND UA    ,16,U MN-ART,0,,,,,,,,,,,45,31,2.180000000000000,-122,33,29.940000000000000,45.517272222221667,-122.558316666666000,,,,,00563  ,SE CHERRY BLOSSOM DR        ,,01592  ,SE MORRISON CT              ,,1,0,4,,,1,INTER   ,0,1,CROSS  ,0,0,0,,0,,,05,C,S-STRGHT  ,5,SS-O    ,4,INJ,1,CLR ,1,DRY ,1,DAY ,015,ONE-WAY   ,1,0,NONE  ,,,,,,,13,IMP LN C,,,,,,,0,0,0,0,0,9,"Over 200,000",1,PORTLAND CITY STREET,,,,1,02B,58_194926,,0,10/30/19 17:21:05,2,0,0,0,3,3,0,2,0,0,0,0,0,0,0,0,0,0,0,5,5,3,0,2,0,0,0,0,0,0,0,N
1795835,09466,10/16/18 00:00:00,10,16,2018,3,05,5A ,26,Multnomah,245,Portland SE,57,PORTLAND UA    ,17,U MJ-COL,0,,,,,,,,,,,45,30,19.230000000000000,-122,36,17.580000000000000,45.505341666666000,-122.604883333333000,,,,,00614  ,SE DIVISION ST              ,,05057  ,SE 57TH AVE                 ,,1,0,7,,,1,INTER   ,0,3,3-LEG  ,0,0,0,,0,,,05,G,O-STRGHT  ,2,HEAD    ,4,INJ,1,CLR ,1,DRY ,2,DLIT,001,TRF SIGNAL,1,3,CITY  ,,,,,,,05,LEFT-CTR,,,,,1,,0,0,0,0,1,9,"Over 200,000",1,PORTLAND CITY STREET,,,,1,02B,58_119504,,0,10/30/19 17:21:05,2,0,0,0,1,1,0,1,0,0,0,0,0,0,0,0,0,0,0,2,2,1,0,1,0,0,0,0,0,0,0,N
1795847,84602,12/15/18 00:00:00,12,15,2018,7,14,2P ,26,Multnomah,245,Portland SE,57,PORTLAND UA    ,11,U INTRST,1,064,  ,EAST PORTLAND FREEWAY,1,0,MN,0,R,,006400100S00,45,28,1.310000000000000,-122,33,58.240000000000000,45.467030555554667,-122.566177777777000,,,,,00745  ,EAST PORTLAND FY            ,,09710  ,NB EX WOODSTOCK C1          ,,1,,5,1.70200005e+01,55,3,STRGHT  ,0,,,0,0,0,6,,2,DIVMD,05,E,S-1STOP   ,3,REAR    ,4,INJ,1,CLR ,1,DRY ,1,DAY ,099,UNKNOWN   ,1,0,NONE  ,013,FORCED    ,,,,,29,F AVOID ,,,,,,,0,0,0,0,0,9,"Over 200,000",2,PORTLAND HWY SYSTEM,IS,205  ,I-205     ,1,02B,293_5703,,0,10/30/19 17:21:05,3,0,0,0,3,3,1,4,0,0,0,0,0,0,0,0,0,0,0,7,7,6,0,1,0,0,0,0,0,0,0,N
1795848,09469,10/16/18 00:00:00,10,16,2018,3,17,5P ,26,Multnomah,245,Portland SE,57,PORTLAND UA    ,14,U PR-ART,1,026,  ,MT. HOOD,1,0,MN,0,R,,002600100S00,45,29,41.210000000000000,-122,29,47.960000000000000,45.494780555555333,-122.496655555555333,,,,,01940  ,SE POWELL BLVD              ,,05162  ,SE 162ND AVE                ,,1,,8,9.27000046e+00,35,1,INTER   ,0,1,CROSS  ,0,0,0,,0,,,06,E,S-1STOP   ,3,REAR    ,4,INJ,1,CLR ,1,DRY ,1,DAY ,001,TRF SIGNAL,1,0,NONE  ,013,FORCED    ,,,,,01,TOO-FAST,,,,,,,0,0,0,1,0,9,"Over 200,000",2,PORTLAND HWY SYSTEM,US,26   ,US 26     ,1,02B,293_17374,,0,10/30/19 17:21:05,3,0,0,0,3,3,0,1,0,0,0,0,0,0,0,0,0,0,0,4,4,2,0,2,0,0,0,0,0,0,1,N
1795856,10430,11/12/18 00:00:00,11,12,2018,2,12,12P,26,Multnomah,245,Portland SE,57,PORTLAND UA    ,16,U MN-ART,0,,,,,,,,,,,45,30,49.160000000000000,-122,39,31.320000000000000,45.513655555555000,-122.658700000000000,,,,,01515  ,SE MAIN ST                  ,,05007  ,SE 7TH AVE                  ,,1,0,9,,,1,INTER   ,0,1,CROSS  ,0,0,0,,0,,,03,B,ANGL-OTH  ,1,ANGL    ,4,INJ,1,CLR ,1,DRY ,1,DAY ,004,STOP SIGN ,1,0,NONE  ,,,,,,,02,NO-YIELD,03,PAS-STOP,,,,,0,0,0,0,0,9,"Over 200,000",1,PORTLAND CITY STREET,,,,1,02B,58_116874,,0,10/30/19 17:21:05,2,0,0,0,1,1,0,1,0,0,0,0,0,0,0,0,0,0,0,2,2,1,0,1,0,0,0,0,0,0,0,N
1795883,10443,11/12/18 00:00:00,11,12,2018,2,13,1P ,26,Multnomah,245,Portland SE,57,PORTLAND UA    ,16,U MN-ART,0,,,,,,,,,,,45,31,8.630000000000000,-122,34,2.800000000000000,45.519063888888667,-122.567444444443667,,,,,02259  ,SE STARK ST                 ,,05094  ,SE 94TH AVE                 ,,1,130,7,,,2,ALLEY   ,0,,,0,0,0,3,,0,NONE ,08,D,S-1TURN   ,6,TURN    ,4,INJ,1,CLR ,1,DRY ,1,DAY ,015,ONE-WAY   ,1,5,NO RPT,121,FENCE     ,013,FORCED    ,,,08,IMP-TURN,,,,,,,0,0,0,0,0,9,"Over 200,000",1,PORTLAND CITY STREET,,,,1,02B,58_139095,,0,10/30/19 17:21:05,4,0,0,0,1,1,0,3,0,0,0,0,0,0,0,0,0,0,0,4,4,4,0,0,0,0,0,0,0,0,0,N
1795896,09477,10/16/18 00:00:00,10,16,2018,3,15,3P ,26,Multnomah,245,Portland SE,57,PORTLAND UA    ,14,U PR-ART,1,026,  ,MT. HOOD,1,0,MN,0,R,,002600100S00,45,29,50.610000000000000,-122,34,11.140000000000000,45.497391666666333,-122.569761111110667,,,,,01940  ,SE POWELL BLVD              ,,05090  ,SE 90TH AVE                 ,,1,,3,5.53000021e+00,35,3,STRGHT  ,0,,,0,0,0,4,,0,NONE ,04,C,S-STRGHT  ,5,SS-O    ,4,INJ,1,CLR ,1,DRY ,1,DAY ,099,UNKNOWN   ,1,0,NONE  ,,,,,,,13,IMP LN C,,,,,,,0,0,0,0,0,9,"Over 200,000",2,PORTLAND HWY SYSTEM,US,26   ,US 26     ,1,02B,293_10834,,0,10/30/19 17:21:05,2,0,0,0,1,1,0,2,0,0,0,0,0,0,0,0,0,0,0,3,3,1,0,2,0,0,0,0,0,0,0,N
1795935,09488,10/16/18 00:00:00,10,16,2018,3,16,4P ,26,Multnomah,245,Portland SE,57,PORTLAND UA    ,16,U MN-ART,0,,,,,,,,,,,45,30,43.950000000000000,-122,39,13.230000000000000,45.512208333333000,-122.653675000000000,,,,,01028  ,SE HAWTHORNE BLVD           ,,05012  ,SE 12TH AVE                 ,,1,0,9,,,1,INTER   ,0,5,5-LEG  ,0,0,0,,0,,,01,B,ANGL-OTH  ,6,TURN    ,4,INJ,1,CLR ,1,DRY ,1,DAY ,001,TRF SIGNAL,1,0,NONE  ,,,,,,,04,DIS SIG ,,,,,,,0,0,0,0,0,9,"Over 200,000",1,PORTLAND CITY STREET,,,,1,02B,58_117348,,0,10/30/19 17:21:05,2,0,0,0,1,1,0,1,0,0,0,0,0,0,0,0,0,0,0,2,2,2,0,0,0,0,0,0,0,0,0,N
1795937,10458,11/11/18 00:00:00,11,11,2018,1,16,4P ,26,Multnomah,245,Portland SE,57,PORTLAND UA    ,14,U PR-ART,1,064,  ,EAST PORTLAND FREEWAY,1,6,CN,0,R,4,0064BV100S00,45,30,15.750000000000000,-122,33,47.660000000000000,45.504375000000000,-122.563238888888000,,,,,00614  ,SE DIVISION ST              ,,05096  ,SE 96TH AVE                 ,,1,,3,1.96200008e+01,,1,INTER   ,0,1,CROSS  ,0,0,0,,0,,,06,E,S-1STOP   ,3,REAR    ,4,INJ,1,CLR ,1,DRY ,1,DAY ,001,TRF SIGNAL,1,0,NONE  ,013,FORCED    ,,,,,27,INATTENT,29,F AVOID ,,,,,0,0,0,0,0,9,"Over 200,000",2,PORTLAND HWY SYSTEM,IS,205  ,I-205     ,1,02B,293_6127,,0,10/30/19 17:21:05,3,0,0,0,2,2,0,3,0,0,0,0,0,0,0,0,0,0,0,5,5,5,0,0,0,0,0,0,0,0,0,N