CRASH_ID,SER_NO,CRASH_DT,CRASH_MO_NO,CRASH_DAY_NO,CRASH_YR_NO,CRASH_WK_DAY_CD,CRASH_HR_NO,CRASH_HR_SHORT_DESC,CNTY_ID,CNTY_NM,CITY_SECT_ID,CITY_SECT_NM,URB_AREA_CD,URB_AREA_SHORT_NM,FC_CD,FC_SHORT_DESC,NHS_FLG,HWY_NO,HWY_SFX_NO,HWY_MED_NM,RDWY_NO,HWY_COMPNT_CD,HWY_COMPNT_SHORT_DESC,MLGE_TYP_CD,MLGE_TYP_SHORT_DESC,RD_CON_NO,LRS_VAL,LAT_DEG_NO,LAT_MINUTE_NO,LAT_SEC_NO,LONGTD_DEG_NO,LONGTD_MINUTE_NO,LONGTD_SEC_NO,LAT_DD,LONGTD_DD,SPECL_JRSDCT_ID,SPECL_JRSDCT_SHORT_DESC,JRSDCT_GRP_CD,JRSDCT_GRP_LONG_DESC,AGY_ST_NO,ST_FULL_NM,RECRE_RD_NM,ISECT_AGY_ST_NO,ISECT_ST_FULL_NM,ISECT_RECRE_RD_NM,ISECT_SEQ_NO,FROM_ISECT_DSTNC_QTY,CMPSS_DIR_CD,MP_NO,POST_SPEED_LMT_VAL,RD_CHAR_CD,RD_CHAR_SHORT_DESC,OFF_RDWY_FLG,ISECT_TYP_CD,ISECT_TYP_SHORT_DESC,ISECT_REL_FLG,RNDABT_FLG,DRVWY_REL_FLG,LN_QTY,TURNG_LEG_QTY,MEDN_TYP_CD,MEDN_TYP_SHORT_DESC,IMPCT_LOC_CD,CRASH_TYP_CD,CRASH_TYP_SHORT_DESC,COLLIS_TYP_CD,COLLIS_TYP_SHORT_DESC,CRASH_SVRTY_CD,CRASH_SVRTY_SHORT_DESC,WTHR_COND_CD,WTHR_COND_SHORT_DESC,RD_SURF_COND_CD,RD_SURF_SHORT_DESC,LGT_COND_CD,LGT_COND_SHORT_DESC,TRAF_CNTL_DEVICE_CD,TRAF_CNTL_DEVICE_SHORT_DESC,TRAF_CNTL_FUNC_FLG,INVSTG_AGY_CD,INVSTG_AGY_SHORT_DESC,CRASH_EVNT_1_CD,CRASH_EVNT_1_SHORT_DESC,CRASH_EVNT_2_CD,CRASH_EVNT_2_SHORT_DESC,CRASH_EVNT_3_CD,CRASH_EVNT_3_SHORT_DESC,CRASH_CAUSE_1_CD,CRASH_CAUSE_1_SHORT_DESC,CRASH_CAUSE_2_CD,CRASH_CAUSE_2_SHORT_DESC,CRASH_CAUSE_3_CD,CRASH_CAUSE_3_SHORT_DESC,SCHL_ZONE_IND,WRK_ZONE_IND,ALCHL_INVLV_FLG,DRUG_INVLV_FLG,MJ_INVLV_FLG,CRASH_SPEED_INVLV_FLG,CRASH_HIT_RUN_FLG,POP_RNG_CD,POP_RNG_MED_DESC,RD_CNTL_CD,RD_CNTL_MED_DESC,RTE_TYP_CD,RTE_ID,RTE_NM,REG_ID,DIST_ID,SEG_MRK_ID,SEG_PT_LRS_MEAS,UNLOCT_FLG,CRASH_LAST_UD_DT,TOT_VHCL_CNT,TOT_FATAL_CNT,TOT_INJ_LVL_A_CNT,TOT_INJ_LVL_B_CNT,TOT_INJ_LVL_C_CNT,TOT_INJ_CNT,TOT_UNINJD_AGE00_04_CNT,TOT_UNINJD_PER_CNT,TOT_PED_CNT,TOT_PED_FATAL_CNT,TOT_PED_INJ_LVL_A_CNT,TOT_PED_INJ_CNT,TOT_PEDCYCL_CNT,TOT_PEDCYCL_FATAL_CNT,TOT_PEDCYCL_INJ_LVL_A_CNT,TOT_PEDCYCL_INJ_CNT,TOT_UNKNWN_CNT,TOT_UNKNWN_FATAL_CNT,TOT_UNKNWN_INJ_CNT,TOT_OCCUP_CNT,TOT_PER_INVLV_CNT,TOT_SFTY_EQUIP_USED_QTY,TOT_SFTY_EQUIP_UNUSED_QTY,TOT_SFTY_EQUIP_USE_UNKNWN_QTY,TOT_PSNGR_VHCL_OCC_UNRESTRND_FATAL_CNT,TOT_MCYCLST_FATAL_CNT,TOT_MCYCLST_INJ_LVL_A_CNT,TOT_MCYCLST_INJ_CNT,TOT_MCYCLST_UNHELMTD_FATAL_CNT,TOT_ALCHL_IMPAIRED_DRVR_INV_FATAL_CNT,TOT_DRVR_AGE_01_20_CNT,LANE_RDWY_DPRT_CRASH_FLG
1795956,09496,10/16/18 00:00:00,10,16,2018,3,22,10P,26,Multnomah,245,Portland SE,57,PORTLAND UA    ,14,U PR-ART,1,,,,,,,,,,,45,30,16.460000000000000,-122,29,47.850000000000000,45.504572222222000,-122.496624999999333,,,,,00614  ,SE DIVISION ST              ,,05162  ,SE 162ND AVE                ,,1,0,7,,,1,INTER   ,0,1,CROSS  ,0,0,0,,0,,,06,E,S-1STOP   ,3,REAR    ,4,INJ,0,UNK ,0,UNK ,2,DLIT,001,TRF SIGNAL,1,0,NONE  ,,,,,,,29,F AVOID ,,,,,,,0,0,0,0,0,9,"Over 200,000",1,PORTLAND CITY STREET,,,,1,02B,58_120303,,0,10/30/19 17:21:05,2,0,0,0,1,1,0,1,0,0,0,0,0,0,0,0,0,0,0,2,2,0,0,2,0,0,0,0,0,0,0,N
1795974,10465,11/11/18 00:00:00,11,11,2018,1,12,12P,26,Multnomah,245,Portland SE,57,PORTLAND UA    ,14,U PR-ART,1,,,,,,,,,,,45,30,59.480000000000000,-122,39,38.710000000000000,45.516522222222000,-122.660752777777000,,,,,00226  ,SE BELMONT ST               ,,00929  ,SE GRAND AVE                ,,1,0,9,,,1,INTER   ,0,1,CROSS  ,0,0,0,,0,,,04,B,ANGL-OTH  ,1,ANGL    ,4,INJ,1,CLR ,1,DRY ,1,DAY ,001,TRF SIGNAL,1,5,NO RPT,013,FORCED    ,,,,,02,NO-YIELD,04,DIS SIG ,,,,,0,0,0,0,0,9,"Over 200,000",1,PORTLAND CITY STREET,,,,1,02B,58_501178,,0,10/30/19 17:21:05,3,0,0,1,0,1,0,2,0,0,0,0,0,0,0,0,0,0,0,3,3,1,0,2,0,0,0,0,0,0,0,N
1795975,09527,10/17/18 00:00:00,10,17,2018,4,09,9A ,26,Multnomah,245,Portland SE,57,PORTLAND UA    ,14,U PR-ART,1,026,  ,MT. HOOD,1,0,MN,0,R,,002600100S00,45,29,50.580000000000000,-122,34,6.580000000000000,45.497383333333333,-122.568494444443667,,,,,01940  ,SE POWELL BLVD              ,,05092  ,SE 92ND AVE                 ,,1,,7,5.59000015e+00,35,1,INTER   ,0,1,CROSS  ,0,0,0,,0,,,06,C,S-STRGHT  ,5,SS-O    ,4,INJ,1,CLR ,1,DRY ,1,DAY ,001,TRF SIGNAL,1,5,NO RPT,,,,,,,13,IMP LN C,,,,,,,0,0,0,0,0,9,"Over 200,000",2,PORTLAND HWY SYSTEM,US,26   ,US 26     ,1,02B,293_10834,,0,10/30/19 17:21:05,2,0,0,0,2,2,0,2,0,0,0,0,0,0,0,0,0,0,0,4,4,3,0,1,0,0,0,0,0,0,0,N
1795982,09528,10/17/18 00:00:00,10,17,2018,4,16,4P ,26,Multnomah,245,Portland SE,57,PORTLAND UA    ,17,U MJ-COL,0,,,,,,,,,,,45,28,46.260000000000000,-122,35,21.450000000000000,45.479516666666667,-122.589291666666333,,,,,02658  ,SE WOODSTOCK BLVD           ,,05077  ,SE 77TH AVE                 ,,1,0,5,,,1,INTER   ,0,1,CROSS  ,0,0,0,,0,,,06,E,S-1STOP   ,3,REAR    ,4,INJ,1,CLR ,1,DRY ,1,DAY ,004,STOP SIGN ,1,0,NONE  ,,,,,,,29,F AVOID ,,,,,,,0,0,0,0,0,9,"Over 200,000",1,PORTLAND CITY STREET,,,,1,02B,58_500890,,0,10/30/19 17:21:05,2,0,0,0,1,1,0,1,0,0,0,0,0,0,0,0,0,0,0,2,2,1,0,1,0,0,0,0,0,0,0,N
1795983,10471,11/11/18 00:00:00,11,11,2018,1,09,9A ,26,Multnomah,245,Portland SE,57,PORTLAND UA    ,14,U PR-ART,1,026,  ,MT. HOOD,1,0,MN,0,R,,002600100S00,45,29,47.660000000000000,-122,32,52.720000000000000,45.496572222221333,-122.547977777777333,,,,,01940  ,SE POWELL BLVD              ,,05112  ,SE 112TH AVE                ,,1,,7,6.71000004e+00,35,1,INTER   ,0,1,CROSS  ,0,0,0,,0,,,06,E,S-1STOP   ,3,REAR    ,4,INJ,1,CLR ,1,DRY ,1,DAY ,001,TRF SIGNAL,1,5,NO RPT,,,,,,,29,F AVOID ,,,,,,,0,0,0,0,0,9,"Over 200,000",2,PORTLAND HWY SYSTEM,US,26   ,US 26     ,1,02B,293_13269,,0,10/30/19 17:21:05,2,0,0,0,1,1,0,1,0,0,0,0,0,0,0,0,0,0,0,2,2,0,0,2,0,0,0,0,0,0,0,N
1795988,10474,11/11/18 00:00:00,11,11,2018,1,15,3P ,26,Multnomah,245,Portland SE,57,PORTLAND UA    ,14,U PR-ART,1,,,,,,,,,,,45,30,59.480000000000000,-122,39,38.710000000000000,45.516522222222000,-122.660752777777000,,,,,00226  ,SE BELMONT ST               ,,00929  ,SE GRAND AVE                ,,1,0,9,,,1,INTER   ,0,5,5-LEG  ,0,0,0,,0,,,03,B,ANGL-OTH  ,6,TURN    ,4,INJ,1,CLR ,1,DRY ,1,DAY ,001,TRF SIGNAL,1,5,NO RPT,040,CURB      ,091,BUILDING  ,,,02,NO-YIELD,04,DIS SIG ,08,IMP-TURN,,,0,0,0,0,0,9,"Over 200,000",1,PORTLAND CITY STREET,,,,1,02B,58_501178,,0,10/30/19 17:21:05,2,0,0,0,2,2,0,2,0,0,0,0,0,0,0,0,0,0,0,4,4,4,0,0,0,0,0,0,0,0,0,N
1795996,10479,11/11/18 00:00:00,11,11,2018,1,11,11A,26,Multnomah,245,Portland SE,57,PORTLAND UA    ,11,U INTRST,1,064,  ,EAST PORTLAND FREEWAY,1,6,CN,0,R,2,0064BT100S00,45,29,50.180000000000000,-122,33,52.830000000000000,45.497272222221333,-122.564675000000000,,,,,01940  ,SE POWELL BLVD              ,,09716  ,NB POWELL-DIV C2            ,,1,,6,1.91200008e+01,,1,INTER   ,0,1,CROSS  ,0,0,0,,0,,,06,E,S-1STOP   ,3,REAR    ,4,INJ,1,CLR ,1,DRY ,1,DAY ,022,L-GRN-SIG ,1,0,NONE  ,013,FORCED    ,,,,,29,F AVOID ,,,,,,,0,0,0,0,0,9,"Over 200,000",2,PORTLAND HWY SYSTEM,IS,205  ,I-205     ,1,02B,293_6124,,0,10/30/19 17:21:05,3,0,0,0,4,4,0,2,0,0,0,0,0,0,0,0,0,0,0,6,6,6,0,0,0,0,0,0,0,0,0,N
1795997,10480,11/11/18 00:00:00,11,11,2018,1,12,12P,26,Multnomah,245,Portland SE,57,PORTLAND UA    ,16,U MN-ART,0,,,,,,,,,,,45,30,36.780000000000000,-122,30,38.620000000000000,45.510216666666000,-122.510727777777000,,,,,01562  ,SE MILL ST                  ,,05148  ,SE 148TH AVE                ,,1,0,9,,,1,INTER   ,0,1,CROSS  ,0,0,0,,0,,,03,B,ANGL-OTH  ,1,ANGL    ,4,INJ,1,CLR ,1,DRY ,1,DAY ,001,TRF SIGNAL,1,5,NO RPT,,,,,,,02,NO-YIELD,04,DIS SIG ,,,,,0,0,0,0,0,9,"Over 200,000",1,PORTLAND CITY STREET,,,,1,02B,58_118627,,0,10/30/19 17:21:05,2,0,0,0,1,1,0,1,0,0,0,0,0,0,0,0,0,0,0,2,2,2,0,0,0,0,0,0,0,0,0,N
1796000,10484,11/13/18 00:00:00,11,13,2018,3,11,11A,26,Multnomah,245,Portland SE,57,PORTLAND UA    ,19,U LOCAL ,0,,,,,,,,,,,45,30,31.630000000000000,-122,37,39.410000000000000,45.508786111111000,-122.627613888888667,,,,,01021  ,SE HARRISON ST              ,,06035  ,SE 35TH PL                  ,,1,0,9,,,1,INTER   ,0,1,CROSS  ,0,0,0,,0,,,03,B,ANGL-OTH  ,1,ANGL    ,4,INJ,2,CLD ,1,DRY ,1,DAY ,004,STOP SIGN ,1,0,NONE  ,,,,,,,02,NO-YIELD,03,PAS-STOP,,,,,0,0,0,0,0,9,"Over 200,000",1,PORTLAND CITY STREET,,,,1,02B,58_118396,,0,10/30/19 17:21:05,2,0,0,0,1,1,0,2,0,0,0,0,0,0,0,0,0,0,0,3,3,1,0,2,0,0,0,0,0,0,0,N
1796008,10489,11/13/18 00:00:00,11,13,2018,3,18,6P ,26,Multnomah,245,Portland SE,57,PORTLAND UA    ,11,U INTRST,1,064,  ,EAST PORTLAND FREEWAY,1,0,MN,0,R,,006400100S00,45,28,24.000000000000000,-122,33,55.130000000000000,45.473333333332667,-122.565313888888000,,,,,00745  ,EAST PORTLAND FY            ,,09710  ,NB EX WOODSTOCK C1          ,,1,,5,1.74599991e+01,55,3,STRGHT  ,0,,,0,0,0,6,,2,DIVMD,04,E,S-1STOP   ,3,REAR    ,4,INJ,1,CLR ,1,DRY ,5,DUSK,017,MEDIAN BAR,1,0,NONE  ,013,FORCED    ,,,,,29,F AVOID ,,,,,,,0,0,0,0,0,9,"Over 200,000",2,PORTLAND HWY SYSTEM,IS,205  ,I-205     ,1,02B,293_5703,,0,10/30/19 17:21:05,4,0,0,2,1,3,0,4,0,0,0,0,0,0,0,0,0,0,0,7,7,6,0,1,0,0,0,0,0,0,1,N
1796020,10493,11/13/18 00:00:00,11,13,2018,3,16,4P ,26,Multnomah,245,Portland SE,57,PORTLAND UA    ,16,U MN-ART,0,,,,,,,,,,,45,30,43.400000000000000,-122,37,28.160000000000000,45.512055555555000,-122.624488888888667,,,,,01028  ,SE HAWTHORNE BLVD           ,,05038  ,SE 38TH AVE                 ,,1,0,9,,,1,INTER   ,0,3,3-LEG  ,0,0,0,,0,,,02,H,O-1 L-TURN,6,TURN    ,4,INJ,1,CLR ,1,DRY ,1,DAY ,099,UNKNOWN   ,1,5,NO RPT,,,,,,,02,NO-YIELD,,,,,,,0,0,0,0,0,9,"Over 200,000",1,PORTLAND CITY STREET,,,,1,02B,58_117574,,0,10/30/19 17:21:05,2,0,1,0,0,1,0,1,0,0,0,0,0,0,0,0,0,0,0,2,2,1,0,1,0,0,1,1,0,0,0,N
1796023,10494,11/13/18 00:00:00,11,13,2018,3,08,8A ,26,Multnomah,245,Portland SE,57,PORTLAND UA    ,14,U PR-ART,1,026,  ,MT. HOOD,1,0,MN,0,R,,002600100S00,45,29,50.940000000000000,-122,36,30.400000000000000,45.497483333333333,-122.608444444444000,,,,,01940  ,SE POWELL BLVD              ,,05052  ,SE 52ND AVE                 ,,1,,3,3.59999990e+00,35,3,STRGHT  ,0,,,1,0,0,4,,0,NONE ,05,E,S-1STOP   ,3,REAR    ,4,INJ,1,CLR ,1,DRY ,4,DAWN,099,UNKNOWN   ,1,0,NONE  ,,,,,,,29,F AVOID ,,,,,,,0,0,0,0,0,9,"Over 200,000",2,PORTLAND HWY SYSTEM,US,26   ,US 26     ,1,02B,293_19986,,0,10/30/19 17:21:05,2,0,0,0,2,2,0,1,0,0,0,0,0,0,0,0,0,0,0,3,3,2,0,1,0,0,0,0,0,0,0,N
1796085,10527,11/14/18 00:00:00,11,14,2018,4,12,12P,26,Multnomah,245,Portland SE,57,PORTLAND UA    ,16,U MN-ART,0,,,,,,,,,,,45,28,35.530000000000000,-122,32,13.570000000000000,45.476536111110667,-122.537102777777333,,,,,00824  ,SE FOSTER RD                ,,05122  ,SE 122ND AVE                ,,1,0,9,,,1,INTER   ,0,1,CROSS  ,0,0,0,,0,,,02,H,O-1 L-TURN,6,TURN    ,4,INJ,2,CLD ,2,WET ,1,DAY ,001,TRF SIGNAL,1,5,NO RPT,,,,,,,02,NO-YIELD,04,DIS SIG ,,,,,0,0,0,0,0,9,"Over 200,000",1,PORTLAND CITY STREET,,,,1,02C,58_170882,,0,10/30/19 17:21:05,2,0,0,1,2,3,1,0,0,0,0,0,0,0,0,0,0,0,0,3,3,3,0,0,0,0,0,0,0,0,0,N
1796091,10530,11/14/18 00:00:00,11,14,2018,4,17,5P ,26,Multnomah,245,Portland SE,57,PORTLAND UA    ,11,U INTRST,1,064,  ,EAST PORTLAND FREEWAY,2,0,MN,0,R,,006400200S00,45,29,52.240000000000000,-122,33,56.170000000000000,45.497844444444333,-122.565602777777000,,,,,00745  ,EAST PORTLAND FY            ,,09718  ,SB EF DIV-POWELL C9         ,,1,,5,1.91399994e+01,55,3,STRGHT  ,0,,,0,0,0,6,,2,DIVMD,05,E,S-1STOP   ,3,REAR    ,4,INJ,1,CLR ,1,DRY ,2,DLIT,017,MEDIAN BAR,1,0,NONE  ,013,FORCED    ,,,,,29,F AVOID ,,,,,,,0,0,0,0,0,9,"Over 200,000",2,PORTLAND HWY SYSTEM,IS,205  ,I-205     ,1,02B,293_5864,,0,10/30/19 17:21:05,3,0,0,0,2,2,0,1,0,0,0,0,0,0,0,0,0,0,0,3,3,1,0,2,0,0,0,0,0,0,0,N
1796097,10531,11/14/18 00:00:00,11,14,2018,4,11,11A,26,Multnomah,245,Portland SE,57,PORTLAND UA    ,14,U PR-ART,1,026,  ,MT. HOOD,1,0,MN,0,R,,002600100S00,45,30,5.560000000000000,-122,39,29.540000000000000,45.501544444444000,-122.658205555555000,,,,,01940  ,SE POWELL BLVD              ,,05008  ,SE 8TH AVE                  ,,1,,7,1.13000000e+00,35,4,TRANS   ,0,,,0,0,0,5,,0,NONE ,06,C,S-STRGHT  ,3,REAR    ,4,INJ,1,CLR ,1,DRY ,1,DAY ,099,UNKNOWN   ,1,0,NONE  ,,,,,,,29,F AVOID ,,,,,,,0,0,0,0,0,9,"Over 200,000",2,PORTLAND HWY SYSTEM,US,26   ,US 26     ,1,02B,293_6797,,0,10/30/19 17:21:05,2,0,0,0,1,1,0,1,0,0,0,0,0,0,0,0,0,0,0,2,2,1,0,1,0,0,0,0,0,0,0,N
1796130,10556,11/15/18 00:00:00,11,15,2018,5,15,3P ,26,Multnomah,245,Portland SE,57,PORTLAND UA    ,16,U MN-ART,0,,,,,,,,,,,45,29,3.630000000000000,-122,34,58.560000000000000,45.484341666666333,-122.582933333332667,,,,,00824  ,SE FOSTER RD                ,,05079  ,SE 79TH AVE                 ,,1,150,8,,,3,STRGHT  ,0,,,0,0,0,5,,0,NONE ,07,I,O-1STOP   ,2,HEAD    ,4,INJ,1,CLR ,1,DRY ,1,DAY ,090,L-TURN REF,1,5,NO RPT,013,FORCED    ,,,,,17,ILLNESS ,05,LEFT-CTR,,,,,0,0,0,0,0,9,"Over 200,000",1,PORTLAND CITY STREET,,,,1,02B,58_125954,,0,10/30/19 17:21:05,3,0,0,2,1,3,0,1,0,0,0,0,0,0,0,0,0,0,0,4,4,3,0,1,0,0,0,0,0,0,0,N
1796135,10557,11/15/18 00:00:00,11,15,2018,5,17,5P ,26,Multnomah,245,Portland SE,57,PORTLAND UA    ,16,U MN-ART,0,,,,,,,,,,,45,31,8.480000000000000,-122,32,16.000000000000000,45.519022222221667,-122.537777777777333,,,,,02259  ,SE STARK ST                 ,,05122  ,SE 122ND AVE                ,,1,0,7,,,1,INTER   ,0,1,CROSS  ,0,0,0,,0,,,06,E,S-1STOP   ,3,REAR    ,4,INJ,1,CLR ,1,DRY ,5,DUSK,001,TRF SIGNAL,1,5,NO RPT,,,,,,,29,F AVOID ,,,,,,,0,0,0,0,0,9,"Over 200,000",1,PORTLAND CITY STREET,,,,1,02B,58_115806,,0,10/30/19 17:21:05,2,0,0,0,2,2,0,1,0,0,0,0,0,0,0,0,0,0,0,3,3,2,0,1,0,0,0,0,0,0,0,N
1796182,10579,11/15/18 00:00:00,11,15,2018,5,13,1P ,26,Multnomah,245,Portland SE,57,PORTLAND UA    ,16,U MN-ART,0,,,,,,,,,,,45,30,46.570000000000000,-122,39,25.740000000000000,45.512936111111000,-122.657150000000000,,,,,01513  ,SE MADISON ST               ,,05009  ,SE 9TH AVE                  ,,1,90,7,,,2,ALLEY   ,0,,,0,0,0,2,,0,NONE ,08,D,S-1TURN   ,6,TURN    ,4,INJ,1,CLR ,1,DRY ,1,DAY ,015,ONE-WAY   ,1,3,CITY  ,,,,,,,08,IMP-TURN,,,,,0,0,0,0,0,0,0,9,"Over 200,000",1,PORTLAND CITY STREET,,,,1,02B,58_117107,,0,10/30/19 17:21:05,2,0,0,1,0,1,0,1,0,0,0,0,0,0,0,0,0,0,0,2,2,2,0,0,0,0,0,0,0,0,0,N
1796195,10588,11/15/18 00:00:00,11,15,2018,5,17,5P ,26,Multnomah,245,Portland SE,57,PORTLAND UA    ,14,U PR-ART,1,026,  ,MT. HOOD,1,0,MN,0,R,,002600100S00,45,29,50.750000000000000,-122,31,42.490000000000000,45.497430555555333,-122.528469444443667,,,,,01940  ,SE POWELL BLVD              ,,05131  ,SE 131ST AVE                ,,1,,9,7.65999985e+00,35,1,INTER   ,0,3,3-LEG  ,0,0,0,,0,,,02,C,S-STRGHT  ,3,REAR    ,4,INJ,1,CLR ,1,DRY ,5,DUSK,099,UNKNOWN   ,1,3,CITY  ,,,,,,,29,F AVOID ,,,,,0,0,0,0,0,0,1,9,"Over 200,000",2,PORTLAND HWY SYSTEM,US,26   ,US 26     ,1,02B,293_18794,,0,10/30/19 17:21:05,2,0,0,0,3,3,0,1,0,0,0,0,0,0,0,0,0,0,0,4,4,3,0,1,0,0,0,0,0,0,0,N
1796219,09530,10/17/18 00:00:00,10,17,2018,4,07,7A ,26,Multnomah,245,Portland SE,57,PORTLAND UA    ,11,U INTRST,1,064,  ,EAST PORTLAND FREEWAY,1,0,MN,0,R,,006400100S00,45,28,51.660000000000000,-122,33,56.580000000000000,45.481016666666667,-122.565716666666000,,,,,00745  ,EAST PORTLAND FY            ,,09713  ,NB EF FOSTER RD C5          ,,1,,5,1.80000000e+01,55,3,STRGHT  ,0,,,0,0,0,6,,1,RSDMD,05,E,S-1STOP   ,3,REAR    ,4,INJ,1,CLR ,1,DRY ,1,DAY ,099,UNKNOWN   ,1,5,NO RPT,013,FORCED    ,,,,,07,TOO-CLOS,,,,,,,0,0,0,0,0,,,2,PORTLAND HWY SYSTEM,IS,205  ,I-205     ,1,02B,293_5705,,0,10/31/19 08:56:09,3,0,0,0,2,2,1,2,0,0,0,0,0,0,0,0,0,0,0,4,4,3,0,1,0,0,0,0,0,0,0,N
1796245,10603,11/16/18 00:00:00,11,16,2018,6,18,6P ,26,Multnomah,245,Portland SE,57,PORTLAND UA    ,11,U INTRST,1,064,  ,EAST PORTLAND FREEWAY,2,0,MN,0,R,,006400200S00,45,29,1.360000000000000,-122,33,58.240000000000000,45.483711111110333,-122.566177777777000,,,,,00745  ,EAST PORTLAND FY            ,,09712  ,SB EX FOSTER RD C6          ,,1,,1,1.81800003e+01,55,3,STRGHT  ,0,,,0,0,0,6,,1,RSDMD,08,E,S-1STOP   ,3,REAR    ,4,INJ,1,CLR ,1,DRY ,5,DUSK,017,MEDIAN BAR,1,5,NO RPT,,,,,,,29,F AVOID ,,,,,,,0,0,0,0,0,,,2,PORTLAND HWY SYSTEM,IS,205  ,I-205     ,1,02B,293_5863,,0,10/31/19 08:56:13,3,0,0,0,4,4,0,1,0,0,0,0,0,0,0,0,0,0,0,5,5,2,0,3,0,0,0,0,0,0,1,N
1796253,09538,10/17/18 00:00:00,10,17,2018,4,23,11P,26,Multnomah,245,Portland SE,57,PORTLAND UA    ,14,U PR-ART,1,,,,,,,,,,,45,30,15.110000000000000,-122,32,52.830000000000000,45.504197222222000,-122.548008333333333,,,,,00614  ,SE DIVISION ST              ,,05112  ,SE 112TH AVE                ,,1,0,9,,,1,INTER   ,0,1,CROSS  ,0,0,0,,0,,,01,B,ANGL-OTH  ,1,ANGL    ,4,INJ,1,CLR ,1,DRY ,2,DLIT,001,TRF SIGNAL,1,3,CITY  ,,,,,,,04,DIS SIG ,,,,,0,0,0,0,0,0,1,,,1,PORTLAND CITY STREET,,,,1,02B,58_120123,,0,10/31/19 08:56:14,2,0,0,0,1,1,0,1,0,0,0,0,0,0,0,0,0,0,0,2,2,1,0,1,0,0,0,0,0,0,0,N
1796261,09543,10/17/18 00:00:00,10,17,2018,4,18,6P ,26,Multnomah,245,Portland SE,57,PORTLAND UA    ,14,U PR-ART,1,026,  ,MT. HOOD,1,0,MN,0,R,,002600100S00,45,29,50.650000000000000,-122,34,34.540000000000000,45.497402777777333,-122.576261111110667,,,,,01940  ,SE POWELL BLVD              ,,05084  ,SE 84TH AVE                 ,,1,,9,5.21000004e+00,35,1,INTER   ,0,1,CROSS  ,0,0,0,,0,,,02,H,O-1 L-TURN,6,TURN    ,4,INJ,1,CLR ,1,DRY ,2,DLIT,004,STOP SIGN ,1,5,NO RPT,,,,,,,02,NO-YIELD,,,,,,,0,0,0,0,0,,,2,PORTLAND HWY SYSTEM,US,26   ,US 26     ,1,02B,293_21074,,0,10/31/19 08:56:15,2,0,1,0,2,3,1,1,0,0,0,0,0,0,0,0,0,0,0,4,4,4,0,0,0,0,0,0,0,0,0,N
1796275,09548,10/17/18 00:00:00,10,17,2018,4,10,10A,26,Multnomah,245,Portland SE,57,PORTLAND UA    ,17,U MJ-COL,0,,,,,,,,,,,45,29,5.020000000000000,-122,38,3.600000000000000,45.484727777777333,-122.634333333333333,,,,,02260  ,SE STEELE ST                ,,05030  ,SE 30TH AVE                 ,,1,0,9,,,1,INTER   ,0,3,3-LEG  ,0,0,0,,0,,,01,B,ANGL-OTH  ,6,TURN    ,4,INJ,1,CLR ,1,DRY ,1,DAY ,004,STOP SIGN ,1,5,NO RPT,013,FORCED    ,,,,,02,NO-YIELD,,,,,,,0,0,0,0,0,,,1,PORTLAND CITY STREET,,,,1,02B,58_125560,,0,10/31/19 08:56:16,3,0,1,0,1,2,0,0,0,0,0,0,0,0,0,0,0,0,0,2,2,2,0,0,0,0,0,0,0,0,0,N
1796300,99550,10/17/18 00:00:00,10,17,2018,4,08,8A ,26,Multnomah,245,Portland SE,57,PORTLAND UA    ,14,U PR-ART,1,026,  ,MT. HOOD,1,0,MN,0,R,,002600100S00,45,29,48.290000000000000,-122,32,43.490000000000000,45.496747222221333,-122.545413888888333,,,,,01940  ,SE POWELL BLVD              ,,05115  ,SE 115TH AVE                ,,1,,9,6.82999992e+00,35,1,INTER   ,0,1,CROSS  ,0,0,0,,0,,,01,B,ANGL-OTH  ,6,TURN    ,5,PDO,1,CLR ,1,DRY ,4,DAWN,004,STOP SIGN ,1,1,STATE ,,,,,,,02,NO-YIELD,,,,,,,0,0,0,0,0,,,2,PORTLAND HWY SYSTEM,US,26   ,US 26     ,1,02B,293_13269,,0,10/31/19 08:56:19,2,0,0,0,0,0,0,2,0,0,0,0,0,0,0,0,0,0,0,2,2,0,0,2,0,0,0,0,0,0,0,N
1796323,10619,11/16/18 00:00:00,11,16,2018,6,06,6A ,26,Multnomah,245,Portland SE,57,PORTLAND UA    ,16,U MN-ART,0,,,,,,,,,,,45,28,37.610000000000000,-122,31,0.140000000000000,45.477113888888667,-122.516705555554667,,,,,00824  ,SE FOSTER RD                ,,05142  ,SE 142ND AVE                ,,1,0,3,,,1,INTER   ,0,3,3-LEG  ,0,0,1,,0,,,06,B,ANGL-OTH  ,6,TURN    ,4,INJ,1,CLR ,1,DRY ,2,DLIT,099,UNKNOWN   ,1,0,NONE  ,,,,,,,02,NO-YIELD,,,,,,,0,0,0,0,0,,,1,PORTLAND CITY STREET,,,,1,02C,58_191062,,0,10/31/19 08:56:22,2,0,0,1,0,1,0,1,0,0,0,0,0,0,0,0,0,0,0,2,2,2,0,0,0,0,0,1,0,0,0,N