CRASH_ID,SER_NO,CRASH_DT,CRASH_MO_NO,CRASH_DAY_NO,CRASH_YR_NO,CRASH_WK_DAY_CD,CRASH_HR_NO,CRASH_HR_SHORT_DESC,CNTY_ID,CNTY_NM,CITY_SECT_ID,CITY_SECT_NM,URB_AREA_CD,URB_AREA_SHORT_NM,FC_CD,FC_SHORT_DESC,NHS_FLG,HWY_NO,HWY_SFX_NO,HWY_MED_NM,RDWY_NO,HWY_COMPNT_CD,HWY_COMPNT_SHORT_DESC,MLGE_TYP_CD,MLGE_TYP_SHORT_DESC,RD_CON_NO,LRS_VAL,LAT_DEG_NO,LAT_MINUTE_NO,LAT_SEC_NO,LONGTD_DEG_NO,LONGTD_MINUTE_NO,LONGTD_SEC_NO,LAT_DD,LONGTD_DD,SPECL_JRSDCT_ID,SPECL_JRSDCT_SHORT_DESC,JRSDCT_GRP_CD,JRSDCT_GRP_LONG_DESC,AGY_ST_NO,ST_FULL_NM,RECRE_RD_NM,ISECT_AGY_ST_NO,ISECT_ST_FULL_NM,ISECT_RECRE_RD_NM,ISECT_SEQ_NO,FROM_ISECT_DSTNC_QTY,CMPSS_DIR_CD,MP_NO,POST_SPEED_LMT_VAL,RD_CHAR_CD,RD_CHAR_SHORT_DESC,OFF_RDWY_FLG,ISECT_TYP_CD,ISECT_TYP_SHORT_DESC,ISECT_REL_FLG,RNDABT_FLG,DRVWY_REL_FLG,LN_QTY,TURNG_LEG_QTY,MEDN_TYP_CD,MEDN_TYP_SHORT_DESC,IMPCT_LOC_CD,CRASH_TYP_CD,CRASH_TYP_SHORT_DESC,COLLIS_TYP_CD,COLLIS_TYP_SHORT_DESC,CRASH_SVRTY_CD,CRASH_SVRTY_SHORT_DESC,WTHR_COND_CD,WTHR_COND_SHORT_DESC,RD_SURF_COND_CD,RD_SURF_SHORT_DESC,LGT_COND_CD,LGT_COND_SHORT_DESC,TRAF_CNTL_DEVICE_CD,TRAF_CNTL_DEVICE_SHORT_DESC,TRAF_CNTL_FUNC_FLG,INVSTG_AGY_CD,INVSTG_AGY_SHORT_DESC,CRASH_EVNT_1_CD,CRASH_EVNT_1_SHORT_DESC,CRASH_EVNT_2_CD,CRASH_EVNT_2_SHORT_DESC,CRASH_EVNT_3_CD,CRASH_EVNT_3_SHORT_DESC,CRASH_CAUSE_1_CD,CRASH_CAUSE_1_SHORT_DESC,CRASH_CAUSE_2_CD,CRASH_CAUSE_2_SHORT_DESC,CRASH_CAUSE_3_CD,CRASH_CAUSE_3_SHORT_DESC,SCHL_ZONE_IND,WRK_ZONE_IND,ALCHL_INVLV_FLG,DRUG_INVLV_FLG,MJ_INVLV_FLG,CRASH_SPEED_INVLV_FLG,CRASH_HIT_RUN_FLG,POP_RNG_CD,POP_RNG_MED_DESC,RD_CNTL_CD,RD_CNTL_MED_DESC,RTE_TYP_CD,RTE_ID,RTE_NM,REG_ID,DIST_ID,SEG_MRK_ID,SEG_PT_LRS_MEAS,UNLOCT_FLG,CRASH_LAST_UD_DT,TOT_VHCL_CNT,TOT_FATAL_CNT,TOT_INJ_LVL_A_CNT,TOT_INJ_LVL_B_CNT,TOT_INJ_LVL_C_CNT,TOT_INJ_CNT,TOT_UNINJD_AGE00_04_CNT,TOT_UNINJD_PER_CNT,TOT_PED_CNT,TOT_PED_FATAL_CNT,TOT_PED_INJ_LVL_A_CNT,TOT_PED_INJ_CNT,TOT_PEDCYCL_CNT,TOT_PEDCYCL_FATAL_CNT,TOT_PEDCYCL_INJ_LVL_A_CNT,TOT_PEDCYCL_INJ_CNT,TOT_UNKNWN_CNT,TOT_UNKNWN_FATAL_CNT,TOT_UNKNWN_INJ_CNT,TOT_OCCUP_CNT,TOT_PER_INVLV_CNT,TOT_SFTY_EQUIP_USED_QTY,TOT_SFTY_EQUIP_UNUSED_QTY,TOT_SFTY_EQUIP_USE_UNKNWN_QTY,TOT_PSNGR_VHCL_OCC_UNRESTRND_FATAL_CNT,TOT_MCYCLST_FATAL_CNT,TOT_MCYCLST_INJ_LVL_A_CNT,TOT_MCYCLST_INJ_CNT,TOT_MCYCLST_UNHELMTD_FATAL_CNT,TOT_ALCHL_IMPAIRED_DRVR_INV_FATAL_CNT,TOT_DRVR_AGE_01_20_CNT,LANE_RDWY_DPRT_CRASH_FLG
1796332,10631,11/16/18 00:00:00,11,16,2018,6,18,6P ,26,Multnomah,245,Portland SE,57,PORTLAND UA    ,14,U PR-ART,1,,,,,,,,,,,45,31,9.720000000000000,-122,39,38.630000000000000,45.519366666666667,-122.660730555555000,,,,,00929  ,SE GRAND AVE                ,,02259  ,SE STARK ST                 ,,1,0,9,,,1,INTER   ,0,1,CROSS  ,0,0,0,,0,,,02,6,BIKE      ,6,TURN    ,4,INJ,1,CLR ,1,DRY ,5,DUSK,001,TRF SIGNAL,1,5,NO RPT,,,,,,,02,NO-YIELD,,,,,,,0,0,0,0,0,,,1,PORTLAND CITY STREET,,,,1,02B,58_115162,,0,10/31/19 08:56:23,1,0,0,0,1,1,0,1,0,0,0,0,1,0,0,1,0,0,0,1,2,0,0,2,0,0,0,0,0,0,0,N
1796338,10632,11/16/18 00:00:00,11,16,2018,6,13,1P ,26,Multnomah,245,Portland SE,57,PORTLAND UA    ,11,U INTRST,1,001,  ,PACIFIC,1,0,MN,0,R,,000100100S00,45,31,15.600000000000000,-122,39,57.070000000000000,45.520999999999667,-122.665852777777000,,,,,00302  ,PACIFIC HY I-5              ,,09439  ,SB ENFR BANFIELD C2         ,,1,,5,3.01329987e+02,50,3,STRGHT  ,0,,,0,0,0,6,,1,RSDMD,07,E,S-1STOP   ,3,REAR    ,4,INJ,1,CLR ,1,DRY ,1,DAY ,017,MEDIAN BAR,1,0,NONE  ,,,,,,,29,F AVOID ,,,,,,,0,0,0,0,0,,,2,PORTLAND HWY SYSTEM,IS,5    ,I-5       ,1,02B,293_3645,,0,10/31/19 08:56:23,2,0,0,0,1,1,0,1,0,0,0,0,0,0,0,0,0,0,0,2,2,1,0,1,0,0,0,0,0,0,0,N
1796344,09562,10/18/18 00:00:00,10,18,2018,5,13,1P ,26,Multnomah,245,Portland SE,57,PORTLAND UA    ,16,U MN-ART,0,,,,,,,,,,,45,30,57.230000000000000,-122,33,22.990000000000000,45.515897222222000,-122.556386111111000,,,,,00563  ,SE CHERRY BLOSSOM DR        ,,07103  ,SE 103RD DR                 ,,1,81,4,,,2,ALLEY   ,0,,,0,0,0,4,,0,NONE ,08,B,ANGL-OTH  ,6,TURN    ,4,INJ,1,CLR ,1,DRY ,1,DAY ,099,UNKNOWN   ,1,5,NO RPT,,,,,,,02,NO-YIELD,,,,,,,0,0,0,0,0,,,1,PORTLAND CITY STREET,,,,1,02B,58_116751,,0,10/31/19 08:56:24,2,0,0,0,2,2,1,1,0,0,0,0,0,0,0,0,0,0,0,3,3,1,1,1,0,0,0,0,0,0,0,N
1796345,10638,11/17/18 00:00:00,11,17,2018,7,19,7P ,26,Multnomah,245,Portland SE,57,PORTLAND UA    ,16,U MN-ART,0,,,,,,,,,,,45,31,8.600000000000000,-122,33,44.280000000000000,45.519055555554667,-122.562300000000000,,,,,02259  ,SE STARK ST                 ,,05099  ,SE 99TH AVE                 ,,1,0,9,,,1,INTER   ,0,1,CROSS  ,0,0,0,,0,,,02,B,ANGL-OTH  ,1,ANGL    ,4,INJ,3,RAIN,2,WET ,2,DLIT,001,TRF SIGNAL,1,0,NONE  ,,,,,,,02,NO-YIELD,04,DIS SIG ,,,,,0,0,0,0,0,,,1,PORTLAND CITY STREET,,,,1,02B,58_139139,,0,10/31/19 08:56:24,2,0,0,0,2,2,0,1,0,0,0,0,0,0,0,0,0,0,0,3,3,0,0,3,0,0,0,0,0,0,0,N
1796350,09563,10/18/18 00:00:00,10,18,2018,5,07,7A ,26,Multnomah,245,Portland SE,57,PORTLAND UA    ,17,U MJ-COL,0,,,,,,,,,,,45,29,40.600000000000000,-122,38,53.980000000000000,45.494611111110333,-122.648327777777333,,,,,05017  ,SE 17TH AVE                 ,,00432  ,SE CENTER ST                ,,1,210,1,,,2,ALLEY   ,0,,,0,0,0,2,,1,RSDMD,07,6,BIKE      ,6,TURN    ,4,INJ,1,CLR ,1,DRY ,1,DAY ,099,UNKNOWN   ,1,3,CITY  ,110,N-MTR     ,,,,,27,INATTENT,02,NO-YIELD,,,,,0,0,0,0,0,,,1,PORTLAND CITY STREET,,,,1,02B,58_122855,,0,10/31/19 08:56:25,1,0,0,0,1,1,0,1,0,0,0,0,1,0,0,1,0,0,0,1,2,1,0,1,0,0,0,0,0,0,0,N
1796359,09567,10/18/18 00:00:00,10,18,2018,5,17,5P ,26,Multnomah,245,Portland SE,57,PORTLAND UA    ,16,U MN-ART,0,,,,,,,,,,,45,28,18.760000000000000,-122,36,35.940000000000000,45.471877777777667,-122.609983333333000,,,,,02154  ,SE RURAL ST                 ,,05052  ,SE 52ND AVE                 ,,1,0,9,,,1,INTER   ,0,1,CROSS  ,0,0,0,,0,,,04,H,O-1 L-TURN,6,TURN    ,4,INJ,1,CLR ,1,DRY ,1,DAY ,004,STOP SIGN ,1,5,NO RPT,,,,,,,02,NO-YIELD,,,,,,,0,0,0,0,0,,,1,PORTLAND CITY STREET,,,,1,02B,58_129151,,0,10/31/19 08:56:26,2,0,0,1,0,1,0,2,0,0,0,0,0,0,0,0,0,0,0,3,3,3,0,0,0,0,0,0,0,0,0,N
1796377,09568,10/18/18 00:00:00,10,18,2018,5,21,9P ,26,Multnomah,245,Portland SE,57,PORTLAND UA    ,17,U MJ-COL,0,,,,,,,,,,,45,28,5.620000000000000,-122,35,21.660000000000000,45.468227777777667,-122.589349999999333,,,,,05072  ,SE 72ND AVE                 ,,00817  ,SE FLAVEL ST                ,,1,137,5,,,2,ALLEY   ,0,,,0,0,0,2,,0,NONE ,07,6,BIKE      ,6,TURN    ,4,INJ,1,CLR ,1,DRY ,2,DLIT,099,UNKNOWN   ,1,5,NO RPT,110,N-MTR     ,,,,,02,NO-YIELD,,,,,,,0,0,0,0,0,,,1,PORTLAND CITY STREET,,,,1,02B,58_183176,,0,10/31/19 08:56:28,1,0,0,1,0,1,0,1,0,0,0,0,1,0,0,1,0,0,0,1,2,0,0,2,0,0,0,0,0,0,0,N
1796388,10642,11/17/18 00:00:00,11,17,2018,7,12,12P,26,Multnomah,245,Portland SE,57,PORTLAND UA    ,11,U INTRST,1,064,  ,EAST PORTLAND FREEWAY,2,0,MN,0,R,,006400200S00,45,29,54.950000000000000,-122,33,56.100000000000000,45.498597222221333,-122.565583333333000,,,,,00745  ,EAST PORTLAND FY            ,,09718  ,SB EF DIV-POWELL C9         ,,1,,5,1.91900005e+01,55,3,STRGHT  ,0,,,0,0,0,6,,2,DIVMD,04,C,S-STRGHT  ,3,REAR    ,4,INJ,1,CLR ,1,DRY ,1,DAY ,017,MEDIAN BAR,1,0,NONE  ,,,,,,,29,F AVOID ,,,,,,,0,0,0,0,0,,,2,PORTLAND HWY SYSTEM,IS,205  ,I-205     ,1,02B,293_5864,,0,10/31/19 08:56:29,2,0,0,0,1,1,0,3,0,0,0,0,0,0,0,0,0,0,0,4,4,4,0,0,0,0,0,0,0,0,1,N
1796389,09572,10/18/18 00:00:00,10,18,2018,5,15,3P ,26,Multnomah,245,Portland SE,57,PORTLAND UA    ,14,U PR-ART,1,026,  ,MT. HOOD,1,0,MN,0,R,,002600100S00,45,29,38.610000000000000,-122,29,34.990000000000000,45.494058333333333,-122.493052777777333,,,,,01940  ,SE POWELL BLVD              ,,05166  ,SE 166TH AVE                ,,1,,8,9.46000004e+00,35,1,INTER   ,0,3,3-LEG  ,0,0,0,,0,,,06,E,S-1STOP   ,3,REAR    ,4,INJ,1,CLR ,1,DRY ,1,DAY ,004,STOP SIGN ,1,5,NO RPT,013,FORCED    ,,,,,27,INATTENT,,,,,,,0,0,0,0,0,,,2,PORTLAND HWY SYSTEM,US,26   ,US 26     ,1,02B,293_19396,,0,10/31/19 08:56:29,3,0,0,1,0,1,0,3,0,0,0,0,0,0,0,0,0,0,0,4,4,3,0,1,0,0,0,0,0,0,0,N
1796391,09573,10/19/18 00:00:00,10,19,2018,6,15,3P ,26,Multnomah,245,Portland SE,57,PORTLAND UA    ,14,U PR-ART,1,026,  ,MT. HOOD,1,0,MN,0,R,,002600100S00,45,29,49.490000000000000,-122,32,15.580000000000000,45.497080555555333,-122.537661111110333,,,,,01940  ,SE POWELL BLVD              ,,05122  ,SE 122ND AVE                ,,1,,9,7.21000004e+00,35,1,INTER   ,0,1,CROSS  ,0,0,0,,0,,,04,F,S-OTHER   ,6,TURN    ,4,INJ,1,CLR ,1,DRY ,1,DAY ,001,TRF SIGNAL,1,0,NONE  ,,,,,,,08,IMP-TURN,,,,,,,0,0,0,0,0,,,2,PORTLAND HWY SYSTEM,US,26   ,US 26     ,1,02B,293_18791,,0,10/31/19 08:56:29,2,0,0,0,2,2,0,1,0,0,0,0,0,0,0,0,0,0,0,3,3,3,0,0,0,0,0,0,0,0,1,N
1796396,09574,10/18/18 00:00:00,10,18,2018,5,18,6P ,26,Multnomah,245,Portland SE,57,PORTLAND UA    ,14,U PR-ART,1,068,  ,CASCADE HWY NORTH,1,0,MN,0,R,,006800100S00,45,29,48.740000000000000,-122,34,43.430000000000000,45.496872222221333,-122.578730555554667,,,,,02158  ,SE RHINE ST                 ,,05082  ,SE 82ND AVE                 ,,1,,9,4.78999996e+00,35,1,INTER   ,0,1,CROSS  ,0,0,0,,0,,,04,B,ANGL-OTH  ,6,TURN    ,4,INJ,1,CLR ,1,DRY ,2,DLIT,004,STOP SIGN ,1,5,NO RPT,,,,,,,02,NO-YIELD,,,,,,,0,0,0,0,0,,,2,PORTLAND HWY SYSTEM,OR,213  ,OR 213    ,1,02B,293_16866,,0,10/31/19 08:56:30,2,0,0,0,1,1,0,1,0,0,0,0,0,0,0,0,0,0,0,2,2,1,0,1,0,0,0,0,0,0,0,N
1796397,10644,11/17/18 00:00:00,11,17,2018,7,18,6P ,26,Multnomah,245,Portland SE,57,PORTLAND UA    ,17,U MJ-COL,0,,,,,,,,,,,45,31,0.630000000000000,-122,34,8.850000000000000,45.516841666666667,-122.569124999999667,,,,,01591  ,SE MORRISON ST              ,,05092  ,SE 92ND AVE                 ,,1,0,9,,,1,INTER   ,0,1,CROSS  ,0,0,0,,0,,,04,B,ANGL-OTH  ,1,ANGL    ,4,INJ,1,CLR ,1,DRY ,5,DUSK,004,STOP SIGN ,1,3,CITY  ,010,SUB OTRN  ,,,,,03,PAS-STOP,30,SPEED   ,33,RECKLESS,,,0,1,0,1,0,,,1,PORTLAND CITY STREET,,,,1,02B,58_139539,,0,10/31/19 08:56:30,2,0,1,0,2,3,0,0,0,0,0,0,0,0,0,0,0,0,0,3,3,2,0,1,0,0,0,0,0,0,0,N
1796404,10645,11/17/18 00:00:00,11,17,2018,7,18,6P ,26,Multnomah,245,Portland SE,57,PORTLAND UA    ,14,U PR-ART,1,068,  ,CASCADE HWY NORTH,1,0,MN,0,R,,006800100S00,45,29,43.790000000000000,-122,34,43.420000000000000,45.495497222221333,-122.578727777777667,,,,,02126  ,SE RHONE ST                 ,,05082  ,SE 82ND AVE                 ,,1,,5,4.88000011e+00,35,1,INTER   ,0,1,CROSS  ,0,0,0,,0,,,06,C,S-STRGHT  ,5,SS-O    ,4,INJ,1,CLR ,1,DRY ,5,DUSK,090,L-TURN REF,1,3,CITY  ,,,,,,,05,LEFT-CTR,,,,,,,0,0,0,0,1,,,2,PORTLAND HWY SYSTEM,OR,213  ,OR 213    ,1,02B,293_17823,,0,10/31/19 08:56:30,2,0,0,0,2,2,0,1,0,0,0,0,0,0,0,0,0,0,0,3,3,1,0,2,0,0,0,0,0,0,0,N
1796412,09578,10/18/18 00:00:00,10,18,2018,5,07,7A ,26,Multnomah,245,Portland SE,57,PORTLAND UA    ,14,U PR-ART,1,026,  ,MT. HOOD,1,0,MN,0,R,,002600100S00,45,29,38.610000000000000,-122,29,34.990000000000000,45.494058333333333,-122.493052777777333,,,,,01940  ,SE POWELL BLVD              ,,05166  ,SE 166TH AVE                ,,1,,4,9.46000004e+00,35,1,INTER   ,0,3,3-LEG  ,0,0,0,,0,,,06,E,S-1STOP   ,3,REAR    ,4,INJ,1,CLR ,1,DRY ,1,DAY ,004,STOP SIGN ,1,5,NO RPT,,,,,,,27,INATTENT,,,,,,,0,0,0,0,0,,,2,PORTLAND HWY SYSTEM,US,26   ,US 26     ,1,02B,293_19396,,0,10/31/19 08:56:31,2,0,0,0,1,1,0,1,0,0,0,0,0,0,0,0,0,0,0,2,2,2,0,0,0,0,0,0,0,0,0,N
1796423,09581,10/18/18 00:00:00,10,18,2018,5,22,10P,26,Multnomah,245,Portland SE,57,PORTLAND UA    ,17,U MJ-COL,0,,,,,,,,,,,45,31,9.680000000000000,-122,39,27.870000000000000,45.519355555554667,-122.657741666666000,,,,,02210  ,SE SANDY BLVD               ,,02259  ,SE STARK ST                 ,,1,0,3,,,1,INTER   ,0,6,6-LEG  ,0,0,0,,0,,,06,3,PED       ,0,PED     ,4,INJ,1,CLR ,1,DRY ,2,DLIT,001,TRF SIGNAL,1,3,CITY  ,093,CELL PHONE,,,,,32,CARELESS,04,DIS SIG ,27,INATTENT,,,0,0,0,0,0,,,1,PORTLAND CITY STREET,,,,1,02B,58_115179,,0,10/31/19 08:56:33,1,0,0,1,0,1,0,1,1,0,0,1,0,0,0,0,0,0,0,1,2,1,0,0,0,0,0,0,0,0,0,N
1796440,10653,11/17/18 00:00:00,11,17,2018,7,09,9A ,26,Multnomah,245,Portland SE,57,PORTLAND UA    ,14,U PR-ART,1,,,,,,,,,,,45,30,16.510000000000000,-122,29,22.600000000000000,45.504586111111000,-122.489611111110333,,,,,00614  ,SE DIVISION ST              ,,05168  ,SE 168TH AVE                ,,1,0,3,,,1,INTER   ,0,1,CROSS  ,0,0,0,,0,,,05,3,PED       ,0,PED     ,4,INJ,1,CLR ,1,DRY ,1,DAY ,001,TRF SIGNAL,1,3,CITY  ,,,,,,,02,NO-YIELD,,,,,0,0,0,0,0,0,0,,,1,PORTLAND CITY STREET,,,,1,02B,58_501735,,0,10/31/19 08:56:34,1,0,0,1,0,1,0,1,1,0,0,1,0,0,0,0,0,0,0,1,2,1,0,0,0,0,0,0,0,0,0,N
1796443,10667,11/18/18 00:00:00,11,18,2018,1,18,6P ,26,Multnomah,245,Portland SE,57,PORTLAND UA    ,17,U MJ-COL,0,,,,,,,,,,,45,30,17.270000000000000,-122,37,57.380000000000000,45.504797222222000,-122.632605555554667,,,,,00614  ,SE DIVISION ST              ,,05032  ,SE 32ND AVE                 ,,1,0,3,,,1,INTER   ,0,1,CROSS  ,0,0,0,,0,,,06,E,S-1STOP   ,3,REAR    ,4,INJ,0,UNK ,0,UNK ,5,DUSK,099,UNKNOWN   ,1,0,NONE  ,004,INDRCT PED,,,,,29,F AVOID ,,,,,,,0,0,0,0,0,,,1,PORTLAND CITY STREET,,,,1,02B,58_119538,,0,10/31/19 08:56:34,2,0,0,0,1,1,0,1,0,0,0,0,0,0,0,0,0,0,0,2,2,0,0,2,0,0,0,0,0,0,0,N
1796452,10670,11/18/18 00:00:00,11,18,2018,1,19,7P ,26,Multnomah,245,Portland SE,57,PORTLAND UA    ,17,U MJ-COL,0,,,,,,,,,,,45,31,9.340000000000000,-122,36,8.540000000000000,45.519261111110667,-122.602372222222000,,,,,02259  ,SE STARK ST                 ,,05060  ,SE 60TH AVE                 ,,1,0,9,,,1,INTER   ,0,4,4-LEG  ,0,0,0,,0,,,02,H,O-1 L-TURN,6,TURN    ,4,INJ,1,CLR ,1,DRY ,2,DLIT,001,TRF SIGNAL,1,5,NO RPT,,,,,,,02,NO-YIELD,,,,,,,0,0,0,0,0,,,1,PORTLAND CITY STREET,,,,1,02B,58_115420,,0,10/31/19 08:56:35,2,0,0,0,2,2,0,1,0,0,0,0,0,0,0,0,0,0,0,3,3,2,0,1,0,0,0,0,0,0,1,N
1796469,09598,10/19/18 00:00:00,10,19,2018,6,18,6P ,26,Multnomah,245,Portland SE,57,PORTLAND UA    ,16,U MN-ART,0,,,,,,,,,,,45,28,34.270000000000000,-122,32,53.290000000000000,45.476186111110667,-122.548136111110333,,,,,00824  ,SE FOSTER RD                ,,05111  ,SE 111TH AVE                ,,1,303,3,,,3,STRGHT  ,0,,,1,0,0,4,,0,NONE ,08,E,S-1STOP   ,3,REAR    ,4,INJ,1,CLR ,1,DRY ,2,DLIT,092,EMR SGN/FL,1,5,NO RPT,,,,,,,29,F AVOID ,,,,,,,0,0,0,0,0,,,1,PORTLAND CITY STREET,,,,1,02C,58_194396,,0,10/31/19 08:56:37,2,0,0,0,2,2,0,1,0,0,0,0,0,0,0,0,0,0,0,3,3,2,0,1,0,0,0,0,0,0,0,N
1796471,10681,11/18/18 00:00:00,11,18,2018,1,03,3A ,26,Multnomah,245,Portland SE,57,PORTLAND UA    ,11,U INTRST,1,064,  ,EAST PORTLAND FREEWAY,1,6,CN,0,R,1,0064BS100S00,45,29,50.180000000000000,-122,33,52.840000000000000,45.497272222221333,-122.564677777777000,,,,,01940  ,SE POWELL BLVD              ,,09714  ,NB EX POWELL BVD C1         ,,1,,9,1.91100006e+01,,1,INTER   ,0,1,CROSS  ,0,0,0,,0,,,04,B,ANGL-OTH  ,1,ANGL    ,4,INJ,1,CLR ,1,DRY ,2,DLIT,001,TRF SIGNAL,1,5,NO RPT,,,,,,,02,NO-YIELD,04,DIS SIG ,,,,,0,0,0,0,0,,,2,PORTLAND HWY SYSTEM,IS,205  ,I-205     ,1,02B,293_25906,,0,10/31/19 08:56:38,2,0,0,0,1,1,0,1,0,0,0,0,0,0,0,0,0,0,0,2,2,1,0,1,0,0,0,0,0,0,0,N
1796559,09610,10/19/18 00:00:00,10,19,2018,6,12,12P,26,Multnomah,245,Portland SE,57,PORTLAND UA    ,14,U PR-ART,1,026,  ,MT. HOOD,1,0,MN,0,R,,002600100S00,45,29,50.430000000000000,-122,37,21.370000000000000,45.497341666666333,-122.622602777777667,,,,,01940  ,SE POWELL BLVD              ,,05039  ,SE 39TH AV/CESAR CHAVEZ     ,,1,,9,2.91000009e+00,35,1,INTER   ,0,1,CROSS  ,0,0,0,,0,,,04,B,ANGL-OTH  ,1,ANGL    ,4,INJ,1,CLR ,1,DRY ,1,DAY ,092,EMR SGN/FL,1,3,CITY  ,108,OFFICER   ,,,,,02,NO-YIELD,,,,,0,0,0,0,0,0,0,9,"Over 200,000",2,PORTLAND HWY SYSTEM,US,26   ,US 26     ,1,02B,293_19721,,0,11/04/19 08:39:43,2,0,0,0,3,3,0,0,0,0,0,0,0,0,0,0,0,0,0,3,3,2,0,1,0,0,0,0,0,0,0,N
1796564,10686,11/19/18 00:00:00,11,19,2018,2,18,6P ,26,Multnomah,245,Portland SE,57,PORTLAND UA    ,16,U MN-ART,0,,,,,,,,,,,45,31,8.320000000000000,-122,32,49.050000000000000,45.518977777777667,-122.546958333333333,,,,,02259  ,SE STARK ST                 ,,05113  ,SE 113TH AVE                ,,1,0,1,,,1,INTER   ,0,4,4-LEG  ,0,0,0,,0,,,06,B,ANGL-OTH  ,6,TURN    ,4,INJ,1,CLR ,1,DRY ,5,DUSK,099,UNKNOWN   ,1,3,CITY  ,,,,,,,03,PAS-STOP,33,RECKLESS,,,0,0,1,0,0,0,0,9,"Over 200,000",1,PORTLAND CITY STREET,,,,1,02B,58_115784,,0,11/04/19 08:39:43,3,0,0,1,1,2,0,1,0,0,0,0,0,0,0,0,0,0,0,3,3,3,0,0,0,0,0,0,0,0,0,N
1796567,09620,10/19/18 00:00:00,10,19,2018,6,16,4P ,26,Multnomah,245,Portland SE,57,PORTLAND UA    ,16,U MN-ART,0,,,,,,,,,,,45,31,8.500000000000000,-122,32,13.280000000000000,45.519027777777667,-122.537022222221333,,,,,02259  ,SE STARK ST                 ,,05122  ,SE 122ND AVE                ,,1,160,3,,,2,ALLEY   ,0,,,0,0,0,4,,0,NONE ,07,H,O-1 L-TURN,6,TURN    ,4,INJ,1,CLR ,1,DRY ,1,DAY ,099,UNKNOWN   ,1,5,NO RPT,,,,,,,02,NO-YIELD,,,,,,,0,0,0,0,0,9,"Over 200,000",1,PORTLAND CITY STREET,,,,1,02B,58_115806,,0,11/04/19 08:39:44,2,0,0,0,1,1,0,1,0,0,0,0,0,0,0,0,0,0,0,2,2,1,0,1,0,0,0,0,0,0,0,N
1796580,09628,10/20/18 00:00:00,10,20,2018,7,15,3P ,26,Multnomah,245,Portland SE,57,PORTLAND UA    ,17,U MJ-COL,0,,,,,,,,,,,45,29,23.230000000000000,-122,33,20.740000000000000,45.489786111110333,-122.555761111111000,,,,,01055  ,SE HOLGATE BLVD             ,,05104  ,SE 104TH AVE                ,,1,0,3,,,1,INTER   ,0,1,CROSS  ,0,0,0,,0,,,06,E,S-1STOP   ,3,REAR    ,4,INJ,1,CLR ,1,DRY ,1,DAY ,001,TRF SIGNAL,1,0,NONE  ,013,FORCED    ,,,,,29,F AVOID ,,,,,,,0,0,0,0,0,9,"Over 200,000",1,PORTLAND CITY STREET,,,,1,02C,58_124703,,0,11/04/19 08:39:45,3,0,0,0,2,2,0,1,0,0,0,0,0,0,0,0,0,0,0,3,3,2,0,1,0,0,0,0,0,0,0,N
1796589,10690,11/19/18 00:00:00,11,19,2018,2,13,1P ,26,Multnomah,245,Portland SE,57,PORTLAND UA    ,16,U MN-ART,0,,,,,,,,,,,45,31,8.580000000000000,-122,33,32.860000000000000,45.519049999999667,-122.559127777777000,,,,,02259  ,SE STARK ST                 ,,05102  ,SE 102ND AVE                ,,1,150,7,,,3,STRGHT  ,0,,,0,0,0,4,,0,NONE ,08,C,S-STRGHT  ,5,SS-O    ,4,INJ,1,CLR ,1,DRY ,1,DAY ,015,ONE-WAY   ,1,0,NONE  ,,,,,,,13,IMP LN C,,,,,,,0,0,0,0,0,9,"Over 200,000",1,PORTLAND CITY STREET,,,,1,02B,58_115679,,0,11/04/19 08:39:46,2,0,0,0,1,1,0,2,0,0,0,0,0,0,0,0,0,0,0,3,3,2,0,1,0,0,0,0,0,0,0,N
1796622,10698,11/19/18 00:00:00,11,19,2018,2,20,8P ,26,Multnomah,245,Portland SE,57,PORTLAND UA    ,14,U PR-ART,1,026,  ,MT. HOOD,1,0,MN,0,R,,002600100S00,45,29,50.780000000000000,-122,35,20.820000000000000,45.497438888888333,-122.589116666666333,,,,,01940  ,SE POWELL BLVD              ,,05072  ,SE 72ND AVE                 ,,1,,7,4.53999996e+00,35,1,INTER   ,0,3,3-LEG  ,0,0,0,,0,,,06,E,S-1STOP   ,3,REAR    ,4,INJ,1,CLR ,1,DRY ,2,DLIT,001,TRF SIGNAL,1,0,NONE  ,,,,,,,29,F AVOID ,,,,,,,0,0,0,0,0,9,"Over 200,000",2,PORTLAND HWY SYSTEM,US,26   ,US 26     ,1,02B,293_19988,,0,11/04/19 08:39:51,2,0,0,0,1,1,0,2,0,0,0,0,0,0,0,0,0,0,0,3,3,3,0,0,0,0,0,0,0,0,0,N